<?xml version="1.0" encoding="UTF-8"?>
<gpx creator="Garmin Connect" version="1.1"
  xsi:schemaLocation="http://www.topografix.com/GPX/1/1 http://www.topografix.com/GPX/11.xsd"
  xmlns:ns3="http://www.garmin.com/xmlschemas/TrackPointExtension/v1"
  xmlns="http://www.topografix.com/GPX/1/1"
  xmlns:xsi="http://www.w3.org/2001/XMLSchema-instance" xmlns:ns2="http://www.garmin.com/xmlschemas/GpxExtensions/v3">
  <metadata>
    <link href="connect.garmin.com">
      <text>Garmin Connect</text>
    </link>
    <time>2026-09-26T23:45:31.000Z</time>
  </metadata>
  <trk>
    <name>Haidian Run</name>
    <type>running</type>
    <trkseg>
      <trkpt lat="39.8983273096382617950439453125" lon="116.319645009934902191162109375">
        <ele>53</ele>
        <time>2026-09-26T23:45:31.000Z</time>
        <extensions>
          <ns3:TrackPointExtension>
            <ns3:atemp>31.0</ns3:atemp>
            <ns3:hr>78</ns3:hr>
            <ns3:cad>0</ns3:cad>
          </ns3:TrackPointExtension>
        </extensions>
      </trkpt>
      <trkpt lat="39.8983185924589633941650390625" lon="116.31962162442505359649658203125">
        <ele>53</ele>
        <time>2026-09-26T23:45:32.000Z</time>
        <extensions>
          <ns3:TrackPointExtension>
            <ns3:atemp>31.0</ns3:atemp>
            <ns3:hr>78</ns3:hr>
            <ns3:cad>0</ns3:cad>
          </ns3:TrackPointExtension>
        </extensions>
      </trkpt>
      <trkpt lat="39.898309372365474700927734375" lon="116.319596059620380401611328125">
        <ele>53</ele>
        <time>2026-09-26T23:45:33.000Z</time>
        <extensions>
          <ns3:TrackPointExtension>
            <ns3:atemp>31.0</ns3:atemp>
            <ns3:hr>78</ns3:hr>
            <ns3:cad>0</ns3:cad>
          </ns3:TrackPointExtension>
        </extensions>
      </trkpt>
      <trkpt lat="39.8983092047274112701416015625" lon="116.31956680677831172943115234375">
        <ele>52.799999237060546875</ele>
        <time>2026-09-26T23:45:34.000Z</time>
        <extensions>
          <ns3:TrackPointExtension>
            <ns3:atemp>31.0</ns3:atemp>
            <ns3:hr>79</ns3:hr>
            <ns3:cad>0</ns3:cad>
          </ns3:TrackPointExtension>
        </extensions>
      </trkpt>
      <trkpt lat="39.8983028344810009002685546875" lon="116.31953872740268707275390625">
        <ele>52.799999237060546875</ele>
        <time>2026-09-26T23:45:35.000Z</time>
        <extensions>
          <ns3:TrackPointExtension>
            <ns3:atemp>31.0</ns3:atemp>
            <ns3:hr>78</ns3:hr>
            <ns3:cad>93</ns3:cad>
          </ns3:TrackPointExtension>
        </extensions>
      </trkpt>
      <trkpt lat="39.8983078636229038238525390625" lon="116.3195107318460941314697265625">
        <ele>52.799999237060546875</ele>
        <time>2026-09-26T23:45:36.000Z</time>
        <extensions>
          <ns3:TrackPointExtension>
            <ns3:atemp>31.0</ns3:atemp>
            <ns3:hr>78</ns3:hr>
            <ns3:cad>93</ns3:cad>
          </ns3:TrackPointExtension>
        </extensions>
      </trkpt>
      <trkpt lat="39.8983145691454410552978515625" lon="116.31948047317564487457275390625">
        <ele>52.799999237060546875</ele>
        <time>2026-09-26T23:45:37.000Z</time>
        <extensions>
          <ns3:TrackPointExtension>
            <ns3:atemp>31.0</ns3:atemp>
            <ns3:hr>78</ns3:hr>
            <ns3:cad>90</ns3:cad>
          </ns3:TrackPointExtension>
        </extensions>
      </trkpt>
      <trkpt lat="39.89833577536046504974365234375" lon="116.31944711320102214813232421875">
        <ele>53</ele>
        <time>2026-09-26T23:45:38.000Z</time>
        <extensions>
          <ns3:TrackPointExtension>
            <ns3:atemp>31.0</ns3:atemp>
            <ns3:hr>80</ns3:hr>
            <ns3:cad>89</ns3:cad>
          </ns3:TrackPointExtension>
        </extensions>
      </trkpt>
      <trkpt lat="39.89834499545395374298095703125" lon="116.3194171898066997528076171875">
        <ele>53</ele>
        <time>2026-09-26T23:45:39.000Z</time>
        <extensions>
          <ns3:TrackPointExtension>
            <ns3:atemp>31.0</ns3:atemp>
            <ns3:hr>82</ns3:hr>
            <ns3:cad>89</ns3:cad>
          </ns3:TrackPointExtension>
        </extensions>
      </trkpt>
      <trkpt lat="39.89834952168166637420654296875" lon="116.31938592530786991119384765625">
        <ele>53</ele>
        <time>2026-09-26T23:45:40.000Z</time>
        <extensions>
          <ns3:TrackPointExtension>
            <ns3:atemp>31.0</ns3:atemp>
            <ns3:hr>85</ns3:hr>
            <ns3:cad>88</ns3:cad>
          </ns3:TrackPointExtension>
        </extensions>
      </trkpt>
      <trkpt lat="39.89835103042423725128173828125" lon="116.31935994140803813934326171875">
        <ele>53</ele>
        <time>2026-09-26T23:45:41.000Z</time>
        <extensions>
          <ns3:TrackPointExtension>
            <ns3:atemp>31.0</ns3:atemp>
            <ns3:hr>87</ns3:hr>
            <ns3:cad>88</ns3:cad>
          </ns3:TrackPointExtension>
        </extensions>
      </trkpt>
      <trkpt lat="39.8983504436910152435302734375" lon="116.31933261640369892120361328125">
        <ele>53</ele>
        <time>2026-09-26T23:45:42.000Z</time>
        <extensions>
          <ns3:TrackPointExtension>
            <ns3:atemp>31.0</ns3:atemp>
            <ns3:hr>89</ns3:hr>
            <ns3:cad>88</ns3:cad>
          </ns3:TrackPointExtension>
        </extensions>
      </trkpt>
      <trkpt lat="39.89834382198750972747802734375" lon="116.3193065486848354339599609375">
        <ele>53</ele>
        <time>2026-09-26T23:45:43.000Z</time>
        <extensions>
          <ns3:TrackPointExtension>
            <ns3:atemp>31.0</ns3:atemp>
            <ns3:hr>90</ns3:hr>
            <ns3:cad>89</ns3:cad>
          </ns3:TrackPointExtension>
        </extensions>
      </trkpt>
      <trkpt lat="39.8983373679220676422119140625" lon="116.31928064860403537750244140625">
        <ele>53.200000762939453125</ele>
        <time>2026-09-26T23:45:44.000Z</time>
        <extensions>
          <ns3:TrackPointExtension>
            <ns3:atemp>31.0</ns3:atemp>
            <ns3:hr>91</ns3:hr>
            <ns3:cad>89</ns3:cad>
          </ns3:TrackPointExtension>
        </extensions>
      </trkpt>
      <trkpt lat="39.8983351886272430419921875" lon="116.31926036439836025238037109375">
        <ele>53.200000762939453125</ele>
        <time>2026-09-26T23:45:45.000Z</time>
        <extensions>
          <ns3:TrackPointExtension>
            <ns3:atemp>31.0</ns3:atemp>
            <ns3:hr>92</ns3:hr>
            <ns3:cad>89</ns3:cad>
          </ns3:TrackPointExtension>
        </extensions>
      </trkpt>
      <trkpt lat="39.89832387305796146392822265625" lon="116.31924209184944629669189453125">
        <ele>53.200000762939453125</ele>
        <time>2026-09-26T23:45:46.000Z</time>
        <extensions>
          <ns3:TrackPointExtension>
            <ns3:atemp>31.0</ns3:atemp>
            <ns3:hr>92</ns3:hr>
            <ns3:cad>89</ns3:cad>
          </ns3:TrackPointExtension>
        </extensions>
      </trkpt>
      <trkpt lat="39.89831012673676013946533203125" lon="116.31921258755028247833251953125">
        <ele>53.200000762939453125</ele>
        <time>2026-09-26T23:45:47.000Z</time>
        <extensions>
          <ns3:TrackPointExtension>
            <ns3:atemp>31.0</ns3:atemp>
            <ns3:hr>92</ns3:hr>
            <ns3:cad>89</ns3:cad>
          </ns3:TrackPointExtension>
        </extensions>
      </trkpt>
      <trkpt lat="39.898306019604206085205078125" lon="116.31918593309819698333740234375">
        <ele>53.200000762939453125</ele>
        <time>2026-09-26T23:45:48.000Z</time>
        <extensions>
          <ns3:TrackPointExtension>
            <ns3:atemp>31.0</ns3:atemp>
            <ns3:hr>92</ns3:hr>
            <ns3:cad>89</ns3:cad>
          </ns3:TrackPointExtension>
        </extensions>
      </trkpt>
      <trkpt lat="39.89830627106130123138427734375" lon="116.3191684149205684661865234375">
        <ele>53.200000762939453125</ele>
        <time>2026-09-26T23:45:49.000Z</time>
        <extensions>
          <ns3:TrackPointExtension>
            <ns3:atemp>31.0</ns3:atemp>
            <ns3:hr>92</ns3:hr>
            <ns3:cad>88</ns3:cad>
          </ns3:TrackPointExtension>
        </extensions>
      </trkpt>
      <trkpt lat="39.89831113256514072418212890625" lon="116.319140754640102386474609375">
        <ele>53.200000762939453125</ele>
        <time>2026-09-26T23:45:50.000Z</time>
        <extensions>
          <ns3:TrackPointExtension>
            <ns3:atemp>31.0</ns3:atemp>
            <ns3:hr>92</ns3:hr>
            <ns3:cad>88</ns3:cad>
          </ns3:TrackPointExtension>
        </extensions>
      </trkpt>
      <trkpt lat="39.8983138985931873321533203125" lon="116.3191177882254123687744140625">
        <ele>53.200000762939453125</ele>
        <time>2026-09-26T23:45:51.000Z</time>
        <extensions>
          <ns3:TrackPointExtension>
            <ns3:atemp>31.0</ns3:atemp>
            <ns3:hr>92</ns3:hr>
            <ns3:cad>88</ns3:cad>
          </ns3:TrackPointExtension>
        </extensions>
      </trkpt>
      <trkpt lat="39.898312725126743316650390625" lon="116.3190896250307559967041015625">
        <ele>53.200000762939453125</ele>
        <time>2026-09-26T23:45:52.000Z</time>
        <extensions>
          <ns3:TrackPointExtension>
            <ns3:atemp>31.0</ns3:atemp>
            <ns3:hr>93</ns3:hr>
            <ns3:cad>87</ns3:cad>
          </ns3:TrackPointExtension>
        </extensions>
      </trkpt>
      <trkpt lat="39.89831440150737762451171875" lon="116.31906338967382907867431640625">
        <ele>53.200000762939453125</ele>
        <time>2026-09-26T23:45:53.000Z</time>
        <extensions>
          <ns3:TrackPointExtension>
            <ns3:atemp>31.0</ns3:atemp>
            <ns3:hr>92</ns3:hr>
            <ns3:cad>87</ns3:cad>
          </ns3:TrackPointExtension>
        </extensions>
      </trkpt>
      <trkpt lat="39.89832722581923007965087890625" lon="116.31903153844177722930908203125">
        <ele>53.40000152587890625</ele>
        <time>2026-09-26T23:45:54.000Z</time>
        <extensions>
          <ns3:TrackPointExtension>
            <ns3:atemp>31.0</ns3:atemp>
            <ns3:hr>92</ns3:hr>
            <ns3:cad>87</ns3:cad>
          </ns3:TrackPointExtension>
        </extensions>
      </trkpt>
      <trkpt lat="39.8983346857130527496337890625" lon="116.319007314741611480712890625">
        <ele>53.40000152587890625</ele>
        <time>2026-09-26T23:45:55.000Z</time>
        <extensions>
          <ns3:TrackPointExtension>
            <ns3:atemp>31.0</ns3:atemp>
            <ns3:hr>93</ns3:hr>
            <ns3:cad>88</ns3:cad>
          </ns3:TrackPointExtension>
        </extensions>
      </trkpt>
      <trkpt lat="39.89833426661789417266845703125" lon="116.3189783133566379547119140625">
        <ele>53.40000152587890625</ele>
        <time>2026-09-26T23:45:56.000Z</time>
        <extensions>
          <ns3:TrackPointExtension>
            <ns3:atemp>31.0</ns3:atemp>
            <ns3:hr>93</ns3:hr>
            <ns3:cad>88</ns3:cad>
          </ns3:TrackPointExtension>
        </extensions>
      </trkpt>
      <trkpt lat="39.8983323387801647186279296875" lon="116.31894838996231555938720703125">
        <ele>53.40000152587890625</ele>
        <time>2026-09-26T23:45:57.000Z</time>
        <extensions>
          <ns3:TrackPointExtension>
            <ns3:atemp>31.0</ns3:atemp>
            <ns3:hr>93</ns3:hr>
            <ns3:cad>88</ns3:cad>
          </ns3:TrackPointExtension>
        </extensions>
      </trkpt>
      <trkpt lat="39.89833091385662555694580078125" lon="116.3189186342060565948486328125">
        <ele>53.40000152587890625</ele>
        <time>2026-09-26T23:45:58.000Z</time>
        <extensions>
          <ns3:TrackPointExtension>
            <ns3:atemp>31.0</ns3:atemp>
            <ns3:hr>92</ns3:hr>
            <ns3:cad>88</ns3:cad>
          </ns3:TrackPointExtension>
        </extensions>
      </trkpt>
      <trkpt lat="39.8983333446085453033447265625" lon="116.31887613795697689056396484375">
        <ele>53.40000152587890625</ele>
        <time>2026-09-26T23:45:59.000Z</time>
        <extensions>
          <ns3:TrackPointExtension>
            <ns3:atemp>31.0</ns3:atemp>
            <ns3:hr>92</ns3:hr>
            <ns3:cad>88</ns3:cad>
          </ns3:TrackPointExtension>
        </extensions>
      </trkpt>
      <trkpt lat="39.89833183586597442626953125" lon="116.3188408501446247100830078125">
        <ele>53.40000152587890625</ele>
        <time>2026-09-26T23:46:00.000Z</time>
        <extensions>
          <ns3:TrackPointExtension>
            <ns3:atemp>31.0</ns3:atemp>
            <ns3:hr>92</ns3:hr>
            <ns3:cad>88</ns3:cad>
          </ns3:TrackPointExtension>
        </extensions>
      </trkpt>
      <trkpt lat="39.898326136171817779541015625" lon="116.31881696172058582305908203125">
        <ele>53.40000152587890625</ele>
        <time>2026-09-26T23:46:01.000Z</time>
        <extensions>
          <ns3:TrackPointExtension>
            <ns3:atemp>31.0</ns3:atemp>
            <ns3:hr>92</ns3:hr>
            <ns3:cad>88</ns3:cad>
          </ns3:TrackPointExtension>
        </extensions>
      </trkpt>
      <trkpt lat="39.89832152612507343292236328125" lon="116.318790726363658905029296875">
        <ele>53.40000152587890625</ele>
        <time>2026-09-26T23:46:02.000Z</time>
        <extensions>
          <ns3:TrackPointExtension>
            <ns3:atemp>31.0</ns3:atemp>
            <ns3:hr>92</ns3:hr>
            <ns3:cad>88</ns3:cad>
          </ns3:TrackPointExtension>
        </extensions>
      </trkpt>
      <trkpt lat="39.89830928854644298553466796875" lon="116.31876759231090545654296875">
        <ele>53.59999847412109375</ele>
        <time>2026-09-26T23:46:03.000Z</time>
        <extensions>
          <ns3:TrackPointExtension>
            <ns3:atemp>31.0</ns3:atemp>
            <ns3:hr>92</ns3:hr>
            <ns3:cad>87</ns3:cad>
          </ns3:TrackPointExtension>
        </extensions>
      </trkpt>
      <trkpt lat="39.89830627106130123138427734375" lon="116.31874144077301025390625">
        <ele>53.59999847412109375</ele>
        <time>2026-09-26T23:46:04.000Z</time>
        <extensions>
          <ns3:TrackPointExtension>
            <ns3:atemp>31.0</ns3:atemp>
            <ns3:hr>92</ns3:hr>
            <ns3:cad>87</ns3:cad>
          </ns3:TrackPointExtension>
        </extensions>
      </trkpt>
      <trkpt lat="39.89830627106130123138427734375" lon="116.31871285848319530487060546875">
        <ele>53.59999847412109375</ele>
        <time>2026-09-26T23:46:05.000Z</time>
        <extensions>
          <ns3:TrackPointExtension>
            <ns3:atemp>31.0</ns3:atemp>
            <ns3:hr>93</ns3:hr>
            <ns3:cad>87</ns3:cad>
          </ns3:TrackPointExtension>
        </extensions>
      </trkpt>
      <trkpt lat="39.89830945618450641632080078125" lon="116.3186819292604923248291015625">
        <ele>53.59999847412109375</ele>
        <time>2026-09-26T23:46:06.000Z</time>
        <extensions>
          <ns3:TrackPointExtension>
            <ns3:atemp>31.0</ns3:atemp>
            <ns3:hr>94</ns3:hr>
            <ns3:cad>87</ns3:cad>
          </ns3:TrackPointExtension>
        </extensions>
      </trkpt>
      <trkpt lat="39.89830308593809604644775390625" lon="116.3186554424464702606201171875">
        <ele>53.59999847412109375</ele>
        <time>2026-09-26T23:46:07.000Z</time>
        <extensions>
          <ns3:TrackPointExtension>
            <ns3:atemp>30.0</ns3:atemp>
            <ns3:hr>95</ns3:hr>
            <ns3:cad>87</ns3:cad>
          </ns3:TrackPointExtension>
        </extensions>
      </trkpt>
      <trkpt lat="39.898296296596527099609375" lon="116.31863356567919254302978515625">
        <ele>53.59999847412109375</ele>
        <time>2026-09-26T23:46:08.000Z</time>
        <extensions>
          <ns3:TrackPointExtension>
            <ns3:atemp>30.0</ns3:atemp>
            <ns3:hr>96</ns3:hr>
            <ns3:cad>87</ns3:cad>
          </ns3:TrackPointExtension>
        </extensions>
      </trkpt>
      <trkpt lat="39.89829855971038341522216796875" lon="116.318610012531280517578125">
        <ele>53.59999847412109375</ele>
        <time>2026-09-26T23:46:09.000Z</time>
        <extensions>
          <ns3:TrackPointExtension>
            <ns3:atemp>30.0</ns3:atemp>
            <ns3:hr>96</ns3:hr>
            <ns3:cad>87</ns3:cad>
          </ns3:TrackPointExtension>
        </extensions>
      </trkpt>
      <trkpt lat="39.8982998169958591461181640625" lon="116.318593919277191162109375">
        <ele>53.59999847412109375</ele>
        <time>2026-09-26T23:46:10.000Z</time>
        <extensions>
          <ns3:TrackPointExtension>
            <ns3:atemp>30.0</ns3:atemp>
            <ns3:hr>97</ns3:hr>
            <ns3:cad>87</ns3:cad>
          </ns3:TrackPointExtension>
        </extensions>
      </trkpt>
      <trkpt lat="39.89830526523292064666748046875" lon="116.31857221014797687530517578125">
        <ele>53.59999847412109375</ele>
        <time>2026-09-26T23:46:11.000Z</time>
        <extensions>
          <ns3:TrackPointExtension>
            <ns3:atemp>30.0</ns3:atemp>
            <ns3:hr>97</ns3:hr>
            <ns3:cad>87</ns3:cad>
          </ns3:TrackPointExtension>
        </extensions>
      </trkpt>
      <trkpt lat="39.89830903708934783935546875" lon="116.318546645343303680419921875">
        <ele>53.59999847412109375</ele>
        <time>2026-09-26T23:46:12.000Z</time>
        <extensions>
          <ns3:TrackPointExtension>
            <ns3:atemp>30.0</ns3:atemp>
            <ns3:hr>98</ns3:hr>
            <ns3:cad>87</ns3:cad>
          </ns3:TrackPointExtension>
        </extensions>
      </trkpt>
      <trkpt lat="39.89831398241221904754638671875" lon="116.31852191872894763946533203125">
        <ele>53.799999237060546875</ele>
        <time>2026-09-26T23:46:13.000Z</time>
        <extensions>
          <ns3:TrackPointExtension>
            <ns3:atemp>30.0</ns3:atemp>
            <ns3:hr>105</ns3:hr>
            <ns3:cad>87</ns3:cad>
          </ns3:TrackPointExtension>
        </extensions>
      </trkpt>
      <trkpt lat="39.89831817336380481719970703125" lon="116.31849132478237152099609375">
        <ele>53.799999237060546875</ele>
        <time>2026-09-26T23:46:14.000Z</time>
        <extensions>
          <ns3:TrackPointExtension>
            <ns3:atemp>30.0</ns3:atemp>
            <ns3:hr>108</ns3:hr>
            <ns3:cad>87</ns3:cad>
          </ns3:TrackPointExtension>
        </extensions>
      </trkpt>
      <trkpt lat="39.89831574261188507080078125" lon="116.31846525706350803375244140625">
        <ele>53.799999237060546875</ele>
        <time>2026-09-26T23:46:15.000Z</time>
        <extensions>
          <ns3:TrackPointExtension>
            <ns3:atemp>30.0</ns3:atemp>
            <ns3:hr>110</ns3:hr>
            <ns3:cad>87</ns3:cad>
          </ns3:TrackPointExtension>
        </extensions>
      </trkpt>
      <trkpt lat="39.89831264130771160125732421875" lon="116.31843323819339275360107421875">
        <ele>53.799999237060546875</ele>
        <time>2026-09-26T23:46:16.000Z</time>
        <extensions>
          <ns3:TrackPointExtension>
            <ns3:atemp>30.0</ns3:atemp>
            <ns3:hr>111</ns3:hr>
            <ns3:cad>87</ns3:cad>
          </ns3:TrackPointExtension>
        </extensions>
      </trkpt>
      <trkpt lat="39.8983108811080455780029296875" lon="116.31840138696134090423583984375">
        <ele>53.799999237060546875</ele>
        <time>2026-09-26T23:46:17.000Z</time>
        <extensions>
          <ns3:TrackPointExtension>
            <ns3:atemp>30.0</ns3:atemp>
            <ns3:hr>112</ns3:hr>
            <ns3:cad>87</ns3:cad>
          </ns3:TrackPointExtension>
        </extensions>
      </trkpt>
      <trkpt lat="39.89831171929836273193359375" lon="116.31836752407252788543701171875">
        <ele>53.799999237060546875</ele>
        <time>2026-09-26T23:46:18.000Z</time>
        <extensions>
          <ns3:TrackPointExtension>
            <ns3:atemp>30.0</ns3:atemp>
            <ns3:hr>112</ns3:hr>
            <ns3:cad>87</ns3:cad>
          </ns3:TrackPointExtension>
        </extensions>
      </trkpt>
      <trkpt lat="39.89831440150737762451171875" lon="116.31833232007920742034912109375">
        <ele>53.799999237060546875</ele>
        <time>2026-09-26T23:46:19.000Z</time>
        <extensions>
          <ns3:TrackPointExtension>
            <ns3:atemp>30.0</ns3:atemp>
            <ns3:hr>113</ns3:hr>
            <ns3:cad>87</ns3:cad>
          </ns3:TrackPointExtension>
        </extensions>
      </trkpt>
      <trkpt lat="39.898314736783504486083984375" lon="116.31830415688455104827880859375">
        <ele>53.799999237060546875</ele>
        <time>2026-09-26T23:46:20.000Z</time>
        <extensions>
          <ns3:TrackPointExtension>
            <ns3:atemp>30.0</ns3:atemp>
            <ns3:hr>114</ns3:hr>
            <ns3:cad>87</ns3:cad>
          </ns3:TrackPointExtension>
        </extensions>
      </trkpt>
      <trkpt lat="39.8983048461377620697021484375" lon="116.3182792626321315765380859375">
        <ele>53.799999237060546875</ele>
        <time>2026-09-26T23:46:21.000Z</time>
        <extensions>
          <ns3:TrackPointExtension>
            <ns3:atemp>30.0</ns3:atemp>
            <ns3:hr>114</ns3:hr>
            <ns3:cad>87</ns3:cad>
          </ns3:TrackPointExtension>
        </extensions>
      </trkpt>
      <trkpt lat="39.89829688332974910736083984375" lon="116.31825285963714122772216796875">
        <ele>53.799999237060546875</ele>
        <time>2026-09-26T23:46:22.000Z</time>
        <extensions>
          <ns3:TrackPointExtension>
            <ns3:atemp>30.0</ns3:atemp>
            <ns3:hr>114</ns3:hr>
            <ns3:cad>87</ns3:cad>
          </ns3:TrackPointExtension>
        </extensions>
      </trkpt>
      <trkpt lat="39.89828498102724552154541015625" lon="116.31822712719440460205078125">
        <ele>53.799999237060546875</ele>
        <time>2026-09-26T23:46:23.000Z</time>
        <extensions>
          <ns3:TrackPointExtension>
            <ns3:atemp>30.0</ns3:atemp>
            <ns3:hr>114</ns3:hr>
            <ns3:cad>87</ns3:cad>
          </ns3:TrackPointExtension>
        </extensions>
      </trkpt>
      <trkpt lat="39.8982880823314189910888671875" lon="116.3181998021900653839111328125">
        <ele>53.799999237060546875</ele>
        <time>2026-09-26T23:46:24.000Z</time>
        <extensions>
          <ns3:TrackPointExtension>
            <ns3:atemp>30.0</ns3:atemp>
            <ns3:hr>114</ns3:hr>
            <ns3:cad>87</ns3:cad>
          </ns3:TrackPointExtension>
        </extensions>
      </trkpt>
      <trkpt lat="39.89829562604427337646484375" lon="116.3181672804057598114013671875">
        <ele>53.799999237060546875</ele>
        <time>2026-09-26T23:46:25.000Z</time>
        <extensions>
          <ns3:TrackPointExtension>
            <ns3:atemp>30.0</ns3:atemp>
            <ns3:hr>114</ns3:hr>
            <ns3:cad>87</ns3:cad>
          </ns3:TrackPointExtension>
        </extensions>
      </trkpt>
      <trkpt lat="39.898301661014556884765625" lon="116.318132914602756500244140625">
        <ele>53.59999847412109375</ele>
        <time>2026-09-26T23:46:26.000Z</time>
        <extensions>
          <ns3:TrackPointExtension>
            <ns3:atemp>30.0</ns3:atemp>
            <ns3:hr>115</ns3:hr>
            <ns3:cad>87</ns3:cad>
          </ns3:TrackPointExtension>
        </extensions>
      </trkpt>
      <trkpt lat="39.8983058519661426544189453125" lon="116.31810768507421016693115234375">
        <ele>53.59999847412109375</ele>
        <time>2026-09-26T23:46:27.000Z</time>
        <extensions>
          <ns3:TrackPointExtension>
            <ns3:atemp>30.0</ns3:atemp>
            <ns3:hr>115</ns3:hr>
            <ns3:cad>87</ns3:cad>
          </ns3:TrackPointExtension>
        </extensions>
      </trkpt>
      <trkpt lat="39.898302666842937469482421875" lon="116.31807533092796802520751953125">
        <ele>53.59999847412109375</ele>
        <time>2026-09-26T23:46:28.000Z</time>
        <extensions>
          <ns3:TrackPointExtension>
            <ns3:atemp>30.0</ns3:atemp>
            <ns3:hr>114</ns3:hr>
            <ns3:cad>87</ns3:cad>
          </ns3:TrackPointExtension>
        </extensions>
      </trkpt>
      <trkpt lat="39.89829721860587596893310546875" lon="116.31805018521845340728759765625">
        <ele>53.40000152587890625</ele>
        <time>2026-09-26T23:46:29.000Z</time>
        <extensions>
          <ns3:TrackPointExtension>
            <ns3:atemp>30.0</ns3:atemp>
            <ns3:hr>114</ns3:hr>
            <ns3:cad>87</ns3:cad>
          </ns3:TrackPointExtension>
        </extensions>
      </trkpt>
      <trkpt lat="39.898286573588848114013671875" lon="116.31801464594900608062744140625">
        <ele>53.40000152587890625</ele>
        <time>2026-09-26T23:46:30.000Z</time>
        <extensions>
          <ns3:TrackPointExtension>
            <ns3:atemp>30.0</ns3:atemp>
            <ns3:hr>114</ns3:hr>
            <ns3:cad>87</ns3:cad>
          </ns3:TrackPointExtension>
        </extensions>
      </trkpt>
      <trkpt lat="39.89828489720821380615234375" lon="116.3179828785359859466552734375">
        <ele>53.40000152587890625</ele>
        <time>2026-09-26T23:46:31.000Z</time>
        <extensions>
          <ns3:TrackPointExtension>
            <ns3:atemp>30.0</ns3:atemp>
            <ns3:hr>114</ns3:hr>
            <ns3:cad>87</ns3:cad>
          </ns3:TrackPointExtension>
        </extensions>
      </trkpt>
      <trkpt lat="39.8982823826372623443603515625" lon="116.31795764900743961334228515625">
        <ele>53.40000152587890625</ele>
        <time>2026-09-26T23:46:32.000Z</time>
        <extensions>
          <ns3:TrackPointExtension>
            <ns3:atemp>30.0</ns3:atemp>
            <ns3:hr>115</ns3:hr>
            <ns3:cad>87</ns3:cad>
          </ns3:TrackPointExtension>
        </extensions>
      </trkpt>
      <trkpt lat="39.89828146062791347503662109375" lon="116.31793744862079620361328125">
        <ele>53.40000152587890625</ele>
        <time>2026-09-26T23:46:33.000Z</time>
        <extensions>
          <ns3:TrackPointExtension>
            <ns3:atemp>30.0</ns3:atemp>
            <ns3:hr>116</ns3:hr>
            <ns3:cad>87</ns3:cad>
          </ns3:TrackPointExtension>
        </extensions>
      </trkpt>
      <trkpt lat="39.898288249969482421875" lon="116.31790869869291782379150390625">
        <ele>53.40000152587890625</ele>
        <time>2026-09-26T23:46:34.000Z</time>
        <extensions>
          <ns3:TrackPointExtension>
            <ns3:atemp>30.0</ns3:atemp>
            <ns3:hr>116</ns3:hr>
            <ns3:cad>87</ns3:cad>
          </ns3:TrackPointExtension>
        </extensions>
      </trkpt>
      <trkpt lat="39.89829570986330509185791015625" lon="116.317878775298595428466796875">
        <ele>53.40000152587890625</ele>
        <time>2026-09-26T23:46:35.000Z</time>
        <extensions>
          <ns3:TrackPointExtension>
            <ns3:atemp>30.0</ns3:atemp>
            <ns3:hr>117</ns3:hr>
            <ns3:cad>87</ns3:cad>
          </ns3:TrackPointExtension>
        </extensions>
      </trkpt>
      <trkpt lat="39.89830845035612583160400390625" lon="116.31785304285585880279541015625">
        <ele>53.40000152587890625</ele>
        <time>2026-09-26T23:46:36.000Z</time>
        <extensions>
          <ns3:TrackPointExtension>
            <ns3:atemp>30.0</ns3:atemp>
            <ns3:hr>117</ns3:hr>
            <ns3:cad>88</ns3:cad>
          </ns3:TrackPointExtension>
        </extensions>
      </trkpt>
      <trkpt lat="39.8983175866305828094482421875" lon="116.3178330101072788238525390625">
        <ele>53.40000152587890625</ele>
        <time>2026-09-26T23:46:37.000Z</time>
        <extensions>
          <ns3:TrackPointExtension>
            <ns3:atemp>30.0</ns3:atemp>
            <ns3:hr>117</ns3:hr>
            <ns3:cad>88</ns3:cad>
          </ns3:TrackPointExtension>
        </extensions>
      </trkpt>
      <trkpt lat="39.89833108149468898773193359375" lon="116.31782035343348979949951171875">
        <ele>53.40000152587890625</ele>
        <time>2026-09-26T23:46:38.000Z</time>
        <extensions>
          <ns3:TrackPointExtension>
            <ns3:atemp>30.0</ns3:atemp>
            <ns3:hr>117</ns3:hr>
            <ns3:cad>86</ns3:cad>
          </ns3:TrackPointExtension>
        </extensions>
      </trkpt>
      <trkpt lat="39.8983420617878437042236328125" lon="116.31781683303415775299072265625">
        <ele>53.40000152587890625</ele>
        <time>2026-09-26T23:46:39.000Z</time>
        <extensions>
          <ns3:TrackPointExtension>
            <ns3:atemp>30.0</ns3:atemp>
            <ns3:hr>117</ns3:hr>
            <ns3:cad>86</ns3:cad>
          </ns3:TrackPointExtension>
        </extensions>
      </trkpt>
      <trkpt lat="39.89835941232740879058837890625" lon="116.31781314499676227569580078125">
        <ele>53.40000152587890625</ele>
        <time>2026-09-26T23:46:40.000Z</time>
        <extensions>
          <ns3:TrackPointExtension>
            <ns3:atemp>30.0</ns3:atemp>
            <ns3:hr>117</ns3:hr>
            <ns3:cad>87</ns3:cad>
          </ns3:TrackPointExtension>
        </extensions>
      </trkpt>
      <trkpt lat="39.89837500266730785369873046875" lon="116.3178004883229732513427734375">
        <ele>53.40000152587890625</ele>
        <time>2026-09-26T23:46:41.000Z</time>
        <extensions>
          <ns3:TrackPointExtension>
            <ns3:atemp>30.0</ns3:atemp>
            <ns3:hr>118</ns3:hr>
            <ns3:cad>87</ns3:cad>
          </ns3:TrackPointExtension>
        </extensions>
      </trkpt>
      <trkpt lat="39.89839025773108005523681640625" lon="116.317790932953357696533203125">
        <ele>53.40000152587890625</ele>
        <time>2026-09-26T23:46:42.000Z</time>
        <extensions>
          <ns3:TrackPointExtension>
            <ns3:atemp>30.0</ns3:atemp>
            <ns3:hr>118</ns3:hr>
            <ns3:cad>87</ns3:cad>
          </ns3:TrackPointExtension>
        </extensions>
      </trkpt>
      <trkpt lat="39.89840232767164707183837890625" lon="116.3177830539643764495849609375">
        <ele>53.40000152587890625</ele>
        <time>2026-09-26T23:46:43.000Z</time>
        <extensions>
          <ns3:TrackPointExtension>
            <ns3:atemp>30.0</ns3:atemp>
            <ns3:hr>118</ns3:hr>
            <ns3:cad>86</ns3:cad>
          </ns3:TrackPointExtension>
        </extensions>
      </trkpt>
      <trkpt lat="39.8984060995280742645263671875" lon="116.3177733309566974639892578125">
        <ele>53.40000152587890625</ele>
        <time>2026-09-26T23:46:44.000Z</time>
        <extensions>
          <ns3:TrackPointExtension>
            <ns3:atemp>30.0</ns3:atemp>
            <ns3:hr>118</ns3:hr>
            <ns3:cad>86</ns3:cad>
          </ns3:TrackPointExtension>
        </extensions>
      </trkpt>
      <trkpt lat="39.89841364324092864990234375" lon="116.31777626462280750274658203125">
        <ele>53.40000152587890625</ele>
        <time>2026-09-26T23:46:45.000Z</time>
        <extensions>
          <ns3:TrackPointExtension>
            <ns3:atemp>29.0</ns3:atemp>
            <ns3:hr>118</ns3:hr>
            <ns3:cad>86</ns3:cad>
          </ns3:TrackPointExtension>
        </extensions>
      </trkpt>
      <trkpt lat="39.89842244423925876617431640625" lon="116.3177703134715557098388671875">
        <ele>53.40000152587890625</ele>
        <time>2026-09-26T23:46:46.000Z</time>
        <extensions>
          <ns3:TrackPointExtension>
            <ns3:atemp>29.0</ns3:atemp>
            <ns3:hr>119</ns3:hr>
            <ns3:cad>86</ns3:cad>
          </ns3:TrackPointExtension>
        </extensions>
      </trkpt>
      <trkpt lat="39.89843099378049373626708984375" lon="116.31777207367122173309326171875">
        <ele>53.40000152587890625</ele>
        <time>2026-09-26T23:46:47.000Z</time>
        <extensions>
          <ns3:TrackPointExtension>
            <ns3:atemp>29.0</ns3:atemp>
            <ns3:hr>119</ns3:hr>
            <ns3:cad>86</ns3:cad>
          </ns3:TrackPointExtension>
        </extensions>
      </trkpt>
      <trkpt lat="39.89844172261655330657958984375" lon="116.317780874669551849365234375">
        <ele>53.40000152587890625</ele>
        <time>2026-09-26T23:46:48.000Z</time>
        <extensions>
          <ns3:TrackPointExtension>
            <ns3:atemp>29.0</ns3:atemp>
            <ns3:hr>119</ns3:hr>
            <ns3:cad>86</ns3:cad>
          </ns3:TrackPointExtension>
        </extensions>
      </trkpt>
      <trkpt lat="39.89845613949000835418701171875" lon="116.31777324713766574859619140625">
        <ele>53.40000152587890625</ele>
        <time>2026-09-26T23:46:49.000Z</time>
        <extensions>
          <ns3:TrackPointExtension>
            <ns3:atemp>29.0</ns3:atemp>
            <ns3:hr>119</ns3:hr>
            <ns3:cad>86</ns3:cad>
          </ns3:TrackPointExtension>
        </extensions>
      </trkpt>
      <trkpt lat="39.89846368320286273956298828125" lon="116.31776084192097187042236328125">
        <ele>53.40000152587890625</ele>
        <time>2026-09-26T23:46:50.000Z</time>
        <extensions>
          <ns3:TrackPointExtension>
            <ns3:atemp>29.0</ns3:atemp>
            <ns3:hr>119</ns3:hr>
            <ns3:cad>85</ns3:cad>
          </ns3:TrackPointExtension>
        </extensions>
      </trkpt>
      <trkpt lat="39.8984543792903423309326171875" lon="116.31775614805519580841064453125">
        <ele>53.40000152587890625</ele>
        <time>2026-09-26T23:46:51.000Z</time>
        <extensions>
          <ns3:TrackPointExtension>
            <ns3:atemp>29.0</ns3:atemp>
            <ns3:hr>119</ns3:hr>
            <ns3:cad>85</ns3:cad>
          </ns3:TrackPointExtension>
        </extensions>
      </trkpt>
      <trkpt lat="39.89846636541187763214111328125" lon="116.31774206645786762237548828125">
        <ele>53.40000152587890625</ele>
        <time>2026-09-26T23:46:52.000Z</time>
        <extensions>
          <ns3:TrackPointExtension>
            <ns3:atemp>29.0</ns3:atemp>
            <ns3:hr>119</ns3:hr>
            <ns3:cad>85</ns3:cad>
          </ns3:TrackPointExtension>
        </extensions>
      </trkpt>
      <trkpt lat="39.8984734900295734405517578125" lon="116.31772228516638278961181640625">
        <ele>53.40000152587890625</ele>
        <time>2026-09-26T23:46:53.000Z</time>
        <extensions>
          <ns3:TrackPointExtension>
            <ns3:atemp>29.0</ns3:atemp>
            <ns3:hr>119</ns3:hr>
            <ns3:cad>85</ns3:cad>
          </ns3:TrackPointExtension>
        </extensions>
      </trkpt>
      <trkpt lat="39.89848966710269451141357421875" lon="116.31770971231162548065185546875">
        <ele>53.40000152587890625</ele>
        <time>2026-09-26T23:46:54.000Z</time>
        <extensions>
          <ns3:TrackPointExtension>
            <ns3:atemp>29.0</ns3:atemp>
            <ns3:hr>119</ns3:hr>
            <ns3:cad>85</ns3:cad>
          </ns3:TrackPointExtension>
        </extensions>
      </trkpt>
      <trkpt lat="39.89850408397614955902099609375" lon="116.31769831292331218719482421875">
        <ele>53.40000152587890625</ele>
        <time>2026-09-26T23:46:55.000Z</time>
        <extensions>
          <ns3:TrackPointExtension>
            <ns3:atemp>29.0</ns3:atemp>
            <ns3:hr>119</ns3:hr>
            <ns3:cad>85</ns3:cad>
          </ns3:TrackPointExtension>
        </extensions>
      </trkpt>
      <trkpt lat="39.898521602153778076171875" lon="116.3176905177533626556396484375">
        <ele>53.40000152587890625</ele>
        <time>2026-09-26T23:46:56.000Z</time>
        <extensions>
          <ns3:TrackPointExtension>
            <ns3:atemp>29.0</ns3:atemp>
            <ns3:hr>119</ns3:hr>
            <ns3:cad>86</ns3:cad>
          </ns3:TrackPointExtension>
        </extensions>
      </trkpt>
      <trkpt lat="39.898540042340755462646484375" lon="116.31767584942281246185302734375">
        <ele>53.59999847412109375</ele>
        <time>2026-09-26T23:46:57.000Z</time>
        <extensions>
          <ns3:TrackPointExtension>
            <ns3:atemp>29.0</ns3:atemp>
            <ns3:hr>119</ns3:hr>
            <ns3:cad>86</ns3:cad>
          </ns3:TrackPointExtension>
        </extensions>
      </trkpt>
      <trkpt lat="39.89854364655911922454833984375" lon="116.31765581667423248291015625">
        <ele>53.59999847412109375</ele>
        <time>2026-09-26T23:46:58.000Z</time>
        <extensions>
          <ns3:TrackPointExtension>
            <ns3:atemp>29.0</ns3:atemp>
            <ns3:hr>119</ns3:hr>
            <ns3:cad>86</ns3:cad>
          </ns3:TrackPointExtension>
        </extensions>
      </trkpt>
      <trkpt lat="39.8985522799193859100341796875" lon="116.3176439143717288970947265625">
        <ele>53.59999847412109375</ele>
        <time>2026-09-26T23:46:59.000Z</time>
        <extensions>
          <ns3:TrackPointExtension>
            <ns3:atemp>29.0</ns3:atemp>
            <ns3:hr>120</ns3:hr>
            <ns3:cad>86</ns3:cad>
          </ns3:TrackPointExtension>
        </extensions>
      </trkpt>
      <trkpt lat="39.8985727317631244659423828125" lon="116.31763963960111141204833984375">
        <ele>53.59999847412109375</ele>
        <time>2026-09-26T23:47:00.000Z</time>
        <extensions>
          <ns3:TrackPointExtension>
            <ns3:atemp>29.0</ns3:atemp>
            <ns3:hr>120</ns3:hr>
            <ns3:cad>86</ns3:cad>
          </ns3:TrackPointExtension>
        </extensions>
      </trkpt>
      <trkpt lat="39.89859645254909992218017578125" lon="116.317635364830493927001953125">
        <ele>53.59999847412109375</ele>
        <time>2026-09-26T23:47:01.000Z</time>
        <extensions>
          <ns3:TrackPointExtension>
            <ns3:atemp>29.0</ns3:atemp>
            <ns3:hr>120</ns3:hr>
            <ns3:cad>86</ns3:cad>
          </ns3:TrackPointExtension>
        </extensions>
      </trkpt>
      <trkpt lat="39.89861958660185337066650390625" lon="116.317631341516971588134765625">
        <ele>53.59999847412109375</ele>
        <time>2026-09-26T23:47:02.000Z</time>
        <extensions>
          <ns3:TrackPointExtension>
            <ns3:atemp>29.0</ns3:atemp>
            <ns3:hr>120</ns3:hr>
            <ns3:cad>86</ns3:cad>
          </ns3:TrackPointExtension>
        </extensions>
      </trkpt>
      <trkpt lat="39.8986436426639556884765625" lon="116.31762555800378322601318359375">
        <ele>53.59999847412109375</ele>
        <time>2026-09-26T23:47:03.000Z</time>
        <extensions>
          <ns3:TrackPointExtension>
            <ns3:atemp>29.0</ns3:atemp>
            <ns3:hr>120</ns3:hr>
            <ns3:cad>85</ns3:cad>
          </ns3:TrackPointExtension>
        </extensions>
      </trkpt>
      <trkpt lat="39.89866702817380428314208984375" lon="116.31761558353900909423828125">
        <ele>53.59999847412109375</ele>
        <time>2026-09-26T23:47:04.000Z</time>
        <extensions>
          <ns3:TrackPointExtension>
            <ns3:atemp>29.0</ns3:atemp>
            <ns3:hr>120</ns3:hr>
            <ns3:cad>85</ns3:cad>
          </ns3:TrackPointExtension>
        </extensions>
      </trkpt>
      <trkpt lat="39.8986877314746379852294921875" lon="116.31761231459677219390869140625">
        <ele>53.59999847412109375</ele>
        <time>2026-09-26T23:47:05.000Z</time>
        <extensions>
          <ns3:TrackPointExtension>
            <ns3:atemp>29.0</ns3:atemp>
            <ns3:hr>120</ns3:hr>
            <ns3:cad>85</ns3:cad>
          </ns3:TrackPointExtension>
        </extensions>
      </trkpt>
      <trkpt lat="39.89871111698448657989501953125" lon="116.317601501941680908203125">
        <ele>53.59999847412109375</ele>
        <time>2026-09-26T23:47:06.000Z</time>
        <extensions>
          <ns3:TrackPointExtension>
            <ns3:atemp>29.0</ns3:atemp>
            <ns3:hr>120</ns3:hr>
            <ns3:cad>85</ns3:cad>
          </ns3:TrackPointExtension>
        </extensions>
      </trkpt>
      <trkpt lat="39.898713715374469757080078125" lon="116.3175974786281585693359375">
        <ele>53.799999237060546875</ele>
        <time>2026-09-26T23:47:07.000Z</time>
        <extensions>
          <ns3:TrackPointExtension>
            <ns3:atemp>29.0</ns3:atemp>
            <ns3:hr>119</ns3:hr>
            <ns3:cad>86</ns3:cad>
          </ns3:TrackPointExtension>
        </extensions>
      </trkpt>
      <trkpt lat="39.8987316526472568511962890625" lon="116.317581050097942352294921875">
        <ele>53.799999237060546875</ele>
        <time>2026-09-26T23:47:08.000Z</time>
        <extensions>
          <ns3:TrackPointExtension>
            <ns3:atemp>29.0</ns3:atemp>
            <ns3:hr>119</ns3:hr>
            <ns3:cad>86</ns3:cad>
          </ns3:TrackPointExtension>
        </extensions>
      </trkpt>
      <trkpt lat="39.89872938953340053558349609375" lon="116.31757794879376888275146484375">
        <ele>53.799999237060546875</ele>
        <time>2026-09-26T23:47:09.000Z</time>
        <extensions>
          <ns3:TrackPointExtension>
            <ns3:atemp>29.0</ns3:atemp>
            <ns3:hr>119</ns3:hr>
            <ns3:cad>86</ns3:cad>
          </ns3:TrackPointExtension>
        </extensions>
      </trkpt>
      <trkpt lat="39.89873810671269893646240234375" lon="116.31755749695003032684326171875">
        <ele>53.799999237060546875</ele>
        <time>2026-09-26T23:47:10.000Z</time>
        <extensions>
          <ns3:TrackPointExtension>
            <ns3:atemp>29.0</ns3:atemp>
            <ns3:hr>119</ns3:hr>
            <ns3:cad>87</ns3:cad>
          </ns3:TrackPointExtension>
        </extensions>
      </trkpt>
      <trkpt lat="39.8987460695207118988037109375" lon="116.31753922440111637115478515625">
        <ele>53.799999237060546875</ele>
        <time>2026-09-26T23:47:11.000Z</time>
        <extensions>
          <ns3:TrackPointExtension>
            <ns3:atemp>29.0</ns3:atemp>
            <ns3:hr>119</ns3:hr>
            <ns3:cad>87</ns3:cad>
          </ns3:TrackPointExtension>
        </extensions>
      </trkpt>
      <trkpt lat="39.89876308478415012359619140625" lon="116.3175248913466930389404296875">
        <ele>53.799999237060546875</ele>
        <time>2026-09-26T23:47:12.000Z</time>
        <extensions>
          <ns3:TrackPointExtension>
            <ns3:atemp>29.0</ns3:atemp>
            <ns3:hr>120</ns3:hr>
            <ns3:cad>87</ns3:cad>
          </ns3:TrackPointExtension>
        </extensions>
      </trkpt>
      <trkpt lat="39.898784458637237548828125" lon="116.31751709617674350738525390625">
        <ele>53.799999237060546875</ele>
        <time>2026-09-26T23:47:13.000Z</time>
        <extensions>
          <ns3:TrackPointExtension>
            <ns3:atemp>29.0</ns3:atemp>
            <ns3:hr>120</ns3:hr>
            <ns3:cad>87</ns3:cad>
          </ns3:TrackPointExtension>
        </extensions>
      </trkpt>
      <trkpt lat="39.89881169982254505157470703125" lon="116.3175161741673946380615234375">
        <ele>53.799999237060546875</ele>
        <time>2026-09-26T23:47:14.000Z</time>
        <extensions>
          <ns3:TrackPointExtension>
            <ns3:atemp>29.0</ns3:atemp>
            <ns3:hr>120</ns3:hr>
            <ns3:cad>87</ns3:cad>
          </ns3:TrackPointExtension>
        </extensions>
      </trkpt>
      <trkpt lat="39.89883617497980594635009765625" lon="116.31752179004251956939697265625">
        <ele>53.799999237060546875</ele>
        <time>2026-09-26T23:47:15.000Z</time>
        <extensions>
          <ns3:TrackPointExtension>
            <ns3:atemp>29.0</ns3:atemp>
            <ns3:hr>119</ns3:hr>
            <ns3:cad>86</ns3:cad>
          </ns3:TrackPointExtension>
        </extensions>
      </trkpt>
      <trkpt lat="39.898861236870288848876953125" lon="116.3175237178802490234375">
        <ele>53.799999237060546875</ele>
        <time>2026-09-26T23:47:16.000Z</time>
        <extensions>
          <ns3:TrackPointExtension>
            <ns3:atemp>29.0</ns3:atemp>
            <ns3:hr>119</ns3:hr>
            <ns3:cad>86</ns3:cad>
          </ns3:TrackPointExtension>
        </extensions>
      </trkpt>
      <trkpt lat="39.898885376751422882080078125" lon="116.3175292499363422393798828125">
        <ele>54</ele>
        <time>2026-09-26T23:47:17.000Z</time>
        <extensions>
          <ns3:TrackPointExtension>
            <ns3:atemp>29.0</ns3:atemp>
            <ns3:hr>119</ns3:hr>
            <ns3:cad>87</ns3:cad>
          </ns3:TrackPointExtension>
        </extensions>
      </trkpt>
      <trkpt lat="39.89890742115676403045654296875" lon="116.31753654219210147857666015625">
        <ele>54</ele>
        <time>2026-09-26T23:47:18.000Z</time>
        <extensions>
          <ns3:TrackPointExtension>
            <ns3:atemp>29.0</ns3:atemp>
            <ns3:hr>119</ns3:hr>
            <ns3:cad>87</ns3:cad>
          </ns3:TrackPointExtension>
        </extensions>
      </trkpt>
      <trkpt lat="39.8989333212375640869140625" lon="116.3175352849066257476806640625">
        <ele>54</ele>
        <time>2026-09-26T23:47:19.000Z</time>
        <extensions>
          <ns3:TrackPointExtension>
            <ns3:atemp>29.0</ns3:atemp>
            <ns3:hr>120</ns3:hr>
            <ns3:cad>87</ns3:cad>
          </ns3:TrackPointExtension>
        </extensions>
      </trkpt>
      <trkpt lat="39.89895570091903209686279296875" lon="116.317534781992435455322265625">
        <ele>54.200000762939453125</ele>
        <time>2026-09-26T23:47:20.000Z</time>
        <extensions>
          <ns3:TrackPointExtension>
            <ns3:atemp>29.0</ns3:atemp>
            <ns3:hr>120</ns3:hr>
            <ns3:cad>86</ns3:cad>
          </ns3:TrackPointExtension>
        </extensions>
      </trkpt>
      <trkpt lat="39.8989787511527538299560546875" lon="116.31753402762115001678466796875">
        <ele>54.200000762939453125</ele>
        <time>2026-09-26T23:47:21.000Z</time>
        <extensions>
          <ns3:TrackPointExtension>
            <ns3:atemp>29.0</ns3:atemp>
            <ns3:hr>120</ns3:hr>
            <ns3:cad>86</ns3:cad>
          </ns3:TrackPointExtension>
        </extensions>
      </trkpt>
      <trkpt lat="39.8990005441009998321533203125" lon="116.31753084249794483184814453125">
        <ele>54.200000762939453125</ele>
        <time>2026-09-26T23:47:22.000Z</time>
        <extensions>
          <ns3:TrackPointExtension>
            <ns3:atemp>29.0</ns3:atemp>
            <ns3:hr>120</ns3:hr>
            <ns3:cad>87</ns3:cad>
          </ns3:TrackPointExtension>
        </extensions>
      </trkpt>
      <trkpt lat="39.89902359433472156524658203125" lon="116.317529417574405670166015625">
        <ele>54.200000762939453125</ele>
        <time>2026-09-26T23:47:23.000Z</time>
        <extensions>
          <ns3:TrackPointExtension>
            <ns3:atemp>29.0</ns3:atemp>
            <ns3:hr>120</ns3:hr>
            <ns3:cad>87</ns3:cad>
          </ns3:TrackPointExtension>
        </extensions>
      </trkpt>
      <trkpt lat="39.89904471673071384429931640625" lon="116.31753268651664257049560546875">
        <ele>54.200000762939453125</ele>
        <time>2026-09-26T23:47:24.000Z</time>
        <extensions>
          <ns3:TrackPointExtension>
            <ns3:atemp>29.0</ns3:atemp>
            <ns3:hr>121</ns3:hr>
            <ns3:cad>87</ns3:cad>
          </ns3:TrackPointExtension>
        </extensions>
      </trkpt>
      <trkpt lat="39.89906449802219867706298828125" lon="116.31753377616405487060546875">
        <ele>54.200000762939453125</ele>
        <time>2026-09-26T23:47:25.000Z</time>
        <extensions>
          <ns3:TrackPointExtension>
            <ns3:atemp>29.0</ns3:atemp>
            <ns3:hr>120</ns3:hr>
            <ns3:cad>87</ns3:cad>
          </ns3:TrackPointExtension>
        </extensions>
      </trkpt>
      <trkpt lat="39.89907891489565372467041015625" lon="116.31754391826689243316650390625">
        <ele>54.200000762939453125</ele>
        <time>2026-09-26T23:47:26.000Z</time>
        <extensions>
          <ns3:TrackPointExtension>
            <ns3:atemp>29.0</ns3:atemp>
            <ns3:hr>120</ns3:hr>
            <ns3:cad>87</ns3:cad>
          </ns3:TrackPointExtension>
        </extensions>
      </trkpt>
      <trkpt lat="39.89909551106393337249755859375" lon="116.31754718720912933349609375">
        <ele>54.200000762939453125</ele>
        <time>2026-09-26T23:47:27.000Z</time>
        <extensions>
          <ns3:TrackPointExtension>
            <ns3:atemp>29.0</ns3:atemp>
            <ns3:hr>120</ns3:hr>
            <ns3:cad>87</ns3:cad>
          </ns3:TrackPointExtension>
        </extensions>
      </trkpt>
      <trkpt lat="39.89911043085157871246337890625" lon="116.31754743866622447967529296875">
        <ele>54.200000762939453125</ele>
        <time>2026-09-26T23:47:28.000Z</time>
        <extensions>
          <ns3:TrackPointExtension>
            <ns3:atemp>29.0</ns3:atemp>
            <ns3:hr>120</ns3:hr>
            <ns3:cad>87</ns3:cad>
          </ns3:TrackPointExtension>
        </extensions>
      </trkpt>
      <trkpt lat="39.89913155324757099151611328125" lon="116.3175510428845882415771484375">
        <ele>54.200000762939453125</ele>
        <time>2026-09-26T23:47:29.000Z</time>
        <extensions>
          <ns3:TrackPointExtension>
            <ns3:atemp>29.0</ns3:atemp>
            <ns3:hr>120</ns3:hr>
            <ns3:cad>86</ns3:cad>
          </ns3:TrackPointExtension>
        </extensions>
      </trkpt>
      <trkpt lat="39.899154938757419586181640625" lon="116.31755162961781024932861328125">
        <ele>54.200000762939453125</ele>
        <time>2026-09-26T23:47:30.000Z</time>
        <extensions>
          <ns3:TrackPointExtension>
            <ns3:atemp>29.0</ns3:atemp>
            <ns3:hr>121</ns3:hr>
            <ns3:cad>86</ns3:cad>
          </ns3:TrackPointExtension>
        </extensions>
      </trkpt>
      <trkpt lat="39.8991839401423931121826171875" lon="116.31755582056939601898193359375">
        <ele>54.200000762939453125</ele>
        <time>2026-09-26T23:47:31.000Z</time>
        <extensions>
          <ns3:TrackPointExtension>
            <ns3:atemp>29.0</ns3:atemp>
            <ns3:hr>121</ns3:hr>
            <ns3:cad>86</ns3:cad>
          </ns3:TrackPointExtension>
        </extensions>
      </trkpt>
      <trkpt lat="39.8992208205163478851318359375" lon="116.3175577484071254730224609375">
        <ele>54.40000152587890625</ele>
        <time>2026-09-26T23:47:32.000Z</time>
        <extensions>
          <ns3:TrackPointExtension>
            <ns3:atemp>29.0</ns3:atemp>
            <ns3:hr>121</ns3:hr>
            <ns3:cad>86</ns3:cad>
          </ns3:TrackPointExtension>
        </extensions>
      </trkpt>
      <trkpt lat="39.89924252964556217193603515625" lon="116.31756059825420379638671875">
        <ele>54.40000152587890625</ele>
        <time>2026-09-26T23:47:33.000Z</time>
        <extensions>
          <ns3:TrackPointExtension>
            <ns3:atemp>29.0</ns3:atemp>
            <ns3:hr>121</ns3:hr>
            <ns3:cad>86</ns3:cad>
          </ns3:TrackPointExtension>
        </extensions>
      </trkpt>
      <trkpt lat="39.899262227118015289306640625" lon="116.31756202317774295806884765625">
        <ele>54.40000152587890625</ele>
        <time>2026-09-26T23:47:34.000Z</time>
        <extensions>
          <ns3:TrackPointExtension>
            <ns3:atemp>29.0</ns3:atemp>
            <ns3:hr>121</ns3:hr>
            <ns3:cad>86</ns3:cad>
          </ns3:TrackPointExtension>
        </extensions>
      </trkpt>
      <trkpt lat="39.8992737941443920135498046875" lon="116.31756336428225040435791015625">
        <ele>54.40000152587890625</ele>
        <time>2026-09-26T23:47:35.000Z</time>
        <extensions>
          <ns3:TrackPointExtension>
            <ns3:atemp>29.0</ns3:atemp>
            <ns3:hr>121</ns3:hr>
            <ns3:cad>86</ns3:cad>
          </ns3:TrackPointExtension>
        </extensions>
      </trkpt>
      <trkpt lat="39.899299442768096923828125" lon="116.31755867041647434234619140625">
        <ele>54.40000152587890625</ele>
        <time>2026-09-26T23:47:36.000Z</time>
        <extensions>
          <ns3:TrackPointExtension>
            <ns3:atemp>29.0</ns3:atemp>
            <ns3:hr>121</ns3:hr>
            <ns3:cad>86</ns3:cad>
          </ns3:TrackPointExtension>
        </extensions>
      </trkpt>
      <trkpt lat="39.8993264324963092803955078125" lon="116.31755515001714229583740234375">
        <ele>54.40000152587890625</ele>
        <time>2026-09-26T23:47:37.000Z</time>
        <extensions>
          <ns3:TrackPointExtension>
            <ns3:atemp>29.0</ns3:atemp>
            <ns3:hr>120</ns3:hr>
            <ns3:cad>86</ns3:cad>
          </ns3:TrackPointExtension>
        </extensions>
      </trkpt>
      <trkpt lat="39.8993571102619171142578125" lon="116.31754743866622447967529296875">
        <ele>54.40000152587890625</ele>
        <time>2026-09-26T23:47:38.000Z</time>
        <extensions>
          <ns3:TrackPointExtension>
            <ns3:atemp>29.0</ns3:atemp>
            <ns3:hr>120</ns3:hr>
            <ns3:cad>86</ns3:cad>
          </ns3:TrackPointExtension>
        </extensions>
      </trkpt>
      <trkpt lat="39.8993861116468906402587890625" lon="116.3175470195710659027099609375">
        <ele>54.40000152587890625</ele>
        <time>2026-09-26T23:47:39.000Z</time>
        <extensions>
          <ns3:TrackPointExtension>
            <ns3:atemp>29.0</ns3:atemp>
            <ns3:hr>120</ns3:hr>
            <ns3:cad>86</ns3:cad>
          </ns3:TrackPointExtension>
        </extensions>
      </trkpt>
      <trkpt lat="39.89941678941249847412109375" lon="116.31754584610462188720703125">
        <ele>54.40000152587890625</ele>
        <time>2026-09-26T23:47:40.000Z</time>
        <extensions>
          <ns3:TrackPointExtension>
            <ns3:atemp>28.0</ns3:atemp>
            <ns3:hr>119</ns3:hr>
            <ns3:cad>86</ns3:cad>
          </ns3:TrackPointExtension>
        </extensions>
      </trkpt>
      <trkpt lat="39.89944805391132831573486328125" lon="116.31754140369594097137451171875">
        <ele>54.40000152587890625</ele>
        <time>2026-09-26T23:47:41.000Z</time>
        <extensions>
          <ns3:TrackPointExtension>
            <ns3:atemp>28.0</ns3:atemp>
            <ns3:hr>118</ns3:hr>
            <ns3:cad>86</ns3:cad>
          </ns3:TrackPointExtension>
        </extensions>
      </trkpt>
      <trkpt lat="39.8994947411119937896728515625" lon="116.3175446726381778717041015625">
        <ele>54.40000152587890625</ele>
        <time>2026-09-26T23:47:42.000Z</time>
        <extensions>
          <ns3:TrackPointExtension>
            <ns3:atemp>28.0</ns3:atemp>
            <ns3:hr>117</ns3:hr>
            <ns3:cad>87</ns3:cad>
          </ns3:TrackPointExtension>
        </extensions>
      </trkpt>
      <trkpt lat="39.8995319567620754241943359375" lon="116.3175440020859241485595703125">
        <ele>54.40000152587890625</ele>
        <time>2026-09-26T23:47:43.000Z</time>
        <extensions>
          <ns3:TrackPointExtension>
            <ns3:atemp>28.0</ns3:atemp>
            <ns3:hr>116</ns3:hr>
            <ns3:cad>87</ns3:cad>
          </ns3:TrackPointExtension>
        </extensions>
      </trkpt>
      <trkpt lat="39.89957101643085479736328125" lon="116.317534111440181732177734375">
        <ele>54.40000152587890625</ele>
        <time>2026-09-26T23:47:44.000Z</time>
        <extensions>
          <ns3:TrackPointExtension>
            <ns3:atemp>28.0</ns3:atemp>
            <ns3:hr>116</ns3:hr>
            <ns3:cad>87</ns3:cad>
          </ns3:TrackPointExtension>
        </extensions>
      </trkpt>
      <trkpt lat="39.8995892889797687530517578125" lon="116.31753000430762767791748046875">
        <ele>54.40000152587890625</ele>
        <time>2026-09-26T23:47:45.000Z</time>
        <extensions>
          <ns3:TrackPointExtension>
            <ns3:atemp>28.0</ns3:atemp>
            <ns3:hr>116</ns3:hr>
            <ns3:cad>87</ns3:cad>
          </ns3:TrackPointExtension>
        </extensions>
      </trkpt>
      <trkpt lat="39.8996104113757610321044921875" lon="116.31752497516572475433349609375">
        <ele>54.59999847412109375</ele>
        <time>2026-09-26T23:47:46.000Z</time>
        <extensions>
          <ns3:TrackPointExtension>
            <ns3:atemp>28.0</ns3:atemp>
            <ns3:hr>116</ns3:hr>
            <ns3:cad>87</ns3:cad>
          </ns3:TrackPointExtension>
        </extensions>
      </trkpt>
      <trkpt lat="39.899633713066577911376953125" lon="116.31752547807991504669189453125">
        <ele>54.59999847412109375</ele>
        <time>2026-09-26T23:47:47.000Z</time>
        <extensions>
          <ns3:TrackPointExtension>
            <ns3:atemp>28.0</ns3:atemp>
            <ns3:hr>116</ns3:hr>
            <ns3:cad>86</ns3:cad>
          </ns3:TrackPointExtension>
        </extensions>
      </trkpt>
      <trkpt lat="39.89965223707258701324462890625" lon="116.31752966903150081634521484375">
        <ele>54.59999847412109375</ele>
        <time>2026-09-26T23:47:48.000Z</time>
        <extensions>
          <ns3:TrackPointExtension>
            <ns3:atemp>28.0</ns3:atemp>
            <ns3:hr>116</ns3:hr>
            <ns3:cad>86</ns3:cad>
          </ns3:TrackPointExtension>
        </extensions>
      </trkpt>
      <trkpt lat="39.89966464228928089141845703125" lon="116.31753872148692607879638671875">
        <ele>54.59999847412109375</ele>
        <time>2026-09-26T23:47:49.000Z</time>
        <extensions>
          <ns3:TrackPointExtension>
            <ns3:atemp>28.0</ns3:atemp>
            <ns3:hr>116</ns3:hr>
            <ns3:cad>86</ns3:cad>
          </ns3:TrackPointExtension>
        </extensions>
      </trkpt>
      <trkpt lat="39.89966682158410549163818359375" lon="116.31755389273166656494140625">
        <ele>54.59999847412109375</ele>
        <time>2026-09-26T23:47:50.000Z</time>
        <extensions>
          <ns3:TrackPointExtension>
            <ns3:atemp>28.0</ns3:atemp>
            <ns3:hr>116</ns3:hr>
            <ns3:cad>85</ns3:cad>
          </ns3:TrackPointExtension>
        </extensions>
      </trkpt>
      <trkpt lat="39.89967268891632556915283203125" lon="116.3175637833774089813232421875">
        <ele>54.59999847412109375</ele>
        <time>2026-09-26T23:47:51.000Z</time>
        <extensions>
          <ns3:TrackPointExtension>
            <ns3:atemp>28.0</ns3:atemp>
            <ns3:hr>116</ns3:hr>
            <ns3:cad>85</ns3:cad>
          </ns3:TrackPointExtension>
        </extensions>
      </trkpt>
      <trkpt lat="39.8996811546385288238525390625" lon="116.3175587542355060577392578125">
        <ele>54.59999847412109375</ele>
        <time>2026-09-26T23:47:52.000Z</time>
        <extensions>
          <ns3:TrackPointExtension>
            <ns3:atemp>28.0</ns3:atemp>
            <ns3:hr>116</ns3:hr>
            <ns3:cad>85</ns3:cad>
          </ns3:TrackPointExtension>
        </extensions>
      </trkpt>
      <trkpt lat="39.899704121053218841552734375" lon="116.31755665875971317291259765625">
        <ele>54.59999847412109375</ele>
        <time>2026-09-26T23:47:53.000Z</time>
        <extensions>
          <ns3:TrackPointExtension>
            <ns3:atemp>28.0</ns3:atemp>
            <ns3:hr>117</ns3:hr>
            <ns3:cad>85</ns3:cad>
          </ns3:TrackPointExtension>
        </extensions>
      </trkpt>
      <trkpt lat="39.89973521791398525238037109375" lon="116.31755598820745944976806640625">
        <ele>54.59999847412109375</ele>
        <time>2026-09-26T23:47:54.000Z</time>
        <extensions>
          <ns3:TrackPointExtension>
            <ns3:atemp>28.0</ns3:atemp>
            <ns3:hr>116</ns3:hr>
            <ns3:cad>85</ns3:cad>
          </ns3:TrackPointExtension>
        </extensions>
      </trkpt>
      <trkpt lat="39.899759106338024139404296875" lon="116.31755414418876171112060546875">
        <ele>54.59999847412109375</ele>
        <time>2026-09-26T23:47:55.000Z</time>
        <extensions>
          <ns3:TrackPointExtension>
            <ns3:atemp>28.0</ns3:atemp>
            <ns3:hr>116</ns3:hr>
            <ns3:cad>85</ns3:cad>
          </ns3:TrackPointExtension>
        </extensions>
      </trkpt>
      <trkpt lat="39.89977796562016010284423828125" lon="116.31754852831363677978515625">
        <ele>54.799999237060546875</ele>
        <time>2026-09-26T23:47:56.000Z</time>
        <extensions>
          <ns3:TrackPointExtension>
            <ns3:atemp>28.0</ns3:atemp>
            <ns3:hr>116</ns3:hr>
            <ns3:cad>85</ns3:cad>
          </ns3:TrackPointExtension>
        </extensions>
      </trkpt>
      <trkpt lat="39.899798668920993804931640625" lon="116.3175426609814167022705078125">
        <ele>54.799999237060546875</ele>
        <time>2026-09-26T23:47:57.000Z</time>
        <extensions>
          <ns3:TrackPointExtension>
            <ns3:atemp>28.0</ns3:atemp>
            <ns3:hr>116</ns3:hr>
            <ns3:cad>85</ns3:cad>
          </ns3:TrackPointExtension>
        </extensions>
      </trkpt>
      <trkpt lat="39.8998249880969524383544921875" lon="116.31753872148692607879638671875">
        <ele>54.799999237060546875</ele>
        <time>2026-09-26T23:47:58.000Z</time>
        <extensions>
          <ns3:TrackPointExtension>
            <ns3:atemp>28.0</ns3:atemp>
            <ns3:hr>116</ns3:hr>
            <ns3:cad>85</ns3:cad>
          </ns3:TrackPointExtension>
        </extensions>
      </trkpt>
      <trkpt lat="39.899844937026500701904296875" lon="116.31753151305019855499267578125">
        <ele>54.799999237060546875</ele>
        <time>2026-09-26T23:47:59.000Z</time>
        <extensions>
          <ns3:TrackPointExtension>
            <ns3:atemp>28.0</ns3:atemp>
            <ns3:hr>117</ns3:hr>
            <ns3:cad>85</ns3:cad>
          </ns3:TrackPointExtension>
        </extensions>
      </trkpt>
      <trkpt lat="39.8998578451573848724365234375" lon="116.3175265677273273468017578125">
        <ele>54.799999237060546875</ele>
        <time>2026-09-26T23:48:00.000Z</time>
        <extensions>
          <ns3:TrackPointExtension>
            <ns3:atemp>28.0</ns3:atemp>
            <ns3:hr>116</ns3:hr>
            <ns3:cad>86</ns3:cad>
          </ns3:TrackPointExtension>
        </extensions>
      </trkpt>
      <trkpt lat="39.89987100474536418914794921875" lon="116.31751759909093379974365234375">
        <ele>54.799999237060546875</ele>
        <time>2026-09-26T23:48:01.000Z</time>
        <extensions>
          <ns3:TrackPointExtension>
            <ns3:atemp>28.0</ns3:atemp>
            <ns3:hr>117</ns3:hr>
            <ns3:cad>86</ns3:cad>
          </ns3:TrackPointExtension>
        </extensions>
      </trkpt>
      <trkpt lat="39.8998880200088024139404296875" lon="116.3175198622047901153564453125">
        <ele>54.799999237060546875</ele>
        <time>2026-09-26T23:48:02.000Z</time>
        <extensions>
          <ns3:TrackPointExtension>
            <ns3:atemp>28.0</ns3:atemp>
            <ns3:hr>117</ns3:hr>
            <ns3:cad>86</ns3:cad>
          </ns3:TrackPointExtension>
        </extensions>
      </trkpt>
      <trkpt lat="39.8999081365764141082763671875" lon="116.31752229295670986175537109375">
        <ele>54.799999237060546875</ele>
        <time>2026-09-26T23:48:03.000Z</time>
        <extensions>
          <ns3:TrackPointExtension>
            <ns3:atemp>28.0</ns3:atemp>
            <ns3:hr>117</ns3:hr>
            <ns3:cad>85</ns3:cad>
          </ns3:TrackPointExtension>
        </extensions>
      </trkpt>
      <trkpt lat="39.89992850460112094879150390625" lon="116.31751961074769496917724609375">
        <ele>54.799999237060546875</ele>
        <time>2026-09-26T23:48:04.000Z</time>
        <extensions>
          <ns3:TrackPointExtension>
            <ns3:atemp>28.0</ns3:atemp>
            <ns3:hr>116</ns3:hr>
            <ns3:cad>85</ns3:cad>
          </ns3:TrackPointExtension>
        </extensions>
      </trkpt>
      <trkpt lat="39.89995180629193782806396484375" lon="116.31751558743417263031005859375">
        <ele>54.799999237060546875</ele>
        <time>2026-09-26T23:48:05.000Z</time>
        <extensions>
          <ns3:TrackPointExtension>
            <ns3:atemp>28.0</ns3:atemp>
            <ns3:hr>116</ns3:hr>
            <ns3:cad>85</ns3:cad>
          </ns3:TrackPointExtension>
        </extensions>
      </trkpt>
      <trkpt lat="39.89997510798275470733642578125" lon="116.3175196945667266845703125">
        <ele>55</ele>
        <time>2026-09-26T23:48:06.000Z</time>
        <extensions>
          <ns3:TrackPointExtension>
            <ns3:atemp>28.0</ns3:atemp>
            <ns3:hr>116</ns3:hr>
            <ns3:cad>85</ns3:cad>
          </ns3:TrackPointExtension>
        </extensions>
      </trkpt>
      <trkpt lat="39.90000151097774505615234375" lon="116.317524053156375885009765625">
        <ele>55</ele>
        <time>2026-09-26T23:48:07.000Z</time>
        <extensions>
          <ns3:TrackPointExtension>
            <ns3:atemp>28.0</ns3:atemp>
            <ns3:hr>116</ns3:hr>
            <ns3:cad>85</ns3:cad>
          </ns3:TrackPointExtension>
        </extensions>
      </trkpt>
      <trkpt lat="39.9000311829149723052978515625" lon="116.3175188563764095306396484375">
        <ele>55</ele>
        <time>2026-09-26T23:48:08.000Z</time>
        <extensions>
          <ns3:TrackPointExtension>
            <ns3:atemp>28.0</ns3:atemp>
            <ns3:hr>116</ns3:hr>
            <ns3:cad>85</ns3:cad>
          </ns3:TrackPointExtension>
        </extensions>
      </trkpt>
      <trkpt lat="39.9000543169677257537841796875" lon="116.31751055829226970672607421875">
        <ele>55</ele>
        <time>2026-09-26T23:48:09.000Z</time>
        <extensions>
          <ns3:TrackPointExtension>
            <ns3:atemp>28.0</ns3:atemp>
            <ns3:hr>116</ns3:hr>
            <ns3:cad>85</ns3:cad>
          </ns3:TrackPointExtension>
        </extensions>
      </trkpt>
      <trkpt lat="39.900077618658542633056640625" lon="116.3175061158835887908935546875">
        <ele>55</ele>
        <time>2026-09-26T23:48:10.000Z</time>
        <extensions>
          <ns3:TrackPointExtension>
            <ns3:atemp>28.0</ns3:atemp>
            <ns3:hr>116</ns3:hr>
            <ns3:cad>85</ns3:cad>
          </ns3:TrackPointExtension>
        </extensions>
      </trkpt>
      <trkpt lat="39.9001005850732326507568359375" lon="116.317506618797779083251953125">
        <ele>55</ele>
        <time>2026-09-26T23:48:11.000Z</time>
        <extensions>
          <ns3:TrackPointExtension>
            <ns3:atemp>28.0</ns3:atemp>
            <ns3:hr>116</ns3:hr>
            <ns3:cad>85</ns3:cad>
          </ns3:TrackPointExtension>
        </extensions>
      </trkpt>
      <trkpt lat="39.9001257307827472686767578125" lon="116.3175067864358425140380859375">
        <ele>55</ele>
        <time>2026-09-26T23:48:12.000Z</time>
        <extensions>
          <ns3:TrackPointExtension>
            <ns3:atemp>28.0</ns3:atemp>
            <ns3:hr>116</ns3:hr>
            <ns3:cad>85</ns3:cad>
          </ns3:TrackPointExtension>
        </extensions>
      </trkpt>
      <trkpt lat="39.900148697197437286376953125" lon="116.31750703789293766021728515625">
        <ele>55</ele>
        <time>2026-09-26T23:48:13.000Z</time>
        <extensions>
          <ns3:TrackPointExtension>
            <ns3:atemp>28.0</ns3:atemp>
            <ns3:hr>115</ns3:hr>
            <ns3:cad>85</ns3:cad>
          </ns3:TrackPointExtension>
        </extensions>
      </trkpt>
      <trkpt lat="39.90017157979309558868408203125" lon="116.3175098039209842681884765625">
        <ele>55</ele>
        <time>2026-09-26T23:48:14.000Z</time>
        <extensions>
          <ns3:TrackPointExtension>
            <ns3:atemp>28.0</ns3:atemp>
            <ns3:hr>117</ns3:hr>
            <ns3:cad>85</ns3:cad>
          </ns3:TrackPointExtension>
        </extensions>
      </trkpt>
      <trkpt lat="39.90019756369292736053466796875" lon="116.31751022301614284515380859375">
        <ele>55</ele>
        <time>2026-09-26T23:48:15.000Z</time>
        <extensions>
          <ns3:TrackPointExtension>
            <ns3:atemp>28.0</ns3:atemp>
            <ns3:hr>117</ns3:hr>
            <ns3:cad>85</ns3:cad>
          </ns3:TrackPointExtension>
        </extensions>
      </trkpt>
      <trkpt lat="39.90022136829793453216552734375" lon="116.31751340813934803009033203125">
        <ele>55</ele>
        <time>2026-09-26T23:48:16.000Z</time>
        <extensions>
          <ns3:TrackPointExtension>
            <ns3:atemp>28.0</ns3:atemp>
            <ns3:hr>118</ns3:hr>
            <ns3:cad>86</ns3:cad>
          </ns3:TrackPointExtension>
        </extensions>
      </trkpt>
      <trkpt lat="39.90024534054100513458251953125" lon="116.317521035671234130859375">
        <ele>55</ele>
        <time>2026-09-26T23:48:17.000Z</time>
        <extensions>
          <ns3:TrackPointExtension>
            <ns3:atemp>28.0</ns3:atemp>
            <ns3:hr>119</ns3:hr>
            <ns3:cad>86</ns3:cad>
          </ns3:TrackPointExtension>
        </extensions>
      </trkpt>
      <trkpt lat="39.9002690613269805908203125" lon="116.31752095185220241546630859375">
        <ele>55</ele>
        <time>2026-09-26T23:48:18.000Z</time>
        <extensions>
          <ns3:TrackPointExtension>
            <ns3:atemp>28.0</ns3:atemp>
            <ns3:hr>119</ns3:hr>
            <ns3:cad>85</ns3:cad>
          </ns3:TrackPointExtension>
        </extensions>
      </trkpt>
      <trkpt lat="39.90029077045619487762451171875" lon="116.3175185211002826690673828125">
        <ele>55</ele>
        <time>2026-09-26T23:48:19.000Z</time>
        <extensions>
          <ns3:TrackPointExtension>
            <ns3:atemp>28.0</ns3:atemp>
            <ns3:hr>120</ns3:hr>
            <ns3:cad>85</ns3:cad>
          </ns3:TrackPointExtension>
        </extensions>
      </trkpt>
      <trkpt lat="39.9003118090331554412841796875" lon="116.31752170622348785400390625">
        <ele>55</ele>
        <time>2026-09-26T23:48:20.000Z</time>
        <extensions>
          <ns3:TrackPointExtension>
            <ns3:atemp>28.0</ns3:atemp>
            <ns3:hr>120</ns3:hr>
            <ns3:cad>86</ns3:cad>
          </ns3:TrackPointExtension>
        </extensions>
      </trkpt>
      <trkpt lat="39.900329746305942535400390625" lon="116.31752707064151763916015625">
        <ele>55</ele>
        <time>2026-09-26T23:48:21.000Z</time>
        <extensions>
          <ns3:TrackPointExtension>
            <ns3:atemp>28.0</ns3:atemp>
            <ns3:hr>120</ns3:hr>
            <ns3:cad>86</ns3:cad>
          </ns3:TrackPointExtension>
        </extensions>
      </trkpt>
      <trkpt lat="39.90035413764417171478271484375" lon="116.31752782501280307769775390625">
        <ele>55</ele>
        <time>2026-09-26T23:48:22.000Z</time>
        <extensions>
          <ns3:TrackPointExtension>
            <ns3:atemp>28.0</ns3:atemp>
            <ns3:hr>118</ns3:hr>
            <ns3:cad>84</ns3:cad>
          </ns3:TrackPointExtension>
        </extensions>
      </trkpt>
      <trkpt lat="39.90037844516336917877197265625" lon="116.31752698682248592376708984375">
        <ele>55</ele>
        <time>2026-09-26T23:48:23.000Z</time>
        <extensions>
          <ns3:TrackPointExtension>
            <ns3:atemp>28.0</ns3:atemp>
            <ns3:hr>118</ns3:hr>
            <ns3:cad>84</ns3:cad>
          </ns3:TrackPointExtension>
        </extensions>
      </trkpt>
      <trkpt lat="39.90040241740643978118896484375" lon="116.31753637455403804779052734375">
        <ele>55</ele>
        <time>2026-09-26T23:48:24.000Z</time>
        <extensions>
          <ns3:TrackPointExtension>
            <ns3:atemp>28.0</ns3:atemp>
            <ns3:hr>118</ns3:hr>
            <ns3:cad>85</ns3:cad>
          </ns3:TrackPointExtension>
        </extensions>
      </trkpt>
      <trkpt lat="39.90042437799274921417236328125" lon="116.317542828619480133056640625">
        <ele>55</ele>
        <time>2026-09-26T23:48:25.000Z</time>
        <extensions>
          <ns3:TrackPointExtension>
            <ns3:atemp>28.0</ns3:atemp>
            <ns3:hr>117</ns3:hr>
            <ns3:cad>85</ns3:cad>
          </ns3:TrackPointExtension>
        </extensions>
      </trkpt>
      <trkpt lat="39.90044717676937580108642578125" lon="116.31753939203917980194091796875">
        <ele>55</ele>
        <time>2026-09-26T23:48:26.000Z</time>
        <extensions>
          <ns3:TrackPointExtension>
            <ns3:atemp>28.0</ns3:atemp>
            <ns3:hr>120</ns3:hr>
            <ns3:cad>85</ns3:cad>
          </ns3:TrackPointExtension>
        </extensions>
      </trkpt>
      <trkpt lat="39.9004740826785564422607421875" lon="116.3175289146602153778076171875">
        <ele>55</ele>
        <time>2026-09-26T23:48:27.000Z</time>
        <extensions>
          <ns3:TrackPointExtension>
            <ns3:atemp>28.0</ns3:atemp>
            <ns3:hr>122</ns3:hr>
            <ns3:cad>86</ns3:cad>
          </ns3:TrackPointExtension>
        </extensions>
      </trkpt>
      <trkpt lat="39.90049797110259532928466796875" lon="116.31752715446054935455322265625">
        <ele>55</ele>
        <time>2026-09-26T23:48:28.000Z</time>
        <extensions>
          <ns3:TrackPointExtension>
            <ns3:atemp>28.0</ns3:atemp>
            <ns3:hr>121</ns3:hr>
            <ns3:cad>86</ns3:cad>
          </ns3:TrackPointExtension>
        </extensions>
      </trkpt>
      <trkpt lat="39.90052320063114166259765625" lon="116.31753117777407169342041015625">
        <ele>55</ele>
        <time>2026-09-26T23:48:29.000Z</time>
        <extensions>
          <ns3:TrackPointExtension>
            <ns3:atemp>28.0</ns3:atemp>
            <ns3:hr>124</ns3:hr>
            <ns3:cad>86</ns3:cad>
          </ns3:TrackPointExtension>
        </extensions>
      </trkpt>
      <trkpt lat="39.90054407157003879547119140625" lon="116.31753738038241863250732421875">
        <ele>54.799999237060546875</ele>
        <time>2026-09-26T23:48:30.000Z</time>
        <extensions>
          <ns3:TrackPointExtension>
            <ns3:atemp>28.0</ns3:atemp>
            <ns3:hr>122</ns3:hr>
            <ns3:cad>86</ns3:cad>
          </ns3:TrackPointExtension>
        </extensions>
      </trkpt>
      <trkpt lat="39.90056754089891910552978515625" lon="116.31753914058208465576171875">
        <ele>54.799999237060546875</ele>
        <time>2026-09-26T23:48:31.000Z</time>
        <extensions>
          <ns3:TrackPointExtension>
            <ns3:atemp>28.0</ns3:atemp>
            <ns3:hr>122</ns3:hr>
            <ns3:cad>87</ns3:cad>
          </ns3:TrackPointExtension>
        </extensions>
      </trkpt>
      <trkpt lat="39.9005947820842266082763671875" lon="116.3175386376678943634033203125">
        <ele>54.799999237060546875</ele>
        <time>2026-09-26T23:48:32.000Z</time>
        <extensions>
          <ns3:TrackPointExtension>
            <ns3:atemp>28.0</ns3:atemp>
            <ns3:hr>123</ns3:hr>
            <ns3:cad>87</ns3:cad>
          </ns3:TrackPointExtension>
        </extensions>
      </trkpt>
      <trkpt lat="39.90061984397470951080322265625" lon="116.31753235124051570892333984375">
        <ele>54.799999237060546875</ele>
        <time>2026-09-26T23:48:33.000Z</time>
        <extensions>
          <ns3:TrackPointExtension>
            <ns3:atemp>28.0</ns3:atemp>
            <ns3:hr>123</ns3:hr>
            <ns3:cad>87</ns3:cad>
          </ns3:TrackPointExtension>
        </extensions>
      </trkpt>
      <trkpt lat="39.90064348094165325164794921875" lon="116.31752044893801212310791015625">
        <ele>54.799999237060546875</ele>
        <time>2026-09-26T23:48:34.000Z</time>
        <extensions>
          <ns3:TrackPointExtension>
            <ns3:atemp>28.0</ns3:atemp>
            <ns3:hr>123</ns3:hr>
            <ns3:cad>87</ns3:cad>
          </ns3:TrackPointExtension>
        </extensions>
      </trkpt>
      <trkpt lat="39.9006645195186138153076171875" lon="116.317502595484256744384765625">
        <ele>54.799999237060546875</ele>
        <time>2026-09-26T23:48:35.000Z</time>
        <extensions>
          <ns3:TrackPointExtension>
            <ns3:atemp>28.0</ns3:atemp>
            <ns3:hr>123</ns3:hr>
            <ns3:cad>87</ns3:cad>
          </ns3:TrackPointExtension>
        </extensions>
      </trkpt>
      <trkpt lat="39.900688491761684417724609375" lon="116.3174943812191486358642578125">
        <ele>54.799999237060546875</ele>
        <time>2026-09-26T23:48:36.000Z</time>
        <extensions>
          <ns3:TrackPointExtension>
            <ns3:atemp>28.0</ns3:atemp>
            <ns3:hr>123</ns3:hr>
            <ns3:cad>86</ns3:cad>
          </ns3:TrackPointExtension>
        </extensions>
      </trkpt>
      <trkpt lat="39.90071355365216732025146484375" lon="116.31749295629560947418212890625">
        <ele>55</ele>
        <time>2026-09-26T23:48:37.000Z</time>
        <extensions>
          <ns3:TrackPointExtension>
            <ns3:atemp>28.0</ns3:atemp>
            <ns3:hr>124</ns3:hr>
            <ns3:cad>86</ns3:cad>
          </ns3:TrackPointExtension>
        </extensions>
      </trkpt>
      <trkpt lat="39.90073601715266704559326171875" lon="116.31748926825821399688720703125">
        <ele>55</ele>
        <time>2026-09-26T23:48:38.000Z</time>
        <extensions>
          <ns3:TrackPointExtension>
            <ns3:atemp>28.0</ns3:atemp>
            <ns3:hr>123</ns3:hr>
            <ns3:cad>85</ns3:cad>
          </ns3:TrackPointExtension>
        </extensions>
      </trkpt>
      <trkpt lat="39.900747835636138916015625" lon="116.3175010867416858673095703125">
        <ele>55</ele>
        <time>2026-09-26T23:48:39.000Z</time>
        <extensions>
          <ns3:TrackPointExtension>
            <ns3:atemp>28.0</ns3:atemp>
            <ns3:hr>123</ns3:hr>
            <ns3:cad>85</ns3:cad>
          </ns3:TrackPointExtension>
        </extensions>
      </trkpt>
      <trkpt lat="39.90075462497770786285400390625" lon="116.3175143301486968994140625">
        <ele>55</ele>
        <time>2026-09-26T23:48:40.000Z</time>
        <extensions>
          <ns3:TrackPointExtension>
            <ns3:atemp>28.0</ns3:atemp>
            <ns3:hr>123</ns3:hr>
            <ns3:cad>85</ns3:cad>
          </ns3:TrackPointExtension>
        </extensions>
      </trkpt>
      <trkpt lat="39.9007610790431499481201171875" lon="116.317531764507293701171875">
        <ele>55</ele>
        <time>2026-09-26T23:48:41.000Z</time>
        <extensions>
          <ns3:TrackPointExtension>
            <ns3:atemp>28.0</ns3:atemp>
            <ns3:hr>123</ns3:hr>
            <ns3:cad>85</ns3:cad>
          </ns3:TrackPointExtension>
        </extensions>
      </trkpt>
      <trkpt lat="39.90076183341443538665771484375" lon="116.317552886903285980224609375">
        <ele>55</ele>
        <time>2026-09-26T23:48:42.000Z</time>
        <extensions>
          <ns3:TrackPointExtension>
            <ns3:atemp>28.0</ns3:atemp>
            <ns3:hr>123</ns3:hr>
            <ns3:cad>85</ns3:cad>
          </ns3:TrackPointExtension>
        </extensions>
      </trkpt>
      <trkpt lat="39.90077759139239788055419921875" lon="116.3175627775490283966064453125">
        <ele>55</ele>
        <time>2026-09-26T23:48:43.000Z</time>
        <extensions>
          <ns3:TrackPointExtension>
            <ns3:atemp>28.0</ns3:atemp>
            <ns3:hr>122</ns3:hr>
            <ns3:cad>86</ns3:cad>
          </ns3:TrackPointExtension>
        </extensions>
      </trkpt>
      <trkpt lat="39.9008036591112613677978515625" lon="116.3175590895116329193115234375">
        <ele>54.799999237060546875</ele>
        <time>2026-09-26T23:48:44.000Z</time>
        <extensions>
          <ns3:TrackPointExtension>
            <ns3:atemp>28.0</ns3:atemp>
            <ns3:hr>123</ns3:hr>
            <ns3:cad>87</ns3:cad>
          </ns3:TrackPointExtension>
        </extensions>
      </trkpt>
      <trkpt lat="39.90082385949790477752685546875" lon="116.3175510428845882415771484375">
        <ele>54.799999237060546875</ele>
        <time>2026-09-26T23:48:45.000Z</time>
        <extensions>
          <ns3:TrackPointExtension>
            <ns3:atemp>28.0</ns3:atemp>
            <ns3:hr>123</ns3:hr>
            <ns3:cad>87</ns3:cad>
          </ns3:TrackPointExtension>
        </extensions>
      </trkpt>
      <trkpt lat="39.900846071541309356689453125" lon="116.3175393082201480865478515625">
        <ele>54.799999237060546875</ele>
        <time>2026-09-26T23:48:46.000Z</time>
        <extensions>
          <ns3:TrackPointExtension>
            <ns3:atemp>28.0</ns3:atemp>
            <ns3:hr>123</ns3:hr>
            <ns3:cad>87</ns3:cad>
          </ns3:TrackPointExtension>
        </extensions>
      </trkpt>
      <trkpt lat="39.90086677484214305877685546875" lon="116.31752648390829563140869140625">
        <ele>54.799999237060546875</ele>
        <time>2026-09-26T23:48:47.000Z</time>
        <extensions>
          <ns3:TrackPointExtension>
            <ns3:atemp>28.0</ns3:atemp>
            <ns3:hr>123</ns3:hr>
            <ns3:cad>87</ns3:cad>
          </ns3:TrackPointExtension>
        </extensions>
      </trkpt>
      <trkpt lat="39.90088672377169132232666015625" lon="116.31751927547156810760498046875">
        <ele>54.799999237060546875</ele>
        <time>2026-09-26T23:48:48.000Z</time>
        <extensions>
          <ns3:TrackPointExtension>
            <ns3:atemp>28.0</ns3:atemp>
            <ns3:hr>122</ns3:hr>
            <ns3:cad>87</ns3:cad>
          </ns3:TrackPointExtension>
        </extensions>
      </trkpt>
      <trkpt lat="39.90090801380574703216552734375" lon="116.3175128214061260223388671875">
        <ele>54.799999237060546875</ele>
        <time>2026-09-26T23:48:49.000Z</time>
        <extensions>
          <ns3:TrackPointExtension>
            <ns3:atemp>28.0</ns3:atemp>
            <ns3:hr>121</ns3:hr>
            <ns3:cad>86</ns3:cad>
          </ns3:TrackPointExtension>
        </extensions>
      </trkpt>
      <trkpt lat="39.90092821419239044189453125" lon="116.31750050000846385955810546875">
        <ele>54.799999237060546875</ele>
        <time>2026-09-26T23:48:50.000Z</time>
        <extensions>
          <ns3:TrackPointExtension>
            <ns3:atemp>28.0</ns3:atemp>
            <ns3:hr>120</ns3:hr>
            <ns3:cad>86</ns3:cad>
          </ns3:TrackPointExtension>
        </extensions>
      </trkpt>
      <trkpt lat="39.9009427987039089202880859375" lon="116.3175017572939395904541015625">
        <ele>54.799999237060546875</ele>
        <time>2026-09-26T23:48:51.000Z</time>
        <extensions>
          <ns3:TrackPointExtension>
            <ns3:atemp>28.0</ns3:atemp>
            <ns3:hr>119</ns3:hr>
            <ns3:cad>86</ns3:cad>
          </ns3:TrackPointExtension>
        </extensions>
      </trkpt>
      <trkpt lat="39.900962412357330322265625" lon="116.31750351749360561370849609375">
        <ele>54.799999237060546875</ele>
        <time>2026-09-26T23:48:52.000Z</time>
        <extensions>
          <ns3:TrackPointExtension>
            <ns3:atemp>28.0</ns3:atemp>
            <ns3:hr>118</ns3:hr>
            <ns3:cad>86</ns3:cad>
          </ns3:TrackPointExtension>
        </extensions>
      </trkpt>
      <trkpt lat="39.90097842179238796234130859375" lon="116.31750687025487422943115234375">
        <ele>54.59999847412109375</ele>
        <time>2026-09-26T23:48:53.000Z</time>
        <extensions>
          <ns3:TrackPointExtension>
            <ns3:atemp>28.0</ns3:atemp>
            <ns3:hr>117</ns3:hr>
            <ns3:cad>86</ns3:cad>
          </ns3:TrackPointExtension>
        </extensions>
      </trkpt>
      <trkpt lat="39.9009850434958934783935546875" lon="116.31751642562448978424072265625">
        <ele>54.59999847412109375</ele>
        <time>2026-09-26T23:48:54.000Z</time>
        <extensions>
          <ns3:TrackPointExtension>
            <ns3:atemp>28.0</ns3:atemp>
            <ns3:hr>117</ns3:hr>
            <ns3:cad>86</ns3:cad>
          </ns3:TrackPointExtension>
        </extensions>
      </trkpt>
      <trkpt lat="39.9009957723319530487060546875" lon="116.31752598099410533905029296875">
        <ele>54.59999847412109375</ele>
        <time>2026-09-26T23:48:55.000Z</time>
        <extensions>
          <ns3:TrackPointExtension>
            <ns3:atemp>28.0</ns3:atemp>
            <ns3:hr>117</ns3:hr>
            <ns3:cad>86</ns3:cad>
          </ns3:TrackPointExtension>
        </extensions>
      </trkpt>
      <trkpt lat="39.901014380156993865966796875" lon="116.31752707064151763916015625">
        <ele>54.59999847412109375</ele>
        <time>2026-09-26T23:48:56.000Z</time>
        <extensions>
          <ns3:TrackPointExtension>
            <ns3:atemp>28.0</ns3:atemp>
            <ns3:hr>117</ns3:hr>
            <ns3:cad>86</ns3:cad>
          </ns3:TrackPointExtension>
        </extensions>
      </trkpt>
      <trkpt lat="39.9010281264781951904296875" lon="116.317523382604122161865234375">
        <ele>54.59999847412109375</ele>
        <time>2026-09-26T23:48:57.000Z</time>
        <extensions>
          <ns3:TrackPointExtension>
            <ns3:atemp>28.0</ns3:atemp>
            <ns3:hr>117</ns3:hr>
            <ns3:cad>85</ns3:cad>
          </ns3:TrackPointExtension>
        </extensions>
      </trkpt>
      <trkpt lat="39.90105000324547290802001953125" lon="116.31752262823283672332763671875">
        <ele>54.59999847412109375</ele>
        <time>2026-09-26T23:48:58.000Z</time>
        <extensions>
          <ns3:TrackPointExtension>
            <ns3:atemp>28.0</ns3:atemp>
            <ns3:hr>118</ns3:hr>
            <ns3:cad>84</ns3:cad>
          </ns3:TrackPointExtension>
        </extensions>
      </trkpt>
      <trkpt lat="39.90108218975365161895751953125" lon="116.31752296350896358489990234375">
        <ele>54.59999847412109375</ele>
        <time>2026-09-26T23:48:59.000Z</time>
        <extensions>
          <ns3:TrackPointExtension>
            <ns3:atemp>28.0</ns3:atemp>
            <ns3:hr>119</ns3:hr>
            <ns3:cad>84</ns3:cad>
          </ns3:TrackPointExtension>
        </extensions>
      </trkpt>
      <trkpt lat="39.90111999213695526123046875" lon="116.317519359290599822998046875">
        <ele>54.59999847412109375</ele>
        <time>2026-09-26T23:49:00.000Z</time>
        <extensions>
          <ns3:TrackPointExtension>
            <ns3:atemp>28.0</ns3:atemp>
            <ns3:hr>121</ns3:hr>
            <ns3:cad>84</ns3:cad>
          </ns3:TrackPointExtension>
        </extensions>
      </trkpt>
      <trkpt lat="39.9011355824768543243408203125" lon="116.31752128712832927703857421875">
        <ele>54.59999847412109375</ele>
        <time>2026-09-26T23:49:01.000Z</time>
        <extensions>
          <ns3:TrackPointExtension>
            <ns3:atemp>28.0</ns3:atemp>
            <ns3:hr>122</ns3:hr>
            <ns3:cad>84</ns3:cad>
          </ns3:TrackPointExtension>
        </extensions>
      </trkpt>
      <trkpt lat="39.90112963132560253143310546875" lon="116.31754961796104907989501953125">
        <ele>54.40000152587890625</ele>
        <time>2026-09-26T23:49:02.000Z</time>
        <extensions>
          <ns3:TrackPointExtension>
            <ns3:atemp>28.0</ns3:atemp>
            <ns3:hr>122</ns3:hr>
            <ns3:cad>85</ns3:cad>
          </ns3:TrackPointExtension>
        </extensions>
      </trkpt>
      <trkpt lat="39.90113181062042713165283203125" lon="116.317575685679912567138671875">
        <ele>54.40000152587890625</ele>
        <time>2026-09-26T23:49:03.000Z</time>
        <extensions>
          <ns3:TrackPointExtension>
            <ns3:atemp>28.0</ns3:atemp>
            <ns3:hr>122</ns3:hr>
            <ns3:cad>85</ns3:cad>
          </ns3:TrackPointExtension>
        </extensions>
      </trkpt>
      <trkpt lat="39.901133067905902862548828125" lon="116.3176090456545352935791015625">
        <ele>54.40000152587890625</ele>
        <time>2026-09-26T23:49:04.000Z</time>
        <extensions>
          <ns3:TrackPointExtension>
            <ns3:atemp>28.0</ns3:atemp>
            <ns3:hr>121</ns3:hr>
            <ns3:cad>85</ns3:cad>
          </ns3:TrackPointExtension>
        </extensions>
      </trkpt>
      <trkpt lat="39.9011298827826976776123046875" lon="116.3176432438194751739501953125">
        <ele>54.40000152587890625</ele>
        <time>2026-09-26T23:49:05.000Z</time>
        <extensions>
          <ns3:TrackPointExtension>
            <ns3:atemp>28.0</ns3:atemp>
            <ns3:hr>122</ns3:hr>
            <ns3:cad>85</ns3:cad>
          </ns3:TrackPointExtension>
        </extensions>
      </trkpt>
      <trkpt lat="39.90113583393394947052001953125" lon="116.31767903454601764678955078125">
        <ele>54.200000762939453125</ele>
        <time>2026-09-26T23:49:06.000Z</time>
        <extensions>
          <ns3:TrackPointExtension>
            <ns3:atemp>28.0</ns3:atemp>
            <ns3:hr>122</ns3:hr>
            <ns3:cad>85</ns3:cad>
          </ns3:TrackPointExtension>
        </extensions>
      </trkpt>
      <trkpt lat="39.9011329002678394317626953125" lon="116.31771004758775234222412109375">
        <ele>54.200000762939453125</ele>
        <time>2026-09-26T23:49:07.000Z</time>
        <extensions>
          <ns3:TrackPointExtension>
            <ns3:atemp>27.0</ns3:atemp>
            <ns3:hr>123</ns3:hr>
            <ns3:cad>85</ns3:cad>
          </ns3:TrackPointExtension>
        </extensions>
      </trkpt>
      <trkpt lat="39.901134073734283447265625" lon="116.31773519329726696014404296875">
        <ele>54.200000762939453125</ele>
        <time>2026-09-26T23:49:08.000Z</time>
        <extensions>
          <ns3:TrackPointExtension>
            <ns3:atemp>27.0</ns3:atemp>
            <ns3:hr>125</ns3:hr>
            <ns3:cad>86</ns3:cad>
          </ns3:TrackPointExtension>
        </extensions>
      </trkpt>
      <trkpt lat="39.90113130770623683929443359375" lon="116.31776821799576282501220703125">
        <ele>54.200000762939453125</ele>
        <time>2026-09-26T23:49:09.000Z</time>
        <extensions>
          <ns3:TrackPointExtension>
            <ns3:atemp>27.0</ns3:atemp>
            <ns3:hr>124</ns3:hr>
            <ns3:cad>86</ns3:cad>
          </ns3:TrackPointExtension>
        </extensions>
      </trkpt>
      <trkpt lat="39.90113264881074428558349609375" lon="116.31780107505619525909423828125">
        <ele>54.200000762939453125</ele>
        <time>2026-09-26T23:49:10.000Z</time>
        <extensions>
          <ns3:TrackPointExtension>
            <ns3:atemp>27.0</ns3:atemp>
            <ns3:hr>123</ns3:hr>
            <ns3:cad>86</ns3:cad>
          </ns3:TrackPointExtension>
        </extensions>
      </trkpt>
      <trkpt lat="39.901137091219425201416015625" lon="116.31783393211662769317626953125">
        <ele>54</ele>
        <time>2026-09-26T23:49:11.000Z</time>
        <extensions>
          <ns3:TrackPointExtension>
            <ns3:atemp>27.0</ns3:atemp>
            <ns3:hr>124</ns3:hr>
            <ns3:cad>86</ns3:cad>
          </ns3:TrackPointExtension>
        </extensions>
      </trkpt>
      <trkpt lat="39.90114413201808929443359375" lon="116.31786544807255268096923828125">
        <ele>54</ele>
        <time>2026-09-26T23:49:12.000Z</time>
        <extensions>
          <ns3:TrackPointExtension>
            <ns3:atemp>27.0</ns3:atemp>
            <ns3:hr>124</ns3:hr>
            <ns3:cad>87</ns3:cad>
          </ns3:TrackPointExtension>
        </extensions>
      </trkpt>
      <trkpt lat="39.90115058608353137969970703125" lon="116.31789763458073139190673828125">
        <ele>54</ele>
        <time>2026-09-26T23:49:13.000Z</time>
        <extensions>
          <ns3:TrackPointExtension>
            <ns3:atemp>27.0</ns3:atemp>
            <ns3:hr>125</ns3:hr>
            <ns3:cad>87</ns3:cad>
          </ns3:TrackPointExtension>
        </extensions>
      </trkpt>
      <trkpt lat="39.9011426232755184173583984375" lon="116.31792395375669002532958984375">
        <ele>54</ele>
        <time>2026-09-26T23:49:14.000Z</time>
        <extensions>
          <ns3:TrackPointExtension>
            <ns3:atemp>27.0</ns3:atemp>
            <ns3:hr>124</ns3:hr>
            <ns3:cad>87</ns3:cad>
          </ns3:TrackPointExtension>
        </extensions>
      </trkpt>
      <trkpt lat="39.9011255241930484771728515625" lon="116.31794993765652179718017578125">
        <ele>54</ele>
        <time>2026-09-26T23:49:15.000Z</time>
        <extensions>
          <ns3:TrackPointExtension>
            <ns3:atemp>27.0</ns3:atemp>
            <ns3:hr>124</ns3:hr>
            <ns3:cad>86</ns3:cad>
          </ns3:TrackPointExtension>
        </extensions>
      </trkpt>
      <trkpt lat="39.90113072097301483154296875" lon="116.317982040345668792724609375">
        <ele>54</ele>
        <time>2026-09-26T23:49:16.000Z</time>
        <extensions>
          <ns3:TrackPointExtension>
            <ns3:atemp>27.0</ns3:atemp>
            <ns3:hr>124</ns3:hr>
            <ns3:cad>86</ns3:cad>
          </ns3:TrackPointExtension>
        </extensions>
      </trkpt>
      <trkpt lat="39.90116248838603496551513671875" lon="116.318012885749340057373046875">
        <ele>54</ele>
        <time>2026-09-26T23:49:17.000Z</time>
        <extensions>
          <ns3:TrackPointExtension>
            <ns3:atemp>27.0</ns3:atemp>
            <ns3:hr>124</ns3:hr>
            <ns3:cad>86</ns3:cad>
          </ns3:TrackPointExtension>
        </extensions>
      </trkpt>
      <trkpt lat="39.90117724053561687469482421875" lon="116.31804473698139190673828125">
        <ele>53.799999237060546875</ele>
        <time>2026-09-26T23:49:18.000Z</time>
        <extensions>
          <ns3:TrackPointExtension>
            <ns3:atemp>27.0</ns3:atemp>
            <ns3:hr>124</ns3:hr>
            <ns3:cad>85</ns3:cad>
          </ns3:TrackPointExtension>
        </extensions>
      </trkpt>
      <trkpt lat="39.90119735710322856903076171875" lon="116.31807717494666576385498046875">
        <ele>53.799999237060546875</ele>
        <time>2026-09-26T23:49:19.000Z</time>
        <extensions>
          <ns3:TrackPointExtension>
            <ns3:atemp>27.0</ns3:atemp>
            <ns3:hr>124</ns3:hr>
            <ns3:cad>85</ns3:cad>
          </ns3:TrackPointExtension>
        </extensions>
      </trkpt>
      <trkpt lat="39.9012116901576519012451171875" lon="116.31811003200709819793701171875">
        <ele>53.799999237060546875</ele>
        <time>2026-09-26T23:49:20.000Z</time>
        <extensions>
          <ns3:TrackPointExtension>
            <ns3:atemp>27.0</ns3:atemp>
            <ns3:hr>124</ns3:hr>
            <ns3:cad>85</ns3:cad>
          </ns3:TrackPointExtension>
        </extensions>
      </trkpt>
      <trkpt lat="39.90123993717133998870849609375" lon="116.31814339198172092437744140625">
        <ele>53.799999237060546875</ele>
        <time>2026-09-26T23:49:21.000Z</time>
        <extensions>
          <ns3:TrackPointExtension>
            <ns3:atemp>27.0</ns3:atemp>
            <ns3:hr>123</ns3:hr>
            <ns3:cad>85</ns3:cad>
          </ns3:TrackPointExtension>
        </extensions>
      </trkpt>
      <trkpt lat="39.90127095021307468414306640625" lon="116.31817993707954883575439453125">
        <ele>53.799999237060546875</ele>
        <time>2026-09-26T23:49:22.000Z</time>
        <extensions>
          <ns3:TrackPointExtension>
            <ns3:atemp>27.0</ns3:atemp>
            <ns3:hr>123</ns3:hr>
            <ns3:cad>85</ns3:cad>
          </ns3:TrackPointExtension>
        </extensions>
      </trkpt>
      <trkpt lat="39.90127866156399250030517578125" lon="116.31821631453931331634521484375">
        <ele>53.799999237060546875</ele>
        <time>2026-09-26T23:49:23.000Z</time>
        <extensions>
          <ns3:TrackPointExtension>
            <ns3:atemp>27.0</ns3:atemp>
            <ns3:hr>123</ns3:hr>
            <ns3:cad>85</ns3:cad>
          </ns3:TrackPointExtension>
        </extensions>
      </trkpt>
      <trkpt lat="39.90126089192926883697509765625" lon="116.318234503269195556640625">
        <ele>53.799999237060546875</ele>
        <time>2026-09-26T23:49:24.000Z</time>
        <extensions>
          <ns3:TrackPointExtension>
            <ns3:atemp>27.0</ns3:atemp>
            <ns3:hr>123</ns3:hr>
            <ns3:cad>85</ns3:cad>
          </ns3:TrackPointExtension>
        </extensions>
      </trkpt>
      <trkpt lat="39.90124848671257495880126953125" lon="116.3182571344077587127685546875">
        <ele>53.799999237060546875</ele>
        <time>2026-09-26T23:49:25.000Z</time>
        <extensions>
          <ns3:TrackPointExtension>
            <ns3:atemp>27.0</ns3:atemp>
            <ns3:hr>123</ns3:hr>
            <ns3:cad>86</ns3:cad>
          </ns3:TrackPointExtension>
        </extensions>
      </trkpt>
      <trkpt lat="39.90124396048486232757568359375" lon="116.31828345358371734619140625">
        <ele>53.799999237060546875</ele>
        <time>2026-09-26T23:49:26.000Z</time>
        <extensions>
          <ns3:TrackPointExtension>
            <ns3:atemp>27.0</ns3:atemp>
            <ns3:hr>122</ns3:hr>
            <ns3:cad>86</ns3:cad>
          </ns3:TrackPointExtension>
        </extensions>
      </trkpt>
      <trkpt lat="39.901249743998050689697265625" lon="116.3183141313493251800537109375">
        <ele>53.799999237060546875</ele>
        <time>2026-09-26T23:49:27.000Z</time>
        <extensions>
          <ns3:TrackPointExtension>
            <ns3:atemp>27.0</ns3:atemp>
            <ns3:hr>122</ns3:hr>
            <ns3:cad>86</ns3:cad>
          </ns3:TrackPointExtension>
        </extensions>
      </trkpt>
      <trkpt lat="39.90125812590122222900390625" lon="116.31834254600107669830322265625">
        <ele>53.799999237060546875</ele>
        <time>2026-09-26T23:49:28.000Z</time>
        <extensions>
          <ns3:TrackPointExtension>
            <ns3:atemp>27.0</ns3:atemp>
            <ns3:hr>122</ns3:hr>
            <ns3:cad>86</ns3:cad>
          </ns3:TrackPointExtension>
        </extensions>
      </trkpt>
      <trkpt lat="39.9012743867933750152587890625" lon="116.3183753192424774169921875">
        <ele>54</ele>
        <time>2026-09-26T23:49:29.000Z</time>
        <extensions>
          <ns3:TrackPointExtension>
            <ns3:atemp>27.0</ns3:atemp>
            <ns3:hr>122</ns3:hr>
            <ns3:cad>86</ns3:cad>
          </ns3:TrackPointExtension>
        </extensions>
      </trkpt>
      <trkpt lat="39.90127866156399250030517578125" lon="116.318405829370021820068359375">
        <ele>53.799999237060546875</ele>
        <time>2026-09-26T23:49:30.000Z</time>
        <extensions>
          <ns3:TrackPointExtension>
            <ns3:atemp>27.0</ns3:atemp>
            <ns3:hr>121</ns3:hr>
            <ns3:cad>86</ns3:cad>
          </ns3:TrackPointExtension>
        </extensions>
      </trkpt>
      <trkpt lat="39.90129374898970127105712890625" lon="116.31844128482043743133544921875">
        <ele>54</ele>
        <time>2026-09-26T23:49:31.000Z</time>
        <extensions>
          <ns3:TrackPointExtension>
            <ns3:atemp>27.0</ns3:atemp>
            <ns3:hr>121</ns3:hr>
            <ns3:cad>87</ns3:cad>
          </ns3:TrackPointExtension>
        </extensions>
      </trkpt>
      <trkpt lat="39.90129542537033557891845703125" lon="116.31847162730991840362548828125">
        <ele>54</ele>
        <time>2026-09-26T23:49:32.000Z</time>
        <extensions>
          <ns3:TrackPointExtension>
            <ns3:atemp>27.0</ns3:atemp>
            <ns3:hr>121</ns3:hr>
            <ns3:cad>87</ns3:cad>
          </ns3:TrackPointExtension>
        </extensions>
      </trkpt>
      <trkpt lat="39.9013017117977142333984375" lon="116.31849828176200389862060546875">
        <ele>54</ele>
        <time>2026-09-26T23:49:33.000Z</time>
        <extensions>
          <ns3:TrackPointExtension>
            <ns3:atemp>27.0</ns3:atemp>
            <ns3:hr>121</ns3:hr>
            <ns3:cad>88</ns3:cad>
          </ns3:TrackPointExtension>
        </extensions>
      </trkpt>
      <trkpt lat="39.90128871984779834747314453125" lon="116.31852082908153533935546875">
        <ele>54</ele>
        <time>2026-09-26T23:49:34.000Z</time>
        <extensions>
          <ns3:TrackPointExtension>
            <ns3:atemp>27.0</ns3:atemp>
            <ns3:hr>121</ns3:hr>
            <ns3:cad>88</ns3:cad>
          </ns3:TrackPointExtension>
        </extensions>
      </trkpt>
      <trkpt lat="39.90127296186983585357666015625" lon="116.318545974791049957275390625">
        <ele>54</ele>
        <time>2026-09-26T23:49:35.000Z</time>
        <extensions>
          <ns3:TrackPointExtension>
            <ns3:atemp>27.0</ns3:atemp>
            <ns3:hr>120</ns3:hr>
            <ns3:cad>88</ns3:cad>
          </ns3:TrackPointExtension>
        </extensions>
      </trkpt>
      <trkpt lat="39.90128134377300739288330078125" lon="116.31857807748019695281982421875">
        <ele>54</ele>
        <time>2026-09-26T23:49:36.000Z</time>
        <extensions>
          <ns3:TrackPointExtension>
            <ns3:atemp>27.0</ns3:atemp>
            <ns3:hr>120</ns3:hr>
            <ns3:cad>87</ns3:cad>
          </ns3:TrackPointExtension>
        </extensions>
      </trkpt>
      <trkpt lat="39.90128695964813232421875" lon="116.31860557012259960174560546875">
        <ele>54</ele>
        <time>2026-09-26T23:49:37.000Z</time>
        <extensions>
          <ns3:TrackPointExtension>
            <ns3:atemp>27.0</ns3:atemp>
            <ns3:hr>120</ns3:hr>
            <ns3:cad>87</ns3:cad>
          </ns3:TrackPointExtension>
        </extensions>
      </trkpt>
      <trkpt lat="39.901288636028766632080078125" lon="116.31863691844046115875244140625">
        <ele>54</ele>
        <time>2026-09-26T23:49:38.000Z</time>
        <extensions>
          <ns3:TrackPointExtension>
            <ns3:atemp>27.0</ns3:atemp>
            <ns3:hr>121</ns3:hr>
            <ns3:cad>87</ns3:cad>
          </ns3:TrackPointExtension>
        </extensions>
      </trkpt>
      <trkpt lat="39.90128587000072002410888671875" lon="116.3186634890735149383544921875">
        <ele>53.799999237060546875</ele>
        <time>2026-09-26T23:49:39.000Z</time>
        <extensions>
          <ns3:TrackPointExtension>
            <ns3:atemp>27.0</ns3:atemp>
            <ns3:hr>121</ns3:hr>
            <ns3:cad>87</ns3:cad>
          </ns3:TrackPointExtension>
        </extensions>
      </trkpt>
      <trkpt lat="39.9012864567339420318603515625" lon="116.3186923228204250335693359375">
        <ele>53.799999237060546875</ele>
        <time>2026-09-26T23:49:40.000Z</time>
        <extensions>
          <ns3:TrackPointExtension>
            <ns3:atemp>27.0</ns3:atemp>
            <ns3:hr>121</ns3:hr>
            <ns3:cad>87</ns3:cad>
          </ns3:TrackPointExtension>
        </extensions>
      </trkpt>
      <trkpt lat="39.901289977133274078369140625" lon="116.3187178038060665130615234375">
        <ele>53.799999237060546875</ele>
        <time>2026-09-26T23:49:41.000Z</time>
        <extensions>
          <ns3:TrackPointExtension>
            <ns3:atemp>27.0</ns3:atemp>
            <ns3:hr>121</ns3:hr>
            <ns3:cad>87</ns3:cad>
          </ns3:TrackPointExtension>
        </extensions>
      </trkpt>
      <trkpt lat="39.9012877978384494781494140625" lon="116.3187540136277675628662109375">
        <ele>53.799999237060546875</ele>
        <time>2026-09-26T23:49:42.000Z</time>
        <extensions>
          <ns3:TrackPointExtension>
            <ns3:atemp>27.0</ns3:atemp>
            <ns3:hr>121</ns3:hr>
            <ns3:cad>87</ns3:cad>
          </ns3:TrackPointExtension>
        </extensions>
      </trkpt>
      <trkpt lat="39.90129324607551097869873046875" lon="116.31878460757434368133544921875">
        <ele>53.799999237060546875</ele>
        <time>2026-09-26T23:49:43.000Z</time>
        <extensions>
          <ns3:TrackPointExtension>
            <ns3:atemp>27.0</ns3:atemp>
            <ns3:hr>121</ns3:hr>
            <ns3:cad>87</ns3:cad>
          </ns3:TrackPointExtension>
        </extensions>
      </trkpt>
      <trkpt lat="39.90129995159804821014404296875" lon="116.31880790926516056060791015625">
        <ele>53.799999237060546875</ele>
        <time>2026-09-26T23:49:44.000Z</time>
        <extensions>
          <ns3:TrackPointExtension>
            <ns3:atemp>27.0</ns3:atemp>
            <ns3:hr>121</ns3:hr>
            <ns3:cad>87</ns3:cad>
          </ns3:TrackPointExtension>
        </extensions>
      </trkpt>
      <trkpt lat="39.90130011923611164093017578125" lon="116.3188408501446247100830078125">
        <ele>53.799999237060546875</ele>
        <time>2026-09-26T23:49:45.000Z</time>
        <extensions>
          <ns3:TrackPointExtension>
            <ns3:atemp>27.0</ns3:atemp>
            <ns3:hr>121</ns3:hr>
            <ns3:cad>87</ns3:cad>
          </ns3:TrackPointExtension>
        </extensions>
      </trkpt>
      <trkpt lat="39.901293329894542694091796875" lon="116.31886557675898075103759765625">
        <ele>53.799999237060546875</ele>
        <time>2026-09-26T23:49:46.000Z</time>
        <extensions>
          <ns3:TrackPointExtension>
            <ns3:atemp>27.0</ns3:atemp>
            <ns3:hr>121</ns3:hr>
            <ns3:cad>88</ns3:cad>
          </ns3:TrackPointExtension>
        </extensions>
      </trkpt>
      <trkpt lat="39.9012938328087329864501953125" lon="116.3188938237726688385009765625">
        <ele>53.799999237060546875</ele>
        <time>2026-09-26T23:49:47.000Z</time>
        <extensions>
          <ns3:TrackPointExtension>
            <ns3:atemp>27.0</ns3:atemp>
            <ns3:hr>121</ns3:hr>
            <ns3:cad>88</ns3:cad>
          </ns3:TrackPointExtension>
        </extensions>
      </trkpt>
      <trkpt lat="39.901295341551303863525390625" lon="116.3189193047583103179931640625">
        <ele>53.799999237060546875</ele>
        <time>2026-09-26T23:49:48.000Z</time>
        <extensions>
          <ns3:TrackPointExtension>
            <ns3:atemp>27.0</ns3:atemp>
            <ns3:hr>121</ns3:hr>
            <ns3:cad>87</ns3:cad>
          </ns3:TrackPointExtension>
        </extensions>
      </trkpt>
      <trkpt lat="39.901290647685527801513671875" lon="116.31894595921039581298828125">
        <ele>54</ele>
        <time>2026-09-26T23:49:49.000Z</time>
        <extensions>
          <ns3:TrackPointExtension>
            <ns3:atemp>27.0</ns3:atemp>
            <ns3:hr>121</ns3:hr>
            <ns3:cad>87</ns3:cad>
          </ns3:TrackPointExtension>
        </extensions>
      </trkpt>
      <trkpt lat="39.90129844285547733306884765625" lon="116.3189763016998767852783203125">
        <ele>53.799999237060546875</ele>
        <time>2026-09-26T23:49:50.000Z</time>
        <extensions>
          <ns3:TrackPointExtension>
            <ns3:atemp>27.0</ns3:atemp>
            <ns3:hr>121</ns3:hr>
            <ns3:cad>86</ns3:cad>
          </ns3:TrackPointExtension>
        </extensions>
      </trkpt>
      <trkpt lat="39.9012991972267627716064453125" lon="116.31900505162775516510009765625">
        <ele>54</ele>
        <time>2026-09-26T23:49:51.000Z</time>
        <extensions>
          <ns3:TrackPointExtension>
            <ns3:atemp>27.0</ns3:atemp>
            <ns3:hr>121</ns3:hr>
            <ns3:cad>86</ns3:cad>
          </ns3:TrackPointExtension>
        </extensions>
      </trkpt>
      <trkpt lat="39.90129928104579448699951171875" lon="116.3190326280891895294189453125">
        <ele>54</ele>
        <time>2026-09-26T23:49:52.000Z</time>
        <extensions>
          <ns3:TrackPointExtension>
            <ns3:atemp>27.0</ns3:atemp>
            <ns3:hr>122</ns3:hr>
            <ns3:cad>86</ns3:cad>
          </ns3:TrackPointExtension>
        </extensions>
      </trkpt>
      <trkpt lat="39.9012975208461284637451171875" lon="116.31905651651322841644287109375">
        <ele>54</ele>
        <time>2026-09-26T23:49:53.000Z</time>
        <extensions>
          <ns3:TrackPointExtension>
            <ns3:atemp>27.0</ns3:atemp>
            <ns3:hr>121</ns3:hr>
            <ns3:cad>86</ns3:cad>
          </ns3:TrackPointExtension>
        </extensions>
      </trkpt>
      <trkpt lat="39.90129425190389156341552734375" lon="116.3190842606127262115478515625">
        <ele>54</ele>
        <time>2026-09-26T23:49:54.000Z</time>
        <extensions>
          <ns3:TrackPointExtension>
            <ns3:atemp>27.0</ns3:atemp>
            <ns3:hr>122</ns3:hr>
            <ns3:cad>86</ns3:cad>
          </ns3:TrackPointExtension>
        </extensions>
      </trkpt>
      <trkpt lat="39.90129089914262294769287109375" lon="116.31910714320838451385498046875">
        <ele>54</ele>
        <time>2026-09-26T23:49:55.000Z</time>
        <extensions>
          <ns3:TrackPointExtension>
            <ns3:atemp>27.0</ns3:atemp>
            <ns3:hr>124</ns3:hr>
            <ns3:cad>87</ns3:cad>
          </ns3:TrackPointExtension>
        </extensions>
      </trkpt>
      <trkpt lat="39.9012824334204196929931640625" lon="116.3191352225840091705322265625">
        <ele>54</ele>
        <time>2026-09-26T23:49:56.000Z</time>
        <extensions>
          <ns3:TrackPointExtension>
            <ns3:atemp>27.0</ns3:atemp>
            <ns3:hr>124</ns3:hr>
            <ns3:cad>87</ns3:cad>
          </ns3:TrackPointExtension>
        </extensions>
      </trkpt>
      <trkpt lat="39.90127690136432647705078125" lon="116.31916061975061893463134765625">
        <ele>54</ele>
        <time>2026-09-26T23:49:57.000Z</time>
        <extensions>
          <ns3:TrackPointExtension>
            <ns3:atemp>27.0</ns3:atemp>
            <ns3:hr>124</ns3:hr>
            <ns3:cad>87</ns3:cad>
          </ns3:TrackPointExtension>
        </extensions>
      </trkpt>
      <trkpt lat="39.90127329714596271514892578125" lon="116.3191881962120532989501953125">
        <ele>54</ele>
        <time>2026-09-26T23:49:58.000Z</time>
        <extensions>
          <ns3:TrackPointExtension>
            <ns3:atemp>27.0</ns3:atemp>
            <ns3:hr>124</ns3:hr>
            <ns3:cad>87</ns3:cad>
          </ns3:TrackPointExtension>
        </extensions>
      </trkpt>
      <trkpt lat="39.90127212367951869964599609375" lon="116.31921376101672649383544921875">
        <ele>54</ele>
        <time>2026-09-26T23:49:59.000Z</time>
        <extensions>
          <ns3:TrackPointExtension>
            <ns3:atemp>27.0</ns3:atemp>
            <ns3:hr>124</ns3:hr>
            <ns3:cad>87</ns3:cad>
          </ns3:TrackPointExtension>
        </extensions>
      </trkpt>
      <trkpt lat="39.90126692689955234527587890625" lon="116.31924142129719257354736328125">
        <ele>54</ele>
        <time>2026-09-26T23:50:00.000Z</time>
        <extensions>
          <ns3:TrackPointExtension>
            <ns3:atemp>27.0</ns3:atemp>
            <ns3:hr>124</ns3:hr>
            <ns3:cad>86</ns3:cad>
          </ns3:TrackPointExtension>
        </extensions>
      </trkpt>
      <trkpt lat="39.9012649990618228912353515625" lon="116.319270171225070953369140625">
        <ele>54</ele>
        <time>2026-09-26T23:50:01.000Z</time>
        <extensions>
          <ns3:TrackPointExtension>
            <ns3:atemp>27.0</ns3:atemp>
            <ns3:hr>124</ns3:hr>
            <ns3:cad>86</ns3:cad>
          </ns3:TrackPointExtension>
        </extensions>
      </trkpt>
      <trkpt lat="39.90125678479671478271484375" lon="116.31929908879101276397705078125">
        <ele>54</ele>
        <time>2026-09-26T23:50:02.000Z</time>
        <extensions>
          <ns3:TrackPointExtension>
            <ns3:atemp>27.0</ns3:atemp>
            <ns3:hr>125</ns3:hr>
            <ns3:cad>86</ns3:cad>
          </ns3:TrackPointExtension>
        </extensions>
      </trkpt>
      <trkpt lat="39.9012465588748455047607421875" lon="116.319328844547271728515625">
        <ele>54.200000762939453125</ele>
        <time>2026-09-26T23:50:03.000Z</time>
        <extensions>
          <ns3:TrackPointExtension>
            <ns3:atemp>27.0</ns3:atemp>
            <ns3:hr>125</ns3:hr>
            <ns3:cad>86</ns3:cad>
          </ns3:TrackPointExtension>
        </extensions>
      </trkpt>
      <trkpt lat="39.9012373387813568115234375" lon="116.319357343018054962158203125">
        <ele>54.200000762939453125</ele>
        <time>2026-09-26T23:50:04.000Z</time>
        <extensions>
          <ns3:TrackPointExtension>
            <ns3:atemp>27.0</ns3:atemp>
            <ns3:hr>125</ns3:hr>
            <ns3:cad>86</ns3:cad>
          </ns3:TrackPointExtension>
        </extensions>
      </trkpt>
      <trkpt lat="39.90121931768953800201416015625" lon="116.3193838298320770263671875">
        <ele>54.200000762939453125</ele>
        <time>2026-09-26T23:50:05.000Z</time>
        <extensions>
          <ns3:TrackPointExtension>
            <ns3:atemp>27.0</ns3:atemp>
            <ns3:hr>125</ns3:hr>
            <ns3:cad>86</ns3:cad>
          </ns3:TrackPointExtension>
        </extensions>
      </trkpt>
      <trkpt lat="39.9011976085603237152099609375" lon="116.31939397193491458892822265625">
        <ele>54.200000762939453125</ele>
        <time>2026-09-26T23:50:06.000Z</time>
        <extensions>
          <ns3:TrackPointExtension>
            <ns3:atemp>27.0</ns3:atemp>
            <ns3:hr>125</ns3:hr>
            <ns3:cad>86</ns3:cad>
          </ns3:TrackPointExtension>
        </extensions>
      </trkpt>
      <trkpt lat="39.90117967128753662109375" lon="116.3194034434854984283447265625">
        <ele>54.40000152587890625</ele>
        <time>2026-09-26T23:50:07.000Z</time>
        <extensions>
          <ns3:TrackPointExtension>
            <ns3:atemp>27.0</ns3:atemp>
            <ns3:hr>125</ns3:hr>
            <ns3:cad>86</ns3:cad>
          </ns3:TrackPointExtension>
        </extensions>
      </trkpt>
      <trkpt lat="39.90116701461374759674072265625" lon="116.3194044493138790130615234375">
        <ele>54.59999847412109375</ele>
        <time>2026-09-26T23:50:08.000Z</time>
        <extensions>
          <ns3:TrackPointExtension>
            <ns3:atemp>27.0</ns3:atemp>
            <ns3:hr>126</ns3:hr>
            <ns3:cad>86</ns3:cad>
          </ns3:TrackPointExtension>
        </extensions>
      </trkpt>
      <trkpt lat="39.90115980617702007293701171875" lon="116.3194061256945133209228515625">
        <ele>54.59999847412109375</ele>
        <time>2026-09-26T23:50:09.000Z</time>
        <extensions>
          <ns3:TrackPointExtension>
            <ns3:atemp>27.0</ns3:atemp>
            <ns3:hr>126</ns3:hr>
            <ns3:cad>85</ns3:cad>
          </ns3:TrackPointExtension>
        </extensions>
      </trkpt>
      <trkpt lat="39.9011506699025630950927734375" lon="116.31940704770386219024658203125">
        <ele>54.59999847412109375</ele>
        <time>2026-09-26T23:50:10.000Z</time>
        <extensions>
          <ns3:TrackPointExtension>
            <ns3:atemp>27.0</ns3:atemp>
            <ns3:hr>127</ns3:hr>
            <ns3:cad>85</ns3:cad>
          </ns3:TrackPointExtension>
        </extensions>
      </trkpt>
      <trkpt lat="39.90113985724747180938720703125" lon="116.3194079697132110595703125">
        <ele>54.799999237060546875</ele>
        <time>2026-09-26T23:50:11.000Z</time>
        <extensions>
          <ns3:TrackPointExtension>
            <ns3:atemp>27.0</ns3:atemp>
            <ns3:hr>127</ns3:hr>
            <ns3:cad>84</ns3:cad>
          </ns3:TrackPointExtension>
        </extensions>
      </trkpt>
      <trkpt lat="39.90112803876399993896484375" lon="116.319408975541591644287109375">
        <ele>54.799999237060546875</ele>
        <time>2026-09-26T23:50:12.000Z</time>
        <extensions>
          <ns3:TrackPointExtension>
            <ns3:atemp>27.0</ns3:atemp>
            <ns3:hr>127</ns3:hr>
            <ns3:cad>84</ns3:cad>
          </ns3:TrackPointExtension>
        </extensions>
      </trkpt>
      <trkpt lat="39.90112141706049442291259765625" lon="116.3194128312170505523681640625">
        <ele>54.799999237060546875</ele>
        <time>2026-09-26T23:50:13.000Z</time>
        <extensions>
          <ns3:TrackPointExtension>
            <ns3:atemp>27.0</ns3:atemp>
            <ns3:hr>127</ns3:hr>
            <ns3:cad>84</ns3:cad>
          </ns3:TrackPointExtension>
        </extensions>
      </trkpt>
      <trkpt lat="39.90111529827117919921875" lon="116.31941777653992176055908203125">
        <ele>55</ele>
        <time>2026-09-26T23:50:14.000Z</time>
        <extensions>
          <ns3:TrackPointExtension>
            <ns3:atemp>27.0</ns3:atemp>
            <ns3:hr>127</ns3:hr>
            <ns3:cad>84</ns3:cad>
          </ns3:TrackPointExtension>
        </extensions>
      </trkpt>
      <trkpt lat="39.90110750310122966766357421875" lon="116.3194212131202220916748046875">
        <ele>55</ele>
        <time>2026-09-26T23:50:15.000Z</time>
        <extensions>
          <ns3:TrackPointExtension>
            <ns3:atemp>27.0</ns3:atemp>
            <ns3:hr>127</ns3:hr>
            <ns3:cad>84</ns3:cad>
          </ns3:TrackPointExtension>
        </extensions>
      </trkpt>
      <trkpt lat="39.90109409205615520477294921875" lon="116.319417022168636322021484375">
        <ele>55.200000762939453125</ele>
        <time>2026-09-26T23:50:16.000Z</time>
        <extensions>
          <ns3:TrackPointExtension>
            <ns3:atemp>27.0</ns3:atemp>
            <ns3:hr>126</ns3:hr>
            <ns3:cad>84</ns3:cad>
          </ns3:TrackPointExtension>
        </extensions>
      </trkpt>
      <trkpt lat="39.90107850171625614166259765625" lon="116.3194215483963489532470703125">
        <ele>55.40000152587890625</ele>
        <time>2026-09-26T23:50:17.000Z</time>
        <extensions>
          <ns3:TrackPointExtension>
            <ns3:atemp>27.0</ns3:atemp>
            <ns3:hr>126</ns3:hr>
            <ns3:cad>84</ns3:cad>
          </ns3:TrackPointExtension>
        </extensions>
      </trkpt>
      <trkpt lat="39.90106576122343540191650390625" lon="116.31942498497664928436279296875">
        <ele>55.40000152587890625</ele>
        <time>2026-09-26T23:50:18.000Z</time>
        <extensions>
          <ns3:TrackPointExtension>
            <ns3:atemp>27.0</ns3:atemp>
            <ns3:hr>126</ns3:hr>
            <ns3:cad>84</ns3:cad>
          </ns3:TrackPointExtension>
        </extensions>
      </trkpt>
      <trkpt lat="39.90105017088353633880615234375" lon="116.3194349594414234161376953125">
        <ele>55.40000152587890625</ele>
        <time>2026-09-26T23:50:19.000Z</time>
        <extensions>
          <ns3:TrackPointExtension>
            <ns3:atemp>27.0</ns3:atemp>
            <ns3:hr>126</ns3:hr>
            <ns3:cad>84</ns3:cad>
          </ns3:TrackPointExtension>
        </extensions>
      </trkpt>
      <trkpt lat="39.90103684365749359130859375" lon="116.3194443471729755401611328125">
        <ele>55.59999847412109375</ele>
        <time>2026-09-26T23:50:20.000Z</time>
        <extensions>
          <ns3:TrackPointExtension>
            <ns3:atemp>27.0</ns3:atemp>
            <ns3:hr>126</ns3:hr>
            <ns3:cad>84</ns3:cad>
          </ns3:TrackPointExtension>
        </extensions>
      </trkpt>
      <trkpt lat="39.90102150477468967437744140625" lon="116.3194507174193859100341796875">
        <ele>55.59999847412109375</ele>
        <time>2026-09-26T23:50:21.000Z</time>
        <extensions>
          <ns3:TrackPointExtension>
            <ns3:atemp>27.0</ns3:atemp>
            <ns3:hr>126</ns3:hr>
            <ns3:cad>84</ns3:cad>
          </ns3:TrackPointExtension>
        </extensions>
      </trkpt>
      <trkpt lat="39.90100742317736148834228515625" lon="116.31945960223674774169921875">
        <ele>55.59999847412109375</ele>
        <time>2026-09-26T23:50:22.000Z</time>
        <extensions>
          <ns3:TrackPointExtension>
            <ns3:atemp>27.0</ns3:atemp>
            <ns3:hr>127</ns3:hr>
            <ns3:cad>84</ns3:cad>
          </ns3:TrackPointExtension>
        </extensions>
      </trkpt>
      <trkpt lat="39.90099602378904819488525390625" lon="116.31946924142539501190185546875">
        <ele>55.59999847412109375</ele>
        <time>2026-09-26T23:50:23.000Z</time>
        <extensions>
          <ns3:TrackPointExtension>
            <ns3:atemp>27.0</ns3:atemp>
            <ns3:hr>126</ns3:hr>
            <ns3:cad>85</ns3:cad>
          </ns3:TrackPointExtension>
        </extensions>
      </trkpt>
      <trkpt lat="39.900989234447479248046875" lon="116.31947829388082027435302734375">
        <ele>55.59999847412109375</ele>
        <time>2026-09-26T23:50:24.000Z</time>
        <extensions>
          <ns3:TrackPointExtension>
            <ns3:atemp>27.0</ns3:atemp>
            <ns3:hr>126</ns3:hr>
            <ns3:cad>85</ns3:cad>
          </ns3:TrackPointExtension>
        </extensions>
      </trkpt>
      <trkpt lat="39.90097523666918277740478515625" lon="116.31949053145945072174072265625">
        <ele>55.59999847412109375</ele>
        <time>2026-09-26T23:50:25.000Z</time>
        <extensions>
          <ns3:TrackPointExtension>
            <ns3:atemp>27.0</ns3:atemp>
            <ns3:hr>126</ns3:hr>
            <ns3:cad>85</ns3:cad>
          </ns3:TrackPointExtension>
        </extensions>
      </trkpt>
      <trkpt lat="39.9009609036147594451904296875" lon="116.319498158991336822509765625">
        <ele>55.59999847412109375</ele>
        <time>2026-09-26T23:50:26.000Z</time>
        <extensions>
          <ns3:TrackPointExtension>
            <ns3:atemp>27.0</ns3:atemp>
            <ns3:hr>126</ns3:hr>
            <ns3:cad>85</ns3:cad>
          </ns3:TrackPointExtension>
        </extensions>
      </trkpt>
      <trkpt lat="39.90094606764614582061767578125" lon="116.3195036910474300384521484375">
        <ele>55.59999847412109375</ele>
        <time>2026-09-26T23:50:27.000Z</time>
        <extensions>
          <ns3:TrackPointExtension>
            <ns3:atemp>27.0</ns3:atemp>
            <ns3:hr>127</ns3:hr>
            <ns3:cad>85</ns3:cad>
          </ns3:TrackPointExtension>
        </extensions>
      </trkpt>
      <trkpt lat="39.9009330756962299346923828125" lon="116.31950796581804752349853515625">
        <ele>55.59999847412109375</ele>
        <time>2026-09-26T23:50:28.000Z</time>
        <extensions>
          <ns3:TrackPointExtension>
            <ns3:atemp>27.0</ns3:atemp>
            <ns3:hr>127</ns3:hr>
            <ns3:cad>85</ns3:cad>
          </ns3:TrackPointExtension>
        </extensions>
      </trkpt>
      <trkpt lat="39.9009173177182674407958984375" lon="116.31950645707547664642333984375">
        <ele>55.799999237060546875</ele>
        <time>2026-09-26T23:50:29.000Z</time>
        <extensions>
          <ns3:TrackPointExtension>
            <ns3:atemp>27.0</ns3:atemp>
            <ns3:hr>127</ns3:hr>
            <ns3:cad>85</ns3:cad>
          </ns3:TrackPointExtension>
        </extensions>
      </trkpt>
      <trkpt lat="39.900895021855831146240234375" lon="116.31951056420803070068359375">
        <ele>55.799999237060546875</ele>
        <time>2026-09-26T23:50:30.000Z</time>
        <extensions>
          <ns3:TrackPointExtension>
            <ns3:atemp>27.0</ns3:atemp>
            <ns3:hr>127</ns3:hr>
            <ns3:cad>85</ns3:cad>
          </ns3:TrackPointExtension>
        </extensions>
      </trkpt>
      <trkpt lat="39.9008738994598388671875" lon="116.31951048038899898529052734375">
        <ele>55.799999237060546875</ele>
        <time>2026-09-26T23:50:31.000Z</time>
        <extensions>
          <ns3:TrackPointExtension>
            <ns3:atemp>27.0</ns3:atemp>
            <ns3:hr>127</ns3:hr>
            <ns3:cad>85</ns3:cad>
          </ns3:TrackPointExtension>
        </extensions>
      </trkpt>
      <trkpt lat="39.90085202269256114959716796875" lon="116.31951048038899898529052734375">
        <ele>55.799999237060546875</ele>
        <time>2026-09-26T23:50:32.000Z</time>
        <extensions>
          <ns3:TrackPointExtension>
            <ns3:atemp>27.0</ns3:atemp>
            <ns3:hr>127</ns3:hr>
            <ns3:cad>85</ns3:cad>
          </ns3:TrackPointExtension>
        </extensions>
      </trkpt>
      <trkpt lat="39.90082905627787113189697265625" lon="116.31950528360903263092041015625">
        <ele>55.799999237060546875</ele>
        <time>2026-09-26T23:50:33.000Z</time>
        <extensions>
          <ns3:TrackPointExtension>
            <ns3:atemp>27.0</ns3:atemp>
            <ns3:hr>126</ns3:hr>
            <ns3:cad>85</ns3:cad>
          </ns3:TrackPointExtension>
        </extensions>
      </trkpt>
      <trkpt lat="39.90080860443413257598876953125" lon="116.31949455477297306060791015625">
        <ele>55.799999237060546875</ele>
        <time>2026-09-26T23:50:34.000Z</time>
        <extensions>
          <ns3:TrackPointExtension>
            <ns3:atemp>27.0</ns3:atemp>
            <ns3:hr>126</ns3:hr>
            <ns3:cad>86</ns3:cad>
          </ns3:TrackPointExtension>
        </extensions>
      </trkpt>
      <trkpt lat="39.9007909186184406280517578125" lon="116.31949120201170444488525390625">
        <ele>55.799999237060546875</ele>
        <time>2026-09-26T23:50:35.000Z</time>
        <extensions>
          <ns3:TrackPointExtension>
            <ns3:atemp>27.0</ns3:atemp>
            <ns3:hr>126</ns3:hr>
            <ns3:cad>86</ns3:cad>
          </ns3:TrackPointExtension>
        </extensions>
      </trkpt>
      <trkpt lat="39.900786392390727996826171875" lon="116.3194815628230571746826171875">
        <ele>55.799999237060546875</ele>
        <time>2026-09-26T23:50:36.000Z</time>
        <extensions>
          <ns3:TrackPointExtension>
            <ns3:atemp>27.0</ns3:atemp>
            <ns3:hr>127</ns3:hr>
            <ns3:cad>86</ns3:cad>
          </ns3:TrackPointExtension>
        </extensions>
      </trkpt>
      <trkpt lat="39.900779686868190765380859375" lon="116.31947728805243968963623046875">
        <ele>55.799999237060546875</ele>
        <time>2026-09-26T23:50:37.000Z</time>
        <extensions>
          <ns3:TrackPointExtension>
            <ns3:atemp>27.0</ns3:atemp>
            <ns3:hr>127</ns3:hr>
            <ns3:cad>86</ns3:cad>
          </ns3:TrackPointExtension>
        </extensions>
      </trkpt>
      <trkpt lat="39.90076384507119655609130859375" lon="116.31947360001504421234130859375">
        <ele>55.799999237060546875</ele>
        <time>2026-09-26T23:50:38.000Z</time>
        <extensions>
          <ns3:TrackPointExtension>
            <ns3:atemp>27.0</ns3:atemp>
            <ns3:hr>126</ns3:hr>
            <ns3:cad>86</ns3:cad>
          </ns3:TrackPointExtension>
        </extensions>
      </trkpt>
      <trkpt lat="39.900742806494235992431640625" lon="116.31947075016796588897705078125">
        <ele>55.799999237060546875</ele>
        <time>2026-09-26T23:50:39.000Z</time>
        <extensions>
          <ns3:TrackPointExtension>
            <ns3:atemp>27.0</ns3:atemp>
            <ns3:hr>127</ns3:hr>
            <ns3:cad>86</ns3:cad>
          </ns3:TrackPointExtension>
        </extensions>
      </trkpt>
      <trkpt lat="39.9007225222885608673095703125" lon="116.31946873851120471954345703125">
        <ele>56</ele>
        <time>2026-09-26T23:50:40.000Z</time>
        <extensions>
          <ns3:TrackPointExtension>
            <ns3:atemp>27.0</ns3:atemp>
            <ns3:hr>127</ns3:hr>
            <ns3:cad>86</ns3:cad>
          </ns3:TrackPointExtension>
        </extensions>
      </trkpt>
      <trkpt lat="39.90070215426385402679443359375" lon="116.31946563720703125">
        <ele>56</ele>
        <time>2026-09-26T23:50:41.000Z</time>
        <extensions>
          <ns3:TrackPointExtension>
            <ns3:atemp>27.0</ns3:atemp>
            <ns3:hr>127</ns3:hr>
            <ns3:cad>86</ns3:cad>
          </ns3:TrackPointExtension>
        </extensions>
      </trkpt>
      <trkpt lat="39.90067340433597564697265625" lon="116.31946622394025325775146484375">
        <ele>56</ele>
        <time>2026-09-26T23:50:42.000Z</time>
        <extensions>
          <ns3:TrackPointExtension>
            <ns3:atemp>27.0</ns3:atemp>
            <ns3:hr>127</ns3:hr>
            <ns3:cad>86</ns3:cad>
          </ns3:TrackPointExtension>
        </extensions>
      </trkpt>
      <trkpt lat="39.90064851008355617523193359375" lon="116.3194614462554454803466796875">
        <ele>56</ele>
        <time>2026-09-26T23:50:43.000Z</time>
        <extensions>
          <ns3:TrackPointExtension>
            <ns3:atemp>27.0</ns3:atemp>
            <ns3:hr>127</ns3:hr>
            <ns3:cad>86</ns3:cad>
          </ns3:TrackPointExtension>
        </extensions>
      </trkpt>
      <trkpt lat="39.9006175808608531951904296875" lon="116.3194507174193859100341796875">
        <ele>56</ele>
        <time>2026-09-26T23:50:44.000Z</time>
        <extensions>
          <ns3:TrackPointExtension>
            <ns3:atemp>27.0</ns3:atemp>
            <ns3:hr>127</ns3:hr>
            <ns3:cad>86</ns3:cad>
          </ns3:TrackPointExtension>
        </extensions>
      </trkpt>
      <trkpt lat="39.90059805102646350860595703125" lon="116.3194597698748111724853515625">
        <ele>56</ele>
        <time>2026-09-26T23:50:45.000Z</time>
        <extensions>
          <ns3:TrackPointExtension>
            <ns3:atemp>27.0</ns3:atemp>
            <ns3:hr>128</ns3:hr>
            <ns3:cad>86</ns3:cad>
          </ns3:TrackPointExtension>
        </extensions>
      </trkpt>
      <trkpt lat="39.900582544505596160888671875" lon="116.319467984139919281005859375">
        <ele>56</ele>
        <time>2026-09-26T23:50:46.000Z</time>
        <extensions>
          <ns3:TrackPointExtension>
            <ns3:atemp>27.0</ns3:atemp>
            <ns3:hr>127</ns3:hr>
            <ns3:cad>86</ns3:cad>
          </ns3:TrackPointExtension>
        </extensions>
      </trkpt>
      <trkpt lat="39.900576509535312652587890625" lon="116.31948030553758144378662109375">
        <ele>56</ele>
        <time>2026-09-26T23:50:47.000Z</time>
        <extensions>
          <ns3:TrackPointExtension>
            <ns3:atemp>27.0</ns3:atemp>
            <ns3:hr>128</ns3:hr>
            <ns3:cad>86</ns3:cad>
          </ns3:TrackPointExtension>
        </extensions>
      </trkpt>
      <trkpt lat="39.900576174259185791015625" lon="116.31949338130652904510498046875">
        <ele>56</ele>
        <time>2026-09-26T23:50:48.000Z</time>
        <extensions>
          <ns3:TrackPointExtension>
            <ns3:atemp>27.0</ns3:atemp>
            <ns3:hr>127</ns3:hr>
            <ns3:cad>86</ns3:cad>
          </ns3:TrackPointExtension>
        </extensions>
      </trkpt>
      <trkpt lat="39.90056787617504596710205078125" lon="116.3195040263235569000244140625">
        <ele>56</ele>
        <time>2026-09-26T23:50:49.000Z</time>
        <extensions>
          <ns3:TrackPointExtension>
            <ns3:atemp>27.0</ns3:atemp>
            <ns3:hr>127</ns3:hr>
            <ns3:cad>86</ns3:cad>
          </ns3:TrackPointExtension>
        </extensions>
      </trkpt>
      <trkpt lat="39.900567121803760528564453125" lon="116.319500505924224853515625">
        <ele>56</ele>
        <time>2026-09-26T23:50:50.000Z</time>
        <extensions>
          <ns3:TrackPointExtension>
            <ns3:atemp>27.0</ns3:atemp>
            <ns3:hr>127</ns3:hr>
            <ns3:cad>86</ns3:cad>
          </ns3:TrackPointExtension>
        </extensions>
      </trkpt>
      <trkpt lat="39.90054105408489704132080078125" lon="116.319520957767963409423828125">
        <ele>55.799999237060546875</ele>
        <time>2026-09-26T23:50:51.000Z</time>
        <extensions>
          <ns3:TrackPointExtension>
            <ns3:atemp>27.0</ns3:atemp>
            <ns3:hr>127</ns3:hr>
            <ns3:cad>86</ns3:cad>
          </ns3:TrackPointExtension>
        </extensions>
      </trkpt>
      <trkpt lat="39.9005131423473358154296875" lon="116.31953177042305469512939453125">
        <ele>55.799999237060546875</ele>
        <time>2026-09-26T23:50:52.000Z</time>
        <extensions>
          <ns3:TrackPointExtension>
            <ns3:atemp>27.0</ns3:atemp>
            <ns3:hr>126</ns3:hr>
            <ns3:cad>86</ns3:cad>
          </ns3:TrackPointExtension>
        </extensions>
      </trkpt>
      <trkpt lat="39.900491349399089813232421875" lon="116.31953336298465728759765625">
        <ele>55.799999237060546875</ele>
        <time>2026-09-26T23:50:53.000Z</time>
        <extensions>
          <ns3:TrackPointExtension>
            <ns3:atemp>27.0</ns3:atemp>
            <ns3:hr>125</ns3:hr>
            <ns3:cad>86</ns3:cad>
          </ns3:TrackPointExtension>
        </extensions>
      </trkpt>
      <trkpt lat="39.90046821534633636474609375" lon="116.31953378207981586456298828125">
        <ele>55.799999237060546875</ele>
        <time>2026-09-26T23:50:54.000Z</time>
        <extensions>
          <ns3:TrackPointExtension>
            <ns3:atemp>27.0</ns3:atemp>
            <ns3:hr>125</ns3:hr>
            <ns3:cad>85</ns3:cad>
          </ns3:TrackPointExtension>
        </extensions>
      </trkpt>
      <trkpt lat="39.9004408903419971466064453125" lon="116.31953059695661067962646484375">
        <ele>55.799999237060546875</ele>
        <time>2026-09-26T23:50:55.000Z</time>
        <extensions>
          <ns3:TrackPointExtension>
            <ns3:atemp>27.0</ns3:atemp>
            <ns3:hr>125</ns3:hr>
            <ns3:cad>85</ns3:cad>
          </ns3:TrackPointExtension>
        </extensions>
      </trkpt>
      <trkpt lat="39.90041725337505340576171875" lon="116.3195244781672954559326171875">
        <ele>55.799999237060546875</ele>
        <time>2026-09-26T23:50:56.000Z</time>
        <extensions>
          <ns3:TrackPointExtension>
            <ns3:atemp>27.0</ns3:atemp>
            <ns3:hr>124</ns3:hr>
            <ns3:cad>85</ns3:cad>
          </ns3:TrackPointExtension>
        </extensions>
      </trkpt>
      <trkpt lat="39.9003979749977588653564453125" lon="116.3195204548537731170654296875">
        <ele>55.799999237060546875</ele>
        <time>2026-09-26T23:50:57.000Z</time>
        <extensions>
          <ns3:TrackPointExtension>
            <ns3:atemp>27.0</ns3:atemp>
            <ns3:hr>124</ns3:hr>
            <ns3:cad>86</ns3:cad>
          </ns3:TrackPointExtension>
        </extensions>
      </trkpt>
      <trkpt lat="39.900377355515956878662109375" lon="116.3195046968758106231689453125">
        <ele>55.799999237060546875</ele>
        <time>2026-09-26T23:50:58.000Z</time>
        <extensions>
          <ns3:TrackPointExtension>
            <ns3:atemp>27.0</ns3:atemp>
            <ns3:hr>123</ns3:hr>
            <ns3:cad>86</ns3:cad>
          </ns3:TrackPointExtension>
        </extensions>
      </trkpt>
      <trkpt lat="39.9003597535192966461181640625" lon="116.3194869272410869598388671875">
        <ele>56</ele>
        <time>2026-09-26T23:50:59.000Z</time>
        <extensions>
          <ns3:TrackPointExtension>
            <ns3:atemp>27.0</ns3:atemp>
            <ns3:hr>123</ns3:hr>
            <ns3:cad>86</ns3:cad>
          </ns3:TrackPointExtension>
        </extensions>
      </trkpt>
      <trkpt lat="39.9003436602652072906494140625" lon="116.31948030553758144378662109375">
        <ele>56</ele>
        <time>2026-09-26T23:51:00.000Z</time>
        <extensions>
          <ns3:TrackPointExtension>
            <ns3:atemp>27.0</ns3:atemp>
            <ns3:hr>123</ns3:hr>
            <ns3:cad>86</ns3:cad>
          </ns3:TrackPointExtension>
        </extensions>
      </trkpt>
      <trkpt lat="39.900326393544673919677734375" lon="116.319484412670135498046875">
        <ele>55.799999237060546875</ele>
        <time>2026-09-26T23:51:01.000Z</time>
        <extensions>
          <ns3:TrackPointExtension>
            <ns3:atemp>27.0</ns3:atemp>
            <ns3:hr>123</ns3:hr>
            <ns3:cad>86</ns3:cad>
          </ns3:TrackPointExtension>
        </extensions>
      </trkpt>
      <trkpt lat="39.90030753426253795623779296875" lon="116.31948332302272319793701171875">
        <ele>55.799999237060546875</ele>
        <time>2026-09-26T23:51:02.000Z</time>
        <extensions>
          <ns3:TrackPointExtension>
            <ns3:atemp>27.0</ns3:atemp>
            <ns3:hr>122</ns3:hr>
            <ns3:cad>86</ns3:cad>
          </ns3:TrackPointExtension>
        </extensions>
      </trkpt>
      <trkpt lat="39.90029077045619487762451171875" lon="116.319500841200351715087890625">
        <ele>55.799999237060546875</ele>
        <time>2026-09-26T23:51:03.000Z</time>
        <extensions>
          <ns3:TrackPointExtension>
            <ns3:atemp>27.0</ns3:atemp>
            <ns3:hr>122</ns3:hr>
            <ns3:cad>86</ns3:cad>
          </ns3:TrackPointExtension>
        </extensions>
      </trkpt>
      <trkpt lat="39.900274761021137237548828125" lon="116.31951383315026760101318359375">
        <ele>55.799999237060546875</ele>
        <time>2026-09-26T23:51:04.000Z</time>
        <extensions>
          <ns3:TrackPointExtension>
            <ns3:atemp>27.0</ns3:atemp>
            <ns3:hr>122</ns3:hr>
            <ns3:cad>86</ns3:cad>
          </ns3:TrackPointExtension>
        </extensions>
      </trkpt>
      <trkpt lat="39.90025942213833332061767578125" lon="116.3195171020925045013427734375">
        <ele>55.799999237060546875</ele>
        <time>2026-09-26T23:51:05.000Z</time>
        <extensions>
          <ns3:TrackPointExtension>
            <ns3:atemp>27.0</ns3:atemp>
            <ns3:hr>122</ns3:hr>
            <ns3:cad>86</ns3:cad>
          </ns3:TrackPointExtension>
        </extensions>
      </trkpt>
      <trkpt lat="39.90023863501846790313720703125" lon="116.31951324641704559326171875">
        <ele>55.799999237060546875</ele>
        <time>2026-09-26T23:51:06.000Z</time>
        <extensions>
          <ns3:TrackPointExtension>
            <ns3:atemp>27.0</ns3:atemp>
            <ns3:hr>122</ns3:hr>
            <ns3:cad>86</ns3:cad>
          </ns3:TrackPointExtension>
        </extensions>
      </trkpt>
      <trkpt lat="39.9002145789563655853271484375" lon="116.31951970048248767852783203125">
        <ele>55.799999237060546875</ele>
        <time>2026-09-26T23:51:07.000Z</time>
        <extensions>
          <ns3:TrackPointExtension>
            <ns3:atemp>27.0</ns3:atemp>
            <ns3:hr>121</ns3:hr>
            <ns3:cad>86</ns3:cad>
          </ns3:TrackPointExtension>
        </extensions>
      </trkpt>
      <trkpt lat="39.900184236466884613037109375" lon="116.31952556781470775604248046875">
        <ele>55.799999237060546875</ele>
        <time>2026-09-26T23:51:08.000Z</time>
        <extensions>
          <ns3:TrackPointExtension>
            <ns3:atemp>27.0</ns3:atemp>
            <ns3:hr>121</ns3:hr>
            <ns3:cad>86</ns3:cad>
          </ns3:TrackPointExtension>
        </extensions>
      </trkpt>
      <trkpt lat="39.9001589231193065643310546875" lon="116.3195325247943401336669921875">
        <ele>55.799999237060546875</ele>
        <time>2026-09-26T23:51:09.000Z</time>
        <extensions>
          <ns3:TrackPointExtension>
            <ns3:atemp>27.0</ns3:atemp>
            <ns3:hr>121</ns3:hr>
            <ns3:cad>86</ns3:cad>
          </ns3:TrackPointExtension>
        </extensions>
      </trkpt>
      <trkpt lat="39.90013453178107738494873046875" lon="116.31953612901270389556884765625">
        <ele>55.799999237060546875</ele>
        <time>2026-09-26T23:51:10.000Z</time>
        <extensions>
          <ns3:TrackPointExtension>
            <ns3:atemp>27.0</ns3:atemp>
            <ns3:hr>120</ns3:hr>
            <ns3:cad>86</ns3:cad>
          </ns3:TrackPointExtension>
        </extensions>
      </trkpt>
      <trkpt lat="39.90011475048959255218505859375" lon="116.3195368833839893341064453125">
        <ele>55.799999237060546875</ele>
        <time>2026-09-26T23:51:11.000Z</time>
        <extensions>
          <ns3:TrackPointExtension>
            <ns3:atemp>27.0</ns3:atemp>
            <ns3:hr>119</ns3:hr>
            <ns3:cad>86</ns3:cad>
          </ns3:TrackPointExtension>
        </extensions>
      </trkpt>
      <trkpt lat="39.90008910186588764190673828125" lon="116.319536380469799041748046875">
        <ele>55.799999237060546875</ele>
        <time>2026-09-26T23:51:12.000Z</time>
        <extensions>
          <ns3:TrackPointExtension>
            <ns3:atemp>27.0</ns3:atemp>
            <ns3:hr>119</ns3:hr>
            <ns3:cad>86</ns3:cad>
          </ns3:TrackPointExtension>
        </extensions>
      </trkpt>
      <trkpt lat="39.90004953928291797637939453125" lon="116.31954518146812915802001953125">
        <ele>55.799999237060546875</ele>
        <time>2026-09-26T23:51:13.000Z</time>
        <extensions>
          <ns3:TrackPointExtension>
            <ns3:atemp>27.0</ns3:atemp>
            <ns3:hr>118</ns3:hr>
            <ns3:cad>86</ns3:cad>
          </ns3:TrackPointExtension>
        </extensions>
      </trkpt>
      <trkpt lat="39.90001651458442211151123046875" lon="116.3195553235709667205810546875">
        <ele>55.799999237060546875</ele>
        <time>2026-09-26T23:51:14.000Z</time>
        <extensions>
          <ns3:TrackPointExtension>
            <ns3:atemp>27.0</ns3:atemp>
            <ns3:hr>118</ns3:hr>
            <ns3:cad>86</ns3:cad>
          </ns3:TrackPointExtension>
        </extensions>
      </trkpt>
      <trkpt lat="39.899980388581752777099609375" lon="116.3195590116083621978759765625">
        <ele>55.799999237060546875</ele>
        <time>2026-09-26T23:51:15.000Z</time>
        <extensions>
          <ns3:TrackPointExtension>
            <ns3:atemp>27.0</ns3:atemp>
            <ns3:hr>118</ns3:hr>
            <ns3:cad>87</ns3:cad>
          </ns3:TrackPointExtension>
        </extensions>
      </trkpt>
      <trkpt lat="39.89995398558676242828369140625" lon="116.3195546530187129974365234375">
        <ele>55.799999237060546875</ele>
        <time>2026-09-26T23:51:16.000Z</time>
        <extensions>
          <ns3:TrackPointExtension>
            <ns3:atemp>27.0</ns3:atemp>
            <ns3:hr>119</ns3:hr>
            <ns3:cad>87</ns3:cad>
          </ns3:TrackPointExtension>
        </extensions>
      </trkpt>
      <trkpt lat="39.89992381073534488677978515625" lon="116.31954601965844631195068359375">
        <ele>55.799999237060546875</ele>
        <time>2026-09-26T23:51:17.000Z</time>
        <extensions>
          <ns3:TrackPointExtension>
            <ns3:atemp>27.0</ns3:atemp>
            <ns3:hr>119</ns3:hr>
            <ns3:cad>87</ns3:cad>
          </ns3:TrackPointExtension>
        </extensions>
      </trkpt>
      <trkpt lat="39.89989380352199077606201171875" lon="116.31953914649784564971923828125">
        <ele>55.59999847412109375</ele>
        <time>2026-09-26T23:51:18.000Z</time>
        <extensions>
          <ns3:TrackPointExtension>
            <ns3:atemp>27.0</ns3:atemp>
            <ns3:hr>120</ns3:hr>
            <ns3:cad>87</ns3:cad>
          </ns3:TrackPointExtension>
        </extensions>
      </trkpt>
      <trkpt lat="39.89986614324152469635009765625" lon="116.31953730247914791107177734375">
        <ele>55.59999847412109375</ele>
        <time>2026-09-26T23:51:19.000Z</time>
        <extensions>
          <ns3:TrackPointExtension>
            <ns3:atemp>27.0</ns3:atemp>
            <ns3:hr>120</ns3:hr>
            <ns3:cad>87</ns3:cad>
          </ns3:TrackPointExtension>
        </extensions>
      </trkpt>
      <trkpt lat="39.899851642549037933349609375" lon="116.31954115815460681915283203125">
        <ele>55.59999847412109375</ele>
        <time>2026-09-26T23:51:20.000Z</time>
        <extensions>
          <ns3:TrackPointExtension>
            <ns3:atemp>27.0</ns3:atemp>
            <ns3:hr>120</ns3:hr>
            <ns3:cad>87</ns3:cad>
          </ns3:TrackPointExtension>
        </extensions>
      </trkpt>
      <trkpt lat="39.89982993341982364654541015625" lon="116.319551803171634674072265625">
        <ele>55.59999847412109375</ele>
        <time>2026-09-26T23:51:21.000Z</time>
        <extensions>
          <ns3:TrackPointExtension>
            <ns3:atemp>27.0</ns3:atemp>
            <ns3:hr>120</ns3:hr>
            <ns3:cad>87</ns3:cad>
          </ns3:TrackPointExtension>
        </extensions>
      </trkpt>
      <trkpt lat="39.8998162709176540374755859375" lon="116.31957116536796092987060546875">
        <ele>55.59999847412109375</ele>
        <time>2026-09-26T23:51:22.000Z</time>
        <extensions>
          <ns3:TrackPointExtension>
            <ns3:atemp>27.0</ns3:atemp>
            <ns3:hr>121</ns3:hr>
            <ns3:cad>86</ns3:cad>
          </ns3:TrackPointExtension>
        </extensions>
      </trkpt>
      <trkpt lat="39.899793304502964019775390625" lon="116.31957569159567356109619140625">
        <ele>55.59999847412109375</ele>
        <time>2026-09-26T23:51:23.000Z</time>
        <extensions>
          <ns3:TrackPointExtension>
            <ns3:atemp>27.0</ns3:atemp>
            <ns3:hr>121</ns3:hr>
            <ns3:cad>86</ns3:cad>
          </ns3:TrackPointExtension>
        </extensions>
      </trkpt>
      <trkpt lat="39.89977645687758922576904296875" lon="116.3195831514894962310791015625">
        <ele>55.59999847412109375</ele>
        <time>2026-09-26T23:51:24.000Z</time>
        <extensions>
          <ns3:TrackPointExtension>
            <ns3:atemp>27.0</ns3:atemp>
            <ns3:hr>121</ns3:hr>
            <ns3:cad>86</ns3:cad>
          </ns3:TrackPointExtension>
        </extensions>
      </trkpt>
      <trkpt lat="39.899755083024501800537109375" lon="116.31958239711821079254150390625">
        <ele>55.59999847412109375</ele>
        <time>2026-09-26T23:51:25.000Z</time>
        <extensions>
          <ns3:TrackPointExtension>
            <ns3:atemp>27.0</ns3:atemp>
            <ns3:hr>121</ns3:hr>
            <ns3:cad>87</ns3:cad>
          </ns3:TrackPointExtension>
        </extensions>
      </trkpt>
      <trkpt lat="39.899725578725337982177734375" lon="116.3195838220417499542236328125">
        <ele>55.59999847412109375</ele>
        <time>2026-09-26T23:51:26.000Z</time>
        <extensions>
          <ns3:TrackPointExtension>
            <ns3:atemp>27.0</ns3:atemp>
            <ns3:hr>121</ns3:hr>
            <ns3:cad>87</ns3:cad>
          </ns3:TrackPointExtension>
        </extensions>
      </trkpt>
      <trkpt lat="39.89969146437942981719970703125" lon="116.31958574987947940826416015625">
        <ele>55.59999847412109375</ele>
        <time>2026-09-26T23:51:27.000Z</time>
        <extensions>
          <ns3:TrackPointExtension>
            <ns3:atemp>27.0</ns3:atemp>
            <ns3:hr>121</ns3:hr>
            <ns3:cad>87</ns3:cad>
          </ns3:TrackPointExtension>
        </extensions>
      </trkpt>
      <trkpt lat="39.899661876261234283447265625" lon="116.3195878453552722930908203125">
        <ele>55.59999847412109375</ele>
        <time>2026-09-26T23:51:28.000Z</time>
        <extensions>
          <ns3:TrackPointExtension>
            <ns3:atemp>27.0</ns3:atemp>
            <ns3:hr>121</ns3:hr>
            <ns3:cad>87</ns3:cad>
          </ns3:TrackPointExtension>
        </extensions>
      </trkpt>
      <trkpt lat="39.89963698200881481170654296875" lon="116.31959212012588977813720703125">
        <ele>55.59999847412109375</ele>
        <time>2026-09-26T23:51:29.000Z</time>
        <extensions>
          <ns3:TrackPointExtension>
            <ns3:atemp>27.0</ns3:atemp>
            <ns3:hr>121</ns3:hr>
            <ns3:cad>86</ns3:cad>
          </ns3:TrackPointExtension>
        </extensions>
      </trkpt>
      <trkpt lat="39.89961535669863224029541015625" lon="116.3195962272584438323974609375">
        <ele>55.59999847412109375</ele>
        <time>2026-09-26T23:51:30.000Z</time>
        <extensions>
          <ns3:TrackPointExtension>
            <ns3:atemp>27.0</ns3:atemp>
            <ns3:hr>121</ns3:hr>
            <ns3:cad>86</ns3:cad>
          </ns3:TrackPointExtension>
        </extensions>
      </trkpt>
      <trkpt lat="39.89958886988461017608642578125" lon="116.31960184313356876373291015625">
        <ele>55.59999847412109375</ele>
        <time>2026-09-26T23:51:31.000Z</time>
        <extensions>
          <ns3:TrackPointExtension>
            <ns3:atemp>27.0</ns3:atemp>
            <ns3:hr>121</ns3:hr>
            <ns3:cad>87</ns3:cad>
          </ns3:TrackPointExtension>
        </extensions>
      </trkpt>
      <trkpt lat="39.899562634527683258056640625" lon="116.3196153379976749420166015625">
        <ele>55.59999847412109375</ele>
        <time>2026-09-26T23:51:32.000Z</time>
        <extensions>
          <ns3:TrackPointExtension>
            <ns3:atemp>27.0</ns3:atemp>
            <ns3:hr>121</ns3:hr>
            <ns3:cad>87</ns3:cad>
          </ns3:TrackPointExtension>
        </extensions>
      </trkpt>
      <trkpt lat="39.89953740499913692474365234375" lon="116.31961676292121410369873046875">
        <ele>55.59999847412109375</ele>
        <time>2026-09-26T23:51:33.000Z</time>
        <extensions>
          <ns3:TrackPointExtension>
            <ns3:atemp>27.0</ns3:atemp>
            <ns3:hr>121</ns3:hr>
            <ns3:cad>88</ns3:cad>
          </ns3:TrackPointExtension>
        </extensions>
      </trkpt>
      <trkpt lat="39.89951712079346179962158203125" lon="116.31960988976061344146728515625">
        <ele>55.59999847412109375</ele>
        <time>2026-09-26T23:51:34.000Z</time>
        <extensions>
          <ns3:TrackPointExtension>
            <ns3:atemp>27.0</ns3:atemp>
            <ns3:hr>121</ns3:hr>
            <ns3:cad>88</ns3:cad>
          </ns3:TrackPointExtension>
        </extensions>
      </trkpt>
      <trkpt lat="39.89950672723352909088134765625" lon="116.3196069560945034027099609375">
        <ele>55.59999847412109375</ele>
        <time>2026-09-26T23:51:35.000Z</time>
        <extensions>
          <ns3:TrackPointExtension>
            <ns3:atemp>27.0</ns3:atemp>
            <ns3:hr>121</ns3:hr>
            <ns3:cad>88</ns3:cad>
          </ns3:TrackPointExtension>
        </extensions>
      </trkpt>
      <trkpt lat="39.89949096925556659698486328125" lon="116.3196049444377422332763671875">
        <ele>55.59999847412109375</ele>
        <time>2026-09-26T23:51:36.000Z</time>
        <extensions>
          <ns3:TrackPointExtension>
            <ns3:atemp>27.0</ns3:atemp>
            <ns3:hr>122</ns3:hr>
            <ns3:cad>88</ns3:cad>
          </ns3:TrackPointExtension>
        </extensions>
      </trkpt>
      <trkpt lat="39.8994860239326953887939453125" lon="116.31959061138331890106201171875">
        <ele>55.59999847412109375</ele>
        <time>2026-09-26T23:51:37.000Z</time>
        <extensions>
          <ns3:TrackPointExtension>
            <ns3:atemp>27.0</ns3:atemp>
            <ns3:hr>122</ns3:hr>
            <ns3:cad>88</ns3:cad>
          </ns3:TrackPointExtension>
        </extensions>
      </trkpt>
      <trkpt lat="39.89949398674070835113525390625" lon="116.319579966366291046142578125">
        <ele>55.40000152587890625</ele>
        <time>2026-09-26T23:51:38.000Z</time>
        <extensions>
          <ns3:TrackPointExtension>
            <ns3:atemp>27.0</ns3:atemp>
            <ns3:hr>122</ns3:hr>
            <ns3:cad>88</ns3:cad>
          </ns3:TrackPointExtension>
        </extensions>
      </trkpt>
      <trkpt lat="39.89949784241616725921630859375" lon="116.3195787928998470306396484375">
        <ele>55.40000152587890625</ele>
        <time>2026-09-26T23:51:39.000Z</time>
        <extensions>
          <ns3:TrackPointExtension>
            <ns3:atemp>27.0</ns3:atemp>
            <ns3:hr>122</ns3:hr>
            <ns3:cad>88</ns3:cad>
          </ns3:TrackPointExtension>
        </extensions>
      </trkpt>
      <trkpt lat="39.89949197508394718170166015625" lon="116.31958700716495513916015625">
        <ele>55.40000152587890625</ele>
        <time>2026-09-26T23:51:40.000Z</time>
        <extensions>
          <ns3:TrackPointExtension>
            <ns3:atemp>27.0</ns3:atemp>
            <ns3:hr>122</ns3:hr>
            <ns3:cad>88</ns3:cad>
          </ns3:TrackPointExtension>
        </extensions>
      </trkpt>
      <trkpt lat="39.8994860239326953887939453125" lon="116.31959237158298492431640625">
        <ele>55.40000152587890625</ele>
        <time>2026-09-26T23:51:41.000Z</time>
        <extensions>
          <ns3:TrackPointExtension>
            <ns3:atemp>27.0</ns3:atemp>
            <ns3:hr>122</ns3:hr>
            <ns3:cad>88</ns3:cad>
          </ns3:TrackPointExtension>
        </extensions>
      </trkpt>
      <trkpt lat="39.8994880355894565582275390625" lon="116.31960201077163219451904296875">
        <ele>55.40000152587890625</ele>
        <time>2026-09-26T23:51:42.000Z</time>
        <extensions>
          <ns3:TrackPointExtension>
            <ns3:atemp>27.0</ns3:atemp>
            <ns3:hr>123</ns3:hr>
            <ns3:cad>88</ns3:cad>
          </ns3:TrackPointExtension>
        </extensions>
      </trkpt>
      <trkpt lat="39.89947889931499958038330078125" lon="116.3196029327809810638427734375">
        <ele>55.40000152587890625</ele>
        <time>2026-09-26T23:51:43.000Z</time>
        <extensions>
          <ns3:TrackPointExtension>
            <ns3:atemp>27.0</ns3:atemp>
            <ns3:hr>123</ns3:hr>
            <ns3:cad>88</ns3:cad>
          </ns3:TrackPointExtension>
        </extensions>
      </trkpt>
      <trkpt lat="39.89948560483753681182861328125" lon="116.3196118175983428955078125">
        <ele>55.40000152587890625</ele>
        <time>2026-09-26T23:51:44.000Z</time>
        <extensions>
          <ns3:TrackPointExtension>
            <ns3:atemp>27.0</ns3:atemp>
            <ns3:hr>123</ns3:hr>
            <ns3:cad>87</ns3:cad>
          </ns3:TrackPointExtension>
        </extensions>
      </trkpt>
      <trkpt lat="39.8994712717831134796142578125" lon="116.319622211158275604248046875">
        <ele>55.40000152587890625</ele>
        <time>2026-09-26T23:51:45.000Z</time>
        <extensions>
          <ns3:TrackPointExtension>
            <ns3:atemp>27.0</ns3:atemp>
            <ns3:hr>123</ns3:hr>
            <ns3:cad>87</ns3:cad>
          </ns3:TrackPointExtension>
        </extensions>
      </trkpt>
      <trkpt lat="39.89945861510932445526123046875" lon="116.31963168270885944366455078125">
        <ele>55.40000152587890625</ele>
        <time>2026-09-26T23:51:46.000Z</time>
        <extensions>
          <ns3:TrackPointExtension>
            <ns3:atemp>27.0</ns3:atemp>
            <ns3:hr>123</ns3:hr>
            <ns3:cad>87</ns3:cad>
          </ns3:TrackPointExtension>
        </extensions>
      </trkpt>
      <trkpt lat="39.89943564869463443756103515625" lon="116.31962765939533710479736328125">
        <ele>55.40000152587890625</ele>
        <time>2026-09-26T23:51:47.000Z</time>
        <extensions>
          <ns3:TrackPointExtension>
            <ns3:atemp>27.0</ns3:atemp>
            <ns3:hr>123</ns3:hr>
            <ns3:cad>87</ns3:cad>
          </ns3:TrackPointExtension>
        </extensions>
      </trkpt>
      <trkpt lat="39.89941871725022792816162109375" lon="116.31962933577597141265869140625">
        <ele>55.40000152587890625</ele>
        <time>2026-09-26T23:51:48.000Z</time>
        <extensions>
          <ns3:TrackPointExtension>
            <ns3:atemp>27.0</ns3:atemp>
            <ns3:hr>123</ns3:hr>
            <ns3:cad>87</ns3:cad>
          </ns3:TrackPointExtension>
        </extensions>
      </trkpt>
      <trkpt lat="39.8993978463113307952880859375" lon="116.31962548010051250457763671875">
        <ele>55.40000152587890625</ele>
        <time>2026-09-26T23:51:49.000Z</time>
        <extensions>
          <ns3:TrackPointExtension>
            <ns3:atemp>27.0</ns3:atemp>
            <ns3:hr>123</ns3:hr>
            <ns3:cad>87</ns3:cad>
          </ns3:TrackPointExtension>
        </extensions>
      </trkpt>
      <trkpt lat="39.8993773944675922393798828125" lon="116.31962363608181476593017578125">
        <ele>55.40000152587890625</ele>
        <time>2026-09-26T23:51:50.000Z</time>
        <extensions>
          <ns3:TrackPointExtension>
            <ns3:atemp>27.0</ns3:atemp>
            <ns3:hr>123</ns3:hr>
            <ns3:cad>88</ns3:cad>
          </ns3:TrackPointExtension>
        </extensions>
      </trkpt>
      <trkpt lat="39.89935912191867828369140625" lon="116.31962497718632221221923828125">
        <ele>55.40000152587890625</ele>
        <time>2026-09-26T23:51:51.000Z</time>
        <extensions>
          <ns3:TrackPointExtension>
            <ns3:atemp>27.0</ns3:atemp>
            <ns3:hr>123</ns3:hr>
            <ns3:cad>88</ns3:cad>
          </ns3:TrackPointExtension>
        </extensions>
      </trkpt>
      <trkpt lat="39.89933774806559085845947265625" lon="116.3196260668337345123291015625">
        <ele>55.40000152587890625</ele>
        <time>2026-09-26T23:51:52.000Z</time>
        <extensions>
          <ns3:TrackPointExtension>
            <ns3:atemp>27.0</ns3:atemp>
            <ns3:hr>123</ns3:hr>
            <ns3:cad>88</ns3:cad>
          </ns3:TrackPointExtension>
        </extensions>
      </trkpt>
      <trkpt lat="39.8993237502872943878173828125" lon="116.31961743347346782684326171875">
        <ele>55.40000152587890625</ele>
        <time>2026-09-26T23:51:53.000Z</time>
        <extensions>
          <ns3:TrackPointExtension>
            <ns3:atemp>27.0</ns3:atemp>
            <ns3:hr>123</ns3:hr>
            <ns3:cad>87</ns3:cad>
          </ns3:TrackPointExtension>
        </extensions>
      </trkpt>
      <trkpt lat="39.89930455572903156280517578125" lon="116.3196163438260555267333984375">
        <ele>55.40000152587890625</ele>
        <time>2026-09-26T23:51:54.000Z</time>
        <extensions>
          <ns3:TrackPointExtension>
            <ns3:atemp>27.0</ns3:atemp>
            <ns3:hr>124</ns3:hr>
            <ns3:cad>87</ns3:cad>
          </ns3:TrackPointExtension>
        </extensions>
      </trkpt>
      <trkpt lat="39.89927739836275577545166015625" lon="116.31962187588214874267578125">
        <ele>55.40000152587890625</ele>
        <time>2026-09-26T23:51:55.000Z</time>
        <extensions>
          <ns3:TrackPointExtension>
            <ns3:atemp>27.0</ns3:atemp>
            <ns3:hr>124</ns3:hr>
            <ns3:cad>87</ns3:cad>
          </ns3:TrackPointExtension>
        </extensions>
      </trkpt>
      <trkpt lat="39.8992469720542430877685546875" lon="116.319627575576305389404296875">
        <ele>55.40000152587890625</ele>
        <time>2026-09-26T23:51:56.000Z</time>
        <extensions>
          <ns3:TrackPointExtension>
            <ns3:atemp>27.0</ns3:atemp>
            <ns3:hr>124</ns3:hr>
            <ns3:cad>87</ns3:cad>
          </ns3:TrackPointExtension>
        </extensions>
      </trkpt>
      <trkpt lat="39.89921738393604755401611328125" lon="116.31963319145143032073974609375">
        <ele>55.40000152587890625</ele>
        <time>2026-09-26T23:51:57.000Z</time>
        <extensions>
          <ns3:TrackPointExtension>
            <ns3:atemp>27.0</ns3:atemp>
            <ns3:hr>124</ns3:hr>
            <ns3:cad>86</ns3:cad>
          </ns3:TrackPointExtension>
        </extensions>
      </trkpt>
      <trkpt lat="39.89918620325624942779541015625" lon="116.31964065134525299072265625">
        <ele>55.40000152587890625</ele>
        <time>2026-09-26T23:51:58.000Z</time>
        <extensions>
          <ns3:TrackPointExtension>
            <ns3:atemp>27.0</ns3:atemp>
            <ns3:hr>124</ns3:hr>
            <ns3:cad>86</ns3:cad>
          </ns3:TrackPointExtension>
        </extensions>
      </trkpt>
      <trkpt lat="39.89915083162486553192138671875" lon="116.31964827887713909149169921875">
        <ele>55.40000152587890625</ele>
        <time>2026-09-26T23:51:59.000Z</time>
        <extensions>
          <ns3:TrackPointExtension>
            <ns3:atemp>27.0</ns3:atemp>
            <ns3:hr>124</ns3:hr>
            <ns3:cad>86</ns3:cad>
          </ns3:TrackPointExtension>
        </extensions>
      </trkpt>
      <trkpt lat="39.8991115204989910125732421875" lon="116.3196547329425811767578125">
        <ele>55.40000152587890625</ele>
        <time>2026-09-26T23:52:00.000Z</time>
        <extensions>
          <ns3:TrackPointExtension>
            <ns3:atemp>27.0</ns3:atemp>
            <ns3:hr>124</ns3:hr>
            <ns3:cad>86</ns3:cad>
          </ns3:TrackPointExtension>
        </extensions>
      </trkpt>
      <trkpt lat="39.89906818605959415435791015625" lon="116.31965272128582000732421875">
        <ele>55.40000152587890625</ele>
        <time>2026-09-26T23:52:01.000Z</time>
        <extensions>
          <ns3:TrackPointExtension>
            <ns3:atemp>27.0</ns3:atemp>
            <ns3:hr>124</ns3:hr>
            <ns3:cad>87</ns3:cad>
          </ns3:TrackPointExtension>
        </extensions>
      </trkpt>
      <trkpt lat="39.89901772700250148773193359375" lon="116.31964526139199733734130859375">
        <ele>55.40000152587890625</ele>
        <time>2026-09-26T23:52:02.000Z</time>
        <extensions>
          <ns3:TrackPointExtension>
            <ns3:atemp>27.0</ns3:atemp>
            <ns3:hr>124</ns3:hr>
            <ns3:cad>87</ns3:cad>
          </ns3:TrackPointExtension>
        </extensions>
      </trkpt>
      <trkpt lat="39.8989816009998321533203125" lon="116.31964559666812419891357421875">
        <ele>55.40000152587890625</ele>
        <time>2026-09-26T23:52:03.000Z</time>
        <extensions>
          <ns3:TrackPointExtension>
            <ns3:atemp>27.0</ns3:atemp>
            <ns3:hr>123</ns3:hr>
            <ns3:cad>87</ns3:cad>
          </ns3:TrackPointExtension>
        </extensions>
      </trkpt>
      <trkpt lat="39.8989492468535900115966796875" lon="116.3196520507335662841796875">
        <ele>55.40000152587890625</ele>
        <time>2026-09-26T23:52:04.000Z</time>
        <extensions>
          <ns3:TrackPointExtension>
            <ns3:atemp>27.0</ns3:atemp>
            <ns3:hr>123</ns3:hr>
            <ns3:cad>87</ns3:cad>
          </ns3:TrackPointExtension>
        </extensions>
      </trkpt>
      <trkpt lat="39.89892250858247280120849609375" lon="116.31965666078031063079833984375">
        <ele>55.40000152587890625</ele>
        <time>2026-09-26T23:52:05.000Z</time>
        <extensions>
          <ns3:TrackPointExtension>
            <ns3:atemp>27.0</ns3:atemp>
            <ns3:hr>124</ns3:hr>
            <ns3:cad>87</ns3:cad>
          </ns3:TrackPointExtension>
        </extensions>
      </trkpt>
      <trkpt lat="39.89889719523489475250244140625" lon="116.31965850479900836944580078125">
        <ele>55.40000152587890625</ele>
        <time>2026-09-26T23:52:06.000Z</time>
        <extensions>
          <ns3:TrackPointExtension>
            <ns3:atemp>27.0</ns3:atemp>
            <ns3:hr>122</ns3:hr>
            <ns3:cad>87</ns3:cad>
          </ns3:TrackPointExtension>
        </extensions>
      </trkpt>
      <trkpt lat="39.89887808449566364288330078125" lon="116.31966101936995983123779296875">
        <ele>55.40000152587890625</ele>
        <time>2026-09-26T23:52:07.000Z</time>
        <extensions>
          <ns3:TrackPointExtension>
            <ns3:atemp>27.0</ns3:atemp>
            <ns3:hr>124</ns3:hr>
            <ns3:cad>87</ns3:cad>
          </ns3:TrackPointExtension>
        </extensions>
      </trkpt>
      <trkpt lat="39.89885796792805194854736328125" lon="116.31966068409383296966552734375">
        <ele>55.200000762939453125</ele>
        <time>2026-09-26T23:52:08.000Z</time>
        <extensions>
          <ns3:TrackPointExtension>
            <ns3:atemp>27.0</ns3:atemp>
            <ns3:hr>124</ns3:hr>
            <ns3:cad>86</ns3:cad>
          </ns3:TrackPointExtension>
        </extensions>
      </trkpt>
      <trkpt lat="39.89883081056177616119384765625" lon="116.31966185756027698516845703125">
        <ele>55.200000762939453125</ele>
        <time>2026-09-26T23:52:09.000Z</time>
        <extensions>
          <ns3:TrackPointExtension>
            <ns3:atemp>27.0</ns3:atemp>
            <ns3:hr>124</ns3:hr>
            <ns3:cad>86</ns3:cad>
          </ns3:TrackPointExtension>
        </extensions>
      </trkpt>
      <trkpt lat="39.8988067544996738433837890625" lon="116.3196629472076892852783203125">
        <ele>55.200000762939453125</ele>
        <time>2026-09-26T23:52:10.000Z</time>
        <extensions>
          <ns3:TrackPointExtension>
            <ns3:atemp>27.0</ns3:atemp>
            <ns3:hr>124</ns3:hr>
            <ns3:cad>87</ns3:cad>
          </ns3:TrackPointExtension>
        </extensions>
      </trkpt>
      <trkpt lat="39.89877616055309772491455078125" lon="116.3196676410734653472900390625">
        <ele>55.200000762939453125</ele>
        <time>2026-09-26T23:52:11.000Z</time>
        <extensions>
          <ns3:TrackPointExtension>
            <ns3:atemp>27.0</ns3:atemp>
            <ns3:hr>124</ns3:hr>
            <ns3:cad>87</ns3:cad>
          </ns3:TrackPointExtension>
        </extensions>
      </trkpt>
      <trkpt lat="39.89874246530234813690185546875" lon="116.319677196443080902099609375">
        <ele>55.200000762939453125</ele>
        <time>2026-09-26T23:52:12.000Z</time>
        <extensions>
          <ns3:TrackPointExtension>
            <ns3:atemp>27.0</ns3:atemp>
            <ns3:hr>125</ns3:hr>
            <ns3:cad>87</ns3:cad>
          </ns3:TrackPointExtension>
        </extensions>
      </trkpt>
      <trkpt lat="39.89872276782989501953125" lon="116.31968515925109386444091796875">
        <ele>55.200000762939453125</ele>
        <time>2026-09-26T23:52:13.000Z</time>
        <extensions>
          <ns3:TrackPointExtension>
            <ns3:atemp>27.0</ns3:atemp>
            <ns3:hr>125</ns3:hr>
            <ns3:cad>87</ns3:cad>
          </ns3:TrackPointExtension>
        </extensions>
      </trkpt>
      <trkpt lat="39.898699633777141571044921875" lon="116.31968515925109386444091796875">
        <ele>55.40000152587890625</ele>
        <time>2026-09-26T23:52:14.000Z</time>
        <extensions>
          <ns3:TrackPointExtension>
            <ns3:atemp>27.0</ns3:atemp>
            <ns3:hr>125</ns3:hr>
            <ns3:cad>87</ns3:cad>
          </ns3:TrackPointExtension>
        </extensions>
      </trkpt>
      <trkpt lat="39.89866786636412143707275390625" lon="116.31967996247112751007080078125">
        <ele>55.40000152587890625</ele>
        <time>2026-09-26T23:52:15.000Z</time>
        <extensions>
          <ns3:TrackPointExtension>
            <ns3:atemp>27.0</ns3:atemp>
            <ns3:hr>125</ns3:hr>
            <ns3:cad>87</ns3:cad>
          </ns3:TrackPointExtension>
        </extensions>
      </trkpt>
      <trkpt lat="39.89863350056111812591552734375" lon="116.31967912428081035614013671875">
        <ele>55.40000152587890625</ele>
        <time>2026-09-26T23:52:16.000Z</time>
        <extensions>
          <ns3:TrackPointExtension>
            <ns3:atemp>27.0</ns3:atemp>
            <ns3:hr>126</ns3:hr>
            <ns3:cad>87</ns3:cad>
          </ns3:TrackPointExtension>
        </extensions>
      </trkpt>
      <trkpt lat="39.8986114561557769775390625" lon="116.3196750171482563018798828125">
        <ele>55.40000152587890625</ele>
        <time>2026-09-26T23:52:17.000Z</time>
        <extensions>
          <ns3:TrackPointExtension>
            <ns3:atemp>27.0</ns3:atemp>
            <ns3:hr>126</ns3:hr>
            <ns3:cad>87</ns3:cad>
          </ns3:TrackPointExtension>
        </extensions>
      </trkpt>
      <trkpt lat="39.89858991466462612152099609375" lon="116.31967476569116115570068359375">
        <ele>55.200000762939453125</ele>
        <time>2026-09-26T23:52:18.000Z</time>
        <extensions>
          <ns3:TrackPointExtension>
            <ns3:atemp>27.0</ns3:atemp>
            <ns3:hr>125</ns3:hr>
            <ns3:cad>87</ns3:cad>
          </ns3:TrackPointExtension>
        </extensions>
      </trkpt>
      <trkpt lat="39.89855873398482799530029296875" lon="116.31967359222471714019775390625">
        <ele>55.200000762939453125</ele>
        <time>2026-09-26T23:52:19.000Z</time>
        <extensions>
          <ns3:TrackPointExtension>
            <ns3:atemp>27.0</ns3:atemp>
            <ns3:hr>126</ns3:hr>
            <ns3:cad>87</ns3:cad>
          </ns3:TrackPointExtension>
        </extensions>
      </trkpt>
      <trkpt lat="39.89852889440953731536865234375" lon="116.3196676410734653472900390625">
        <ele>55.200000762939453125</ele>
        <time>2026-09-26T23:52:20.000Z</time>
        <extensions>
          <ns3:TrackPointExtension>
            <ns3:atemp>27.0</ns3:atemp>
            <ns3:hr>126</ns3:hr>
            <ns3:cad>87</ns3:cad>
          </ns3:TrackPointExtension>
        </extensions>
      </trkpt>
      <trkpt lat="39.8984962888062000274658203125" lon="116.3196666352450847625732421875">
        <ele>55.200000762939453125</ele>
        <time>2026-09-26T23:52:21.000Z</time>
        <extensions>
          <ns3:TrackPointExtension>
            <ns3:atemp>27.0</ns3:atemp>
            <ns3:hr>126</ns3:hr>
            <ns3:cad>88</ns3:cad>
          </ns3:TrackPointExtension>
        </extensions>
      </trkpt>
      <trkpt lat="39.8984634317457675933837890625" lon="116.31966839544475078582763671875">
        <ele>55.200000762939453125</ele>
        <time>2026-09-26T23:52:22.000Z</time>
        <extensions>
          <ns3:TrackPointExtension>
            <ns3:atemp>27.0</ns3:atemp>
            <ns3:hr>126</ns3:hr>
            <ns3:cad>88</ns3:cad>
          </ns3:TrackPointExtension>
        </extensions>
      </trkpt>
      <trkpt lat="39.89844021387398242950439453125" lon="116.31965012289583683013916015625">
        <ele>55.200000762939453125</ele>
        <time>2026-09-26T23:52:23.000Z</time>
        <extensions>
          <ns3:TrackPointExtension>
            <ns3:atemp>27.0</ns3:atemp>
            <ns3:hr>126</ns3:hr>
            <ns3:cad>87</ns3:cad>
          </ns3:TrackPointExtension>
        </extensions>
      </trkpt>
      <trkpt lat="39.89842697046697139739990234375" lon="116.3196253962814807891845703125">
        <ele>55.40000152587890625</ele>
        <time>2026-09-26T23:52:24.000Z</time>
        <extensions>
          <ns3:TrackPointExtension>
            <ns3:atemp>26.0</ns3:atemp>
            <ns3:hr>126</ns3:hr>
            <ns3:cad>87</ns3:cad>
          </ns3:TrackPointExtension>
        </extensions>
      </trkpt>
      <trkpt lat="39.89841523580253124237060546875" lon="116.3195984065532684326171875">
        <ele>55.40000152587890625</ele>
        <time>2026-09-26T23:52:25.000Z</time>
        <extensions>
          <ns3:TrackPointExtension>
            <ns3:atemp>26.0</ns3:atemp>
            <ns3:hr>126</ns3:hr>
            <ns3:cad>86</ns3:cad>
          </ns3:TrackPointExtension>
        </extensions>
      </trkpt>
      <trkpt lat="39.89840417169034481048583984375" lon="116.3195687346160411834716796875">
        <ele>55.40000152587890625</ele>
        <time>2026-09-26T23:52:26.000Z</time>
        <extensions>
          <ns3:TrackPointExtension>
            <ns3:atemp>26.0</ns3:atemp>
            <ns3:hr>126</ns3:hr>
            <ns3:cad>86</ns3:cad>
          </ns3:TrackPointExtension>
        </extensions>
      </trkpt>
      <trkpt lat="39.89839813672006130218505859375" lon="116.31954149343073368072509765625">
        <ele>55.40000152587890625</ele>
        <time>2026-09-26T23:52:27.000Z</time>
        <extensions>
          <ns3:TrackPointExtension>
            <ns3:atemp>26.0</ns3:atemp>
            <ns3:hr>126</ns3:hr>
            <ns3:cad>86</ns3:cad>
          </ns3:TrackPointExtension>
        </extensions>
      </trkpt>
      <trkpt lat="39.89838271401822566986083984375" lon="116.31951400078833103179931640625">
        <ele>55.40000152587890625</ele>
        <time>2026-09-26T23:52:28.000Z</time>
        <extensions>
          <ns3:TrackPointExtension>
            <ns3:atemp>26.0</ns3:atemp>
            <ns3:hr>126</ns3:hr>
            <ns3:cad>86</ns3:cad>
          </ns3:TrackPointExtension>
        </extensions>
      </trkpt>
      <trkpt lat="39.89838154055178165435791015625" lon="116.3194899447262287139892578125">
        <ele>55.40000152587890625</ele>
        <time>2026-09-26T23:52:29.000Z</time>
        <extensions>
          <ns3:TrackPointExtension>
            <ns3:atemp>26.0</ns3:atemp>
            <ns3:hr>126</ns3:hr>
            <ns3:cad>85</ns3:cad>
          </ns3:TrackPointExtension>
        </extensions>
      </trkpt>
      <trkpt lat="39.89837651140987873077392578125" lon="116.3194508850574493408203125">
        <ele>55.40000152587890625</ele>
        <time>2026-09-26T23:52:30.000Z</time>
        <extensions>
          <ns3:TrackPointExtension>
            <ns3:atemp>26.0</ns3:atemp>
            <ns3:hr>127</ns3:hr>
            <ns3:cad>85</ns3:cad>
          </ns3:TrackPointExtension>
        </extensions>
      </trkpt>
      <trkpt lat="39.89836578257381916046142578125" lon="116.31942280568182468414306640625">
        <ele>55.40000152587890625</ele>
        <time>2026-09-26T23:52:31.000Z</time>
        <extensions>
          <ns3:TrackPointExtension>
            <ns3:atemp>26.0</ns3:atemp>
            <ns3:hr>127</ns3:hr>
            <ns3:cad>85</ns3:cad>
          </ns3:TrackPointExtension>
        </extensions>
      </trkpt>
      <trkpt lat="39.8983633518218994140625" lon="116.31939464248716831207275390625">
        <ele>55.40000152587890625</ele>
        <time>2026-09-26T23:52:32.000Z</time>
        <extensions>
          <ns3:TrackPointExtension>
            <ns3:atemp>26.0</ns3:atemp>
            <ns3:hr>127</ns3:hr>
            <ns3:cad>86</ns3:cad>
          </ns3:TrackPointExtension>
        </extensions>
      </trkpt>
      <trkpt lat="39.89835740067064762115478515625" lon="116.3193756155669689178466796875">
        <ele>55.59999847412109375</ele>
        <time>2026-09-26T23:52:33.000Z</time>
        <extensions>
          <ns3:TrackPointExtension>
            <ns3:atemp>26.0</ns3:atemp>
            <ns3:hr>128</ns3:hr>
            <ns3:cad>86</ns3:cad>
          </ns3:TrackPointExtension>
        </extensions>
      </trkpt>
      <trkpt lat="39.898340888321399688720703125" lon="116.31935340352356433868408203125">
        <ele>55.59999847412109375</ele>
        <time>2026-09-26T23:52:34.000Z</time>
        <extensions>
          <ns3:TrackPointExtension>
            <ns3:atemp>26.0</ns3:atemp>
            <ns3:hr>128</ns3:hr>
            <ns3:cad>86</ns3:cad>
          </ns3:TrackPointExtension>
        </extensions>
      </trkpt>
      <trkpt lat="39.898323118686676025390625" lon="116.3193310238420963287353515625">
        <ele>55.59999847412109375</ele>
        <time>2026-09-26T23:52:35.000Z</time>
        <extensions>
          <ns3:TrackPointExtension>
            <ns3:atemp>26.0</ns3:atemp>
            <ns3:hr>128</ns3:hr>
            <ns3:cad>86</ns3:cad>
          </ns3:TrackPointExtension>
        </extensions>
      </trkpt>
      <trkpt lat="39.8983098752796649932861328125" lon="116.3193169422447681427001953125">
        <ele>55.59999847412109375</ele>
        <time>2026-09-26T23:52:36.000Z</time>
        <extensions>
          <ns3:TrackPointExtension>
            <ns3:atemp>26.0</ns3:atemp>
            <ns3:hr>128</ns3:hr>
            <ns3:cad>86</ns3:cad>
          </ns3:TrackPointExtension>
        </extensions>
      </trkpt>
      <trkpt lat="39.89830769598484039306640625" lon="116.319299004971981048583984375">
        <ele>55.59999847412109375</ele>
        <time>2026-09-26T23:52:37.000Z</time>
        <extensions>
          <ns3:TrackPointExtension>
            <ns3:atemp>26.0</ns3:atemp>
            <ns3:hr>128</ns3:hr>
            <ns3:cad>86</ns3:cad>
          </ns3:TrackPointExtension>
        </extensions>
      </trkpt>
      <trkpt lat="39.89830099046230316162109375" lon="116.31926958449184894561767578125">
        <ele>55.799999237060546875</ele>
        <time>2026-09-26T23:52:38.000Z</time>
        <extensions>
          <ns3:TrackPointExtension>
            <ns3:atemp>26.0</ns3:atemp>
            <ns3:hr>128</ns3:hr>
            <ns3:cad>86</ns3:cad>
          </ns3:TrackPointExtension>
        </extensions>
      </trkpt>
      <trkpt lat="39.89830258302390575408935546875" lon="116.319243349134922027587890625">
        <ele>55.799999237060546875</ele>
        <time>2026-09-26T23:52:39.000Z</time>
        <extensions>
          <ns3:TrackPointExtension>
            <ns3:atemp>26.0</ns3:atemp>
            <ns3:hr>128</ns3:hr>
            <ns3:cad>86</ns3:cad>
          </ns3:TrackPointExtension>
        </extensions>
      </trkpt>
      <trkpt lat="39.89830627106130123138427734375" lon="116.3192183710634708404541015625">
        <ele>55.799999237060546875</ele>
        <time>2026-09-26T23:52:40.000Z</time>
        <extensions>
          <ns3:TrackPointExtension>
            <ns3:atemp>26.0</ns3:atemp>
            <ns3:hr>128</ns3:hr>
            <ns3:cad>86</ns3:cad>
          </ns3:TrackPointExtension>
        </extensions>
      </trkpt>
      <trkpt lat="39.89830727688968181610107421875" lon="116.319193057715892791748046875">
        <ele>55.799999237060546875</ele>
        <time>2026-09-26T23:52:41.000Z</time>
        <extensions>
          <ns3:TrackPointExtension>
            <ns3:atemp>26.0</ns3:atemp>
            <ns3:hr>128</ns3:hr>
            <ns3:cad>86</ns3:cad>
          </ns3:TrackPointExtension>
        </extensions>
      </trkpt>
      <trkpt lat="39.89829202182590961456298828125" lon="116.3191643916070461273193359375">
        <ele>55.799999237060546875</ele>
        <time>2026-09-26T23:52:42.000Z</time>
        <extensions>
          <ns3:TrackPointExtension>
            <ns3:atemp>26.0</ns3:atemp>
            <ns3:hr>128</ns3:hr>
            <ns3:cad>86</ns3:cad>
          </ns3:TrackPointExtension>
        </extensions>
      </trkpt>
      <trkpt lat="39.8982884176075458526611328125" lon="116.31912742741405963897705078125">
        <ele>55.799999237060546875</ele>
        <time>2026-09-26T23:52:43.000Z</time>
        <extensions>
          <ns3:TrackPointExtension>
            <ns3:atemp>26.0</ns3:atemp>
            <ns3:hr>128</ns3:hr>
            <ns3:cad>86</ns3:cad>
          </ns3:TrackPointExtension>
        </extensions>
      </trkpt>
      <trkpt lat="39.8982971347868442535400390625" lon="116.3190946541726589202880859375">
        <ele>55.799999237060546875</ele>
        <time>2026-09-26T23:52:44.000Z</time>
        <extensions>
          <ns3:TrackPointExtension>
            <ns3:atemp>26.0</ns3:atemp>
            <ns3:hr>128</ns3:hr>
            <ns3:cad>86</ns3:cad>
          </ns3:TrackPointExtension>
        </extensions>
      </trkpt>
      <trkpt lat="39.8983075283467769622802734375" lon="116.3190617971122264862060546875">
        <ele>55.799999237060546875</ele>
        <time>2026-09-26T23:52:45.000Z</time>
        <extensions>
          <ns3:TrackPointExtension>
            <ns3:atemp>26.0</ns3:atemp>
            <ns3:hr>129</ns3:hr>
            <ns3:cad>86</ns3:cad>
          </ns3:TrackPointExtension>
        </extensions>
      </trkpt>
      <trkpt lat="39.8983135633170604705810546875" lon="116.31903304718434810638427734375">
        <ele>55.799999237060546875</ele>
        <time>2026-09-26T23:52:46.000Z</time>
        <extensions>
          <ns3:TrackPointExtension>
            <ns3:atemp>26.0</ns3:atemp>
            <ns3:hr>128</ns3:hr>
            <ns3:cad>87</ns3:cad>
          </ns3:TrackPointExtension>
        </extensions>
      </trkpt>
      <trkpt lat="39.8983222804963588714599609375" lon="116.31901024840772151947021484375">
        <ele>55.799999237060546875</ele>
        <time>2026-09-26T23:52:47.000Z</time>
        <extensions>
          <ns3:TrackPointExtension>
            <ns3:atemp>26.0</ns3:atemp>
            <ns3:hr>128</ns3:hr>
            <ns3:cad>87</ns3:cad>
          </ns3:TrackPointExtension>
        </extensions>
      </trkpt>
      <trkpt lat="39.89832504652440547943115234375" lon="116.3189877010881900787353515625">
        <ele>55.799999237060546875</ele>
        <time>2026-09-26T23:52:48.000Z</time>
        <extensions>
          <ns3:TrackPointExtension>
            <ns3:atemp>27.0</ns3:atemp>
            <ns3:hr>128</ns3:hr>
            <ns3:cad>87</ns3:cad>
          </ns3:TrackPointExtension>
        </extensions>
      </trkpt>
      <trkpt lat="39.89832035265862941741943359375" lon="116.318957693874835968017578125">
        <ele>55.799999237060546875</ele>
        <time>2026-09-26T23:52:49.000Z</time>
        <extensions>
          <ns3:TrackPointExtension>
            <ns3:atemp>26.0</ns3:atemp>
            <ns3:hr>128</ns3:hr>
            <ns3:cad>87</ns3:cad>
          </ns3:TrackPointExtension>
        </extensions>
      </trkpt>
      <trkpt lat="39.8983115516602993011474609375" lon="116.3189385831356048583984375">
        <ele>55.799999237060546875</ele>
        <time>2026-09-26T23:52:50.000Z</time>
        <extensions>
          <ns3:TrackPointExtension>
            <ns3:atemp>26.0</ns3:atemp>
            <ns3:hr>128</ns3:hr>
            <ns3:cad>86</ns3:cad>
          </ns3:TrackPointExtension>
        </extensions>
      </trkpt>
      <trkpt lat="39.89831037819385528564453125" lon="116.31891134195029735565185546875">
        <ele>55.799999237060546875</ele>
        <time>2026-09-26T23:52:51.000Z</time>
        <extensions>
          <ns3:TrackPointExtension>
            <ns3:atemp>26.0</ns3:atemp>
            <ns3:hr>128</ns3:hr>
            <ns3:cad>86</ns3:cad>
          </ns3:TrackPointExtension>
        </extensions>
      </trkpt>
      <trkpt lat="39.8983179219067096710205078125" lon="116.318876557052135467529296875">
        <ele>55.799999237060546875</ele>
        <time>2026-09-26T23:52:52.000Z</time>
        <extensions>
          <ns3:TrackPointExtension>
            <ns3:atemp>26.0</ns3:atemp>
            <ns3:hr>127</ns3:hr>
            <ns3:cad>86</ns3:cad>
          </ns3:TrackPointExtension>
        </extensions>
      </trkpt>
      <trkpt lat="39.89832353778183460235595703125" lon="116.31884445436298847198486328125">
        <ele>55.799999237060546875</ele>
        <time>2026-09-26T23:52:53.000Z</time>
        <extensions>
          <ns3:TrackPointExtension>
            <ns3:atemp>26.0</ns3:atemp>
            <ns3:hr>127</ns3:hr>
            <ns3:cad>86</ns3:cad>
          </ns3:TrackPointExtension>
        </extensions>
      </trkpt>
      <trkpt lat="39.8983229510486125946044921875" lon="116.31881855428218841552734375">
        <ele>55.799999237060546875</ele>
        <time>2026-09-26T23:52:54.000Z</time>
        <extensions>
          <ns3:TrackPointExtension>
            <ns3:atemp>26.0</ns3:atemp>
            <ns3:hr>127</ns3:hr>
            <ns3:cad>86</ns3:cad>
          </ns3:TrackPointExtension>
        </extensions>
      </trkpt>
      <trkpt lat="39.89832772873342037200927734375" lon="116.31878946907818317413330078125">
        <ele>55.799999237060546875</ele>
        <time>2026-09-26T23:52:55.000Z</time>
        <extensions>
          <ns3:TrackPointExtension>
            <ns3:atemp>26.0</ns3:atemp>
            <ns3:hr>127</ns3:hr>
            <ns3:cad>86</ns3:cad>
          </ns3:TrackPointExtension>
        </extensions>
      </trkpt>
      <trkpt lat="39.89833124913275241851806640625" lon="116.31875644437968730926513671875">
        <ele>55.799999237060546875</ele>
        <time>2026-09-26T23:52:56.000Z</time>
        <extensions>
          <ns3:TrackPointExtension>
            <ns3:atemp>26.0</ns3:atemp>
            <ns3:hr>127</ns3:hr>
            <ns3:cad>86</ns3:cad>
          </ns3:TrackPointExtension>
        </extensions>
      </trkpt>
      <trkpt lat="39.89833577536046504974365234375" lon="116.31873046047985553741455078125">
        <ele>55.799999237060546875</ele>
        <time>2026-09-26T23:52:57.000Z</time>
        <extensions>
          <ns3:TrackPointExtension>
            <ns3:atemp>26.0</ns3:atemp>
            <ns3:hr>127</ns3:hr>
            <ns3:cad>86</ns3:cad>
          </ns3:TrackPointExtension>
        </extensions>
      </trkpt>
      <trkpt lat="39.89833426661789417266845703125" lon="116.3187010399997234344482421875">
        <ele>55.799999237060546875</ele>
        <time>2026-09-26T23:52:58.000Z</time>
        <extensions>
          <ns3:TrackPointExtension>
            <ns3:atemp>26.0</ns3:atemp>
            <ns3:hr>127</ns3:hr>
            <ns3:cad>86</ns3:cad>
          </ns3:TrackPointExtension>
        </extensions>
      </trkpt>
      <trkpt lat="39.89834030158817768096923828125" lon="116.3186678476631641387939453125">
        <ele>55.799999237060546875</ele>
        <time>2026-09-26T23:52:59.000Z</time>
        <extensions>
          <ns3:TrackPointExtension>
            <ns3:atemp>26.0</ns3:atemp>
            <ns3:hr>127</ns3:hr>
            <ns3:cad>87</ns3:cad>
          </ns3:TrackPointExtension>
        </extensions>
      </trkpt>
      <trkpt lat="39.8983517847955226898193359375" lon="116.31863557733595371246337890625">
        <ele>55.799999237060546875</ele>
        <time>2026-09-26T23:53:00.000Z</time>
        <extensions>
          <ns3:TrackPointExtension>
            <ns3:atemp>26.0</ns3:atemp>
            <ns3:hr>127</ns3:hr>
            <ns3:cad>87</ns3:cad>
          </ns3:TrackPointExtension>
        </extensions>
      </trkpt>
      <trkpt lat="39.8983541317284107208251953125" lon="116.31861529313027858734130859375">
        <ele>55.799999237060546875</ele>
        <time>2026-09-26T23:53:01.000Z</time>
        <extensions>
          <ns3:TrackPointExtension>
            <ns3:atemp>26.0</ns3:atemp>
            <ns3:hr>127</ns3:hr>
            <ns3:cad>87</ns3:cad>
          </ns3:TrackPointExtension>
        </extensions>
      </trkpt>
      <trkpt lat="39.898339211940765380859375" lon="116.31859668530523777008056640625">
        <ele>55.59999847412109375</ele>
        <time>2026-09-26T23:53:02.000Z</time>
        <extensions>
          <ns3:TrackPointExtension>
            <ns3:atemp>26.0</ns3:atemp>
            <ns3:hr>127</ns3:hr>
            <ns3:cad>87</ns3:cad>
          </ns3:TrackPointExtension>
        </extensions>
      </trkpt>
      <trkpt lat="39.8983273096382617950439453125" lon="116.3185719586908817291259765625">
        <ele>55.59999847412109375</ele>
        <time>2026-09-26T23:53:03.000Z</time>
        <extensions>
          <ns3:TrackPointExtension>
            <ns3:atemp>26.0</ns3:atemp>
            <ns3:hr>126</ns3:hr>
            <ns3:cad>87</ns3:cad>
          </ns3:TrackPointExtension>
        </extensions>
      </trkpt>
      <trkpt lat="39.8983229510486125946044921875" lon="116.31855108775198459625244140625">
        <ele>55.59999847412109375</ele>
        <time>2026-09-26T23:53:04.000Z</time>
        <extensions>
          <ns3:TrackPointExtension>
            <ns3:atemp>26.0</ns3:atemp>
            <ns3:hr>126</ns3:hr>
            <ns3:cad>87</ns3:cad>
          </ns3:TrackPointExtension>
        </extensions>
      </trkpt>
      <trkpt lat="39.89831783808767795562744140625" lon="116.3185263611376285552978515625">
        <ele>55.59999847412109375</ele>
        <time>2026-09-26T23:53:05.000Z</time>
        <extensions>
          <ns3:TrackPointExtension>
            <ns3:atemp>26.0</ns3:atemp>
            <ns3:hr>126</ns3:hr>
            <ns3:cad>87</ns3:cad>
          </ns3:TrackPointExtension>
        </extensions>
      </trkpt>
      <trkpt lat="39.89831834100186824798583984375" lon="116.31849844940006732940673828125">
        <ele>55.59999847412109375</ele>
        <time>2026-09-26T23:53:06.000Z</time>
        <extensions>
          <ns3:TrackPointExtension>
            <ns3:atemp>26.0</ns3:atemp>
            <ns3:hr>126</ns3:hr>
            <ns3:cad>87</ns3:cad>
          </ns3:TrackPointExtension>
        </extensions>
      </trkpt>
      <trkpt lat="39.898307360708713531494140625" lon="116.318470202386379241943359375">
        <ele>55.59999847412109375</ele>
        <time>2026-09-26T23:53:07.000Z</time>
        <extensions>
          <ns3:TrackPointExtension>
            <ns3:atemp>26.0</ns3:atemp>
            <ns3:hr>125</ns3:hr>
            <ns3:cad>87</ns3:cad>
          </ns3:TrackPointExtension>
        </extensions>
      </trkpt>
      <trkpt lat="39.89829956553876399993896484375" lon="116.318448744714260101318359375">
        <ele>55.59999847412109375</ele>
        <time>2026-09-26T23:53:08.000Z</time>
        <extensions>
          <ns3:TrackPointExtension>
            <ns3:atemp>26.0</ns3:atemp>
            <ns3:hr>126</ns3:hr>
            <ns3:cad>87</ns3:cad>
          </ns3:TrackPointExtension>
        </extensions>
      </trkpt>
      <trkpt lat="39.898292608559131622314453125" lon="116.31842552684247493743896484375">
        <ele>55.59999847412109375</ele>
        <time>2026-09-26T23:53:09.000Z</time>
        <extensions>
          <ns3:TrackPointExtension>
            <ns3:atemp>26.0</ns3:atemp>
            <ns3:hr>126</ns3:hr>
            <ns3:cad>87</ns3:cad>
          </ns3:TrackPointExtension>
        </extensions>
      </trkpt>
      <trkpt lat="39.89828355610370635986328125" lon="116.31840574555099010467529296875">
        <ele>55.59999847412109375</ele>
        <time>2026-09-26T23:53:10.000Z</time>
        <extensions>
          <ns3:TrackPointExtension>
            <ns3:atemp>26.0</ns3:atemp>
            <ns3:hr>125</ns3:hr>
            <ns3:cad>87</ns3:cad>
          </ns3:TrackPointExtension>
        </extensions>
      </trkpt>
      <trkpt lat="39.8982869088649749755859375" lon="116.31838127039372920989990234375">
        <ele>55.40000152587890625</ele>
        <time>2026-09-26T23:53:11.000Z</time>
        <extensions>
          <ns3:TrackPointExtension>
            <ns3:atemp>26.0</ns3:atemp>
            <ns3:hr>125</ns3:hr>
            <ns3:cad>87</ns3:cad>
          </ns3:TrackPointExtension>
        </extensions>
      </trkpt>
      <trkpt lat="39.89829353056848049163818359375" lon="116.31835059262812137603759765625">
        <ele>55.40000152587890625</ele>
        <time>2026-09-26T23:53:12.000Z</time>
        <extensions>
          <ns3:TrackPointExtension>
            <ns3:atemp>26.0</ns3:atemp>
            <ns3:hr>125</ns3:hr>
            <ns3:cad>87</ns3:cad>
          </ns3:TrackPointExtension>
        </extensions>
      </trkpt>
      <trkpt lat="39.8983030021190643310546875" lon="116.3183148019015789031982421875">
        <ele>55.40000152587890625</ele>
        <time>2026-09-26T23:53:13.000Z</time>
        <extensions>
          <ns3:TrackPointExtension>
            <ns3:atemp>26.0</ns3:atemp>
            <ns3:hr>126</ns3:hr>
            <ns3:cad>87</ns3:cad>
          </ns3:TrackPointExtension>
        </extensions>
      </trkpt>
      <trkpt lat="39.898308701813220977783203125" lon="116.3182809390127658843994140625">
        <ele>55.40000152587890625</ele>
        <time>2026-09-26T23:53:14.000Z</time>
        <extensions>
          <ns3:TrackPointExtension>
            <ns3:atemp>26.0</ns3:atemp>
            <ns3:hr>125</ns3:hr>
            <ns3:cad>86</ns3:cad>
          </ns3:TrackPointExtension>
        </extensions>
      </trkpt>
      <trkpt lat="39.89831037819385528564453125" lon="116.31824799813330173492431640625">
        <ele>55.40000152587890625</ele>
        <time>2026-09-26T23:53:15.000Z</time>
        <extensions>
          <ns3:TrackPointExtension>
            <ns3:atemp>26.0</ns3:atemp>
            <ns3:hr>125</ns3:hr>
            <ns3:cad>86</ns3:cad>
          </ns3:TrackPointExtension>
        </extensions>
      </trkpt>
      <trkpt lat="39.8983041755855083465576171875" lon="116.31822084076702594757080078125">
        <ele>55.200000762939453125</ele>
        <time>2026-09-26T23:53:16.000Z</time>
        <extensions>
          <ns3:TrackPointExtension>
            <ns3:atemp>26.0</ns3:atemp>
            <ns3:hr>125</ns3:hr>
            <ns3:cad>86</ns3:cad>
          </ns3:TrackPointExtension>
        </extensions>
      </trkpt>
      <trkpt lat="39.89828665740787982940673828125" lon="116.3182021491229534149169921875">
        <ele>55.200000762939453125</ele>
        <time>2026-09-26T23:53:17.000Z</time>
        <extensions>
          <ns3:TrackPointExtension>
            <ns3:atemp>26.0</ns3:atemp>
            <ns3:hr>125</ns3:hr>
            <ns3:cad>86</ns3:cad>
          </ns3:TrackPointExtension>
        </extensions>
      </trkpt>
      <trkpt lat="39.89827475510537624359130859375" lon="116.3181840442121028900146484375">
        <ele>55.200000762939453125</ele>
        <time>2026-09-26T23:53:18.000Z</time>
        <extensions>
          <ns3:TrackPointExtension>
            <ns3:atemp>26.0</ns3:atemp>
            <ns3:hr>126</ns3:hr>
            <ns3:cad>86</ns3:cad>
          </ns3:TrackPointExtension>
        </extensions>
      </trkpt>
      <trkpt lat="39.89826603792607784271240234375" lon="116.318165771663188934326171875">
        <ele>55.200000762939453125</ele>
        <time>2026-09-26T23:53:19.000Z</time>
        <extensions>
          <ns3:TrackPointExtension>
            <ns3:atemp>26.0</ns3:atemp>
            <ns3:hr>126</ns3:hr>
            <ns3:cad>86</ns3:cad>
          </ns3:TrackPointExtension>
        </extensions>
      </trkpt>
      <trkpt lat="39.89826452918350696563720703125" lon="116.3181495107710361480712890625">
        <ele>55.200000762939453125</ele>
        <time>2026-09-26T23:53:20.000Z</time>
        <extensions>
          <ns3:TrackPointExtension>
            <ns3:atemp>26.0</ns3:atemp>
            <ns3:hr>125</ns3:hr>
            <ns3:cad>86</ns3:cad>
          </ns3:TrackPointExtension>
        </extensions>
      </trkpt>
      <trkpt lat="39.8982579074800014495849609375" lon="116.31812830455601215362548828125">
        <ele>55.200000762939453125</ele>
        <time>2026-09-26T23:53:21.000Z</time>
        <extensions>
          <ns3:TrackPointExtension>
            <ns3:atemp>26.0</ns3:atemp>
            <ns3:hr>125</ns3:hr>
            <ns3:cad>86</ns3:cad>
          </ns3:TrackPointExtension>
        </extensions>
      </trkpt>
      <trkpt lat="39.89824726246297359466552734375" lon="116.31810718216001987457275390625">
        <ele>55.200000762939453125</ele>
        <time>2026-09-26T23:53:22.000Z</time>
        <extensions>
          <ns3:TrackPointExtension>
            <ns3:atemp>26.0</ns3:atemp>
            <ns3:hr>125</ns3:hr>
            <ns3:cad>86</ns3:cad>
          </ns3:TrackPointExtension>
        </extensions>
      </trkpt>
      <trkpt lat="39.89823586307466030120849609375" lon="116.31808538921177387237548828125">
        <ele>55.200000762939453125</ele>
        <time>2026-09-26T23:53:23.000Z</time>
        <extensions>
          <ns3:TrackPointExtension>
            <ns3:atemp>26.0</ns3:atemp>
            <ns3:hr>125</ns3:hr>
            <ns3:cad>87</ns3:cad>
          </ns3:TrackPointExtension>
        </extensions>
      </trkpt>
      <trkpt lat="39.89823586307466030120849609375" lon="116.318063847720623016357421875">
        <ele>55</ele>
        <time>2026-09-26T23:53:24.000Z</time>
        <extensions>
          <ns3:TrackPointExtension>
            <ns3:atemp>26.0</ns3:atemp>
            <ns3:hr>125</ns3:hr>
            <ns3:cad>87</ns3:cad>
          </ns3:TrackPointExtension>
        </extensions>
      </trkpt>
      <trkpt lat="39.898238964378833770751953125" lon="116.3180388696491718292236328125">
        <ele>55</ele>
        <time>2026-09-26T23:53:25.000Z</time>
        <extensions>
          <ns3:TrackPointExtension>
            <ns3:atemp>26.0</ns3:atemp>
            <ns3:hr>125</ns3:hr>
            <ns3:cad>87</ns3:cad>
          </ns3:TrackPointExtension>
        </extensions>
      </trkpt>
      <trkpt lat="39.89824458025395870208740234375" lon="116.31800592876970767974853515625">
        <ele>55</ele>
        <time>2026-09-26T23:53:26.000Z</time>
        <extensions>
          <ns3:TrackPointExtension>
            <ns3:atemp>26.0</ns3:atemp>
            <ns3:hr>125</ns3:hr>
            <ns3:cad>86</ns3:cad>
          </ns3:TrackPointExtension>
        </extensions>
      </trkpt>
      <trkpt lat="39.8982520401477813720703125" lon="116.31796888075768947601318359375">
        <ele>55</ele>
        <time>2026-09-26T23:53:27.000Z</time>
        <extensions>
          <ns3:TrackPointExtension>
            <ns3:atemp>26.0</ns3:atemp>
            <ns3:hr>124</ns3:hr>
            <ns3:cad>86</ns3:cad>
          </ns3:TrackPointExtension>
        </extensions>
      </trkpt>
      <trkpt lat="39.89826218225061893463134765625" lon="116.31793837063014507293701171875">
        <ele>55</ele>
        <time>2026-09-26T23:53:28.000Z</time>
        <extensions>
          <ns3:TrackPointExtension>
            <ns3:atemp>26.0</ns3:atemp>
            <ns3:hr>123</ns3:hr>
            <ns3:cad>86</ns3:cad>
          </ns3:TrackPointExtension>
        </extensions>
      </trkpt>
      <trkpt lat="39.8982736654579639434814453125" lon="116.317905597388744354248046875">
        <ele>55</ele>
        <time>2026-09-26T23:53:29.000Z</time>
        <extensions>
          <ns3:TrackPointExtension>
            <ns3:atemp>26.0</ns3:atemp>
            <ns3:hr>122</ns3:hr>
            <ns3:cad>86</ns3:cad>
          </ns3:TrackPointExtension>
        </extensions>
      </trkpt>
      <trkpt lat="39.8982877470552921295166015625" lon="116.31787366233766078948974609375">
        <ele>55</ele>
        <time>2026-09-26T23:53:30.000Z</time>
        <extensions>
          <ns3:TrackPointExtension>
            <ns3:atemp>26.0</ns3:atemp>
            <ns3:hr>122</ns3:hr>
            <ns3:cad>86</ns3:cad>
          </ns3:TrackPointExtension>
        </extensions>
      </trkpt>
      <trkpt lat="39.8983021639287471771240234375" lon="116.31784063763916492462158203125">
        <ele>55</ele>
        <time>2026-09-26T23:53:31.000Z</time>
        <extensions>
          <ns3:TrackPointExtension>
            <ns3:atemp>26.0</ns3:atemp>
            <ns3:hr>122</ns3:hr>
            <ns3:cad>86</ns3:cad>
          </ns3:TrackPointExtension>
        </extensions>
      </trkpt>
      <trkpt lat="39.89831465296447277069091796875" lon="116.31781180389225482940673828125">
        <ele>55</ele>
        <time>2026-09-26T23:53:32.000Z</time>
        <extensions>
          <ns3:TrackPointExtension>
            <ns3:atemp>26.0</ns3:atemp>
            <ns3:hr>121</ns3:hr>
            <ns3:cad>86</ns3:cad>
          </ns3:TrackPointExtension>
        </extensions>
      </trkpt>
      <trkpt lat="39.89831515587866306304931640625" lon="116.31779537536203861236572265625">
        <ele>55</ele>
        <time>2026-09-26T23:53:33.000Z</time>
        <extensions>
          <ns3:TrackPointExtension>
            <ns3:atemp>26.0</ns3:atemp>
            <ns3:hr>121</ns3:hr>
            <ns3:cad>86</ns3:cad>
          </ns3:TrackPointExtension>
        </extensions>
      </trkpt>
      <trkpt lat="39.89832186140120029449462890625" lon="116.3177733309566974639892578125">
        <ele>55</ele>
        <time>2026-09-26T23:53:34.000Z</time>
        <extensions>
          <ns3:TrackPointExtension>
            <ns3:atemp>26.0</ns3:atemp>
            <ns3:hr>121</ns3:hr>
            <ns3:cad>86</ns3:cad>
          </ns3:TrackPointExtension>
        </extensions>
      </trkpt>
      <trkpt lat="39.8983313329517841339111328125" lon="116.3177485205233097076416015625">
        <ele>54.799999237060546875</ele>
        <time>2026-09-26T23:53:35.000Z</time>
        <extensions>
          <ns3:TrackPointExtension>
            <ns3:atemp>26.0</ns3:atemp>
            <ns3:hr>121</ns3:hr>
            <ns3:cad>87</ns3:cad>
          </ns3:TrackPointExtension>
        </extensions>
      </trkpt>
      <trkpt lat="39.89834315143525600433349609375" lon="116.3177180103957653045654296875">
        <ele>54.799999237060546875</ele>
        <time>2026-09-26T23:53:36.000Z</time>
        <extensions>
          <ns3:TrackPointExtension>
            <ns3:atemp>26.0</ns3:atemp>
            <ns3:hr>120</ns3:hr>
            <ns3:cad>87</ns3:cad>
          </ns3:TrackPointExtension>
        </extensions>
      </trkpt>
      <trkpt lat="39.89836192689836025238037109375" lon="116.3176737539470195770263671875">
        <ele>54.799999237060546875</ele>
        <time>2026-09-26T23:53:37.000Z</time>
        <extensions>
          <ns3:TrackPointExtension>
            <ns3:atemp>26.0</ns3:atemp>
            <ns3:hr>121</ns3:hr>
            <ns3:cad>87</ns3:cad>
          </ns3:TrackPointExtension>
        </extensions>
      </trkpt>
      <trkpt lat="39.89838145673274993896484375" lon="116.31761717610061168670654296875">
        <ele>54.799999237060546875</ele>
        <time>2026-09-26T23:53:38.000Z</time>
        <extensions>
          <ns3:TrackPointExtension>
            <ns3:atemp>26.0</ns3:atemp>
            <ns3:hr>121</ns3:hr>
            <ns3:cad>87</ns3:cad>
          </ns3:TrackPointExtension>
        </extensions>
      </trkpt>
      <trkpt lat="39.89838950335979461669921875" lon="116.3175792060792446136474609375">
        <ele>54.799999237060546875</ele>
        <time>2026-09-26T23:53:39.000Z</time>
        <extensions>
          <ns3:TrackPointExtension>
            <ns3:atemp>26.0</ns3:atemp>
            <ns3:hr>121</ns3:hr>
            <ns3:cad>88</ns3:cad>
          </ns3:TrackPointExtension>
        </extensions>
      </trkpt>
      <trkpt lat="39.8984000645577907562255859375" lon="116.31756462156772613525390625">
        <ele>54.59999847412109375</ele>
        <time>2026-09-26T23:53:40.000Z</time>
        <extensions>
          <ns3:TrackPointExtension>
            <ns3:atemp>26.0</ns3:atemp>
            <ns3:hr>121</ns3:hr>
            <ns3:cad>88</ns3:cad>
          </ns3:TrackPointExtension>
        </extensions>
      </trkpt>
      <trkpt lat="39.89839696325361728668212890625" lon="116.317562945187091827392578125">
        <ele>54.59999847412109375</ele>
        <time>2026-09-26T23:53:41.000Z</time>
        <extensions>
          <ns3:TrackPointExtension>
            <ns3:atemp>26.0</ns3:atemp>
            <ns3:hr>121</ns3:hr>
            <ns3:cad>88</ns3:cad>
          </ns3:TrackPointExtension>
        </extensions>
      </trkpt>
      <trkpt lat="39.89839863963425159454345703125" lon="116.317567639052867889404296875">
        <ele>54.59999847412109375</ele>
        <time>2026-09-26T23:53:42.000Z</time>
        <extensions>
          <ns3:TrackPointExtension>
            <ns3:atemp>26.0</ns3:atemp>
            <ns3:hr>121</ns3:hr>
            <ns3:cad>88</ns3:cad>
          </ns3:TrackPointExtension>
        </extensions>
      </trkpt>
      <trkpt lat="39.89840283058583736419677734375" lon="116.3175647892057895660400390625">
        <ele>54.59999847412109375</ele>
        <time>2026-09-26T23:53:43.000Z</time>
        <extensions>
          <ns3:TrackPointExtension>
            <ns3:atemp>26.0</ns3:atemp>
            <ns3:hr>121</ns3:hr>
            <ns3:cad>88</ns3:cad>
          </ns3:TrackPointExtension>
        </extensions>
      </trkpt>
      <trkpt lat="39.8984138108789920806884765625" lon="116.31755213253200054168701171875">
        <ele>54.59999847412109375</ele>
        <time>2026-09-26T23:53:44.000Z</time>
        <extensions>
          <ns3:TrackPointExtension>
            <ns3:atemp>26.0</ns3:atemp>
            <ns3:hr>121</ns3:hr>
            <ns3:cad>88</ns3:cad>
          </ns3:TrackPointExtension>
        </extensions>
      </trkpt>
      <trkpt lat="39.8984292335808277130126953125" lon="116.31753754802048206329345703125">
        <ele>54.40000152587890625</ele>
        <time>2026-09-26T23:53:45.000Z</time>
        <extensions>
          <ns3:TrackPointExtension>
            <ns3:atemp>26.0</ns3:atemp>
            <ns3:hr>121</ns3:hr>
            <ns3:cad>88</ns3:cad>
          </ns3:TrackPointExtension>
        </extensions>
      </trkpt>
      <trkpt lat="39.89844717085361480712890625" lon="116.31752044893801212310791015625">
        <ele>54.40000152587890625</ele>
        <time>2026-09-26T23:53:46.000Z</time>
        <extensions>
          <ns3:TrackPointExtension>
            <ns3:atemp>26.0</ns3:atemp>
            <ns3:hr>122</ns3:hr>
            <ns3:cad>88</ns3:cad>
          </ns3:TrackPointExtension>
        </extensions>
      </trkpt>
      <trkpt lat="39.8984674550592899322509765625" lon="116.31750184111297130584716796875">
        <ele>54.40000152587890625</ele>
        <time>2026-09-26T23:53:47.000Z</time>
        <extensions>
          <ns3:TrackPointExtension>
            <ns3:atemp>26.0</ns3:atemp>
            <ns3:hr>123</ns3:hr>
            <ns3:cad>88</ns3:cad>
          </ns3:TrackPointExtension>
        </extensions>
      </trkpt>
      <trkpt lat="39.89849721081554889678955078125" lon="116.31749086081981658935546875">
        <ele>54.40000152587890625</ele>
        <time>2026-09-26T23:53:48.000Z</time>
        <extensions>
          <ns3:TrackPointExtension>
            <ns3:atemp>26.0</ns3:atemp>
            <ns3:hr>124</ns3:hr>
            <ns3:cad>88</ns3:cad>
          </ns3:TrackPointExtension>
        </extensions>
      </trkpt>
      <trkpt lat="39.89851598627865314483642578125" lon="116.3174821436405181884765625">
        <ele>54.40000152587890625</ele>
        <time>2026-09-26T23:53:49.000Z</time>
        <extensions>
          <ns3:TrackPointExtension>
            <ns3:atemp>26.0</ns3:atemp>
            <ns3:hr>125</ns3:hr>
            <ns3:cad>88</ns3:cad>
          </ns3:TrackPointExtension>
        </extensions>
      </trkpt>
      <trkpt lat="39.8985402099788188934326171875" lon="116.31747434847056865692138671875">
        <ele>54.40000152587890625</ele>
        <time>2026-09-26T23:53:50.000Z</time>
        <extensions>
          <ns3:TrackPointExtension>
            <ns3:atemp>26.0</ns3:atemp>
            <ns3:hr>126</ns3:hr>
            <ns3:cad>88</ns3:cad>
          </ns3:TrackPointExtension>
        </extensions>
      </trkpt>
      <trkpt lat="39.89855554886162281036376953125" lon="116.31746311672031879425048828125">
        <ele>54.40000152587890625</ele>
        <time>2026-09-26T23:53:51.000Z</time>
        <extensions>
          <ns3:TrackPointExtension>
            <ns3:atemp>26.0</ns3:atemp>
            <ns3:hr>126</ns3:hr>
            <ns3:cad>88</ns3:cad>
          </ns3:TrackPointExtension>
        </extensions>
      </trkpt>
      <trkpt lat="39.89856745116412639617919921875" lon="116.3174534775316715240478515625">
        <ele>54.40000152587890625</ele>
        <time>2026-09-26T23:53:52.000Z</time>
        <extensions>
          <ns3:TrackPointExtension>
            <ns3:atemp>26.0</ns3:atemp>
            <ns3:hr>126</ns3:hr>
            <ns3:cad>88</ns3:cad>
          </ns3:TrackPointExtension>
        </extensions>
      </trkpt>
      <trkpt lat="39.8985878191888332366943359375" lon="116.31744802929461002349853515625">
        <ele>54.40000152587890625</ele>
        <time>2026-09-26T23:53:53.000Z</time>
        <extensions>
          <ns3:TrackPointExtension>
            <ns3:atemp>26.0</ns3:atemp>
            <ns3:hr>127</ns3:hr>
            <ns3:cad>88</ns3:cad>
          </ns3:TrackPointExtension>
        </extensions>
      </trkpt>
      <trkpt lat="39.898607432842254638671875" lon="116.31744367070496082305908203125">
        <ele>54.40000152587890625</ele>
        <time>2026-09-26T23:53:54.000Z</time>
        <extensions>
          <ns3:TrackPointExtension>
            <ns3:atemp>26.0</ns3:atemp>
            <ns3:hr>127</ns3:hr>
            <ns3:cad>88</ns3:cad>
          </ns3:TrackPointExtension>
        </extensions>
      </trkpt>
      <trkpt lat="39.8986290581524372100830078125" lon="116.31744015030562877655029296875">
        <ele>54.40000152587890625</ele>
        <time>2026-09-26T23:53:55.000Z</time>
        <extensions>
          <ns3:TrackPointExtension>
            <ns3:atemp>26.0</ns3:atemp>
            <ns3:hr>127</ns3:hr>
            <ns3:cad>86</ns3:cad>
          </ns3:TrackPointExtension>
        </extensions>
      </trkpt>
      <trkpt lat="39.898656047880649566650390625" lon="116.3174414075911045074462890625">
        <ele>54.40000152587890625</ele>
        <time>2026-09-26T23:53:56.000Z</time>
        <extensions>
          <ns3:TrackPointExtension>
            <ns3:atemp>26.0</ns3:atemp>
            <ns3:hr>127</ns3:hr>
            <ns3:cad>86</ns3:cad>
          </ns3:TrackPointExtension>
        </extensions>
      </trkpt>
      <trkpt lat="39.89867993630468845367431640625" lon="116.3174434192478656768798828125">
        <ele>54.40000152587890625</ele>
        <time>2026-09-26T23:53:57.000Z</time>
        <extensions>
          <ns3:TrackPointExtension>
            <ns3:atemp>26.0</ns3:atemp>
            <ns3:hr>127</ns3:hr>
            <ns3:cad>86</ns3:cad>
          </ns3:TrackPointExtension>
        </extensions>
      </trkpt>
      <trkpt lat="39.8986984603106975555419921875" lon="116.3174397312104701995849609375">
        <ele>54.40000152587890625</ele>
        <time>2026-09-26T23:53:58.000Z</time>
        <extensions>
          <ns3:TrackPointExtension>
            <ns3:atemp>26.0</ns3:atemp>
            <ns3:hr>127</ns3:hr>
            <ns3:cad>86</ns3:cad>
          </ns3:TrackPointExtension>
        </extensions>
      </trkpt>
      <trkpt lat="39.89871514029800891876220703125" lon="116.31743394769728183746337890625">
        <ele>54.40000152587890625</ele>
        <time>2026-09-26T23:53:59.000Z</time>
        <extensions>
          <ns3:TrackPointExtension>
            <ns3:atemp>26.0</ns3:atemp>
            <ns3:hr>128</ns3:hr>
            <ns3:cad>86</ns3:cad>
          </ns3:TrackPointExtension>
        </extensions>
      </trkpt>
      <trkpt lat="39.8987326584756374359130859375" lon="116.31742774508893489837646484375">
        <ele>54.40000152587890625</ele>
        <time>2026-09-26T23:54:00.000Z</time>
        <extensions>
          <ns3:TrackPointExtension>
            <ns3:atemp>26.0</ns3:atemp>
            <ns3:hr>128</ns3:hr>
            <ns3:cad>87</ns3:cad>
          </ns3:TrackPointExtension>
        </extensions>
      </trkpt>
      <trkpt lat="39.89876425825059413909912109375" lon="116.3174290023744106292724609375">
        <ele>54.40000152587890625</ele>
        <time>2026-09-26T23:54:01.000Z</time>
        <extensions>
          <ns3:TrackPointExtension>
            <ns3:atemp>26.0</ns3:atemp>
            <ns3:hr>128</ns3:hr>
            <ns3:cad>87</ns3:cad>
          </ns3:TrackPointExtension>
        </extensions>
      </trkpt>
      <trkpt lat="39.89879443310201168060302734375" lon="116.317436210811138153076171875">
        <ele>54.59999847412109375</ele>
        <time>2026-09-26T23:54:02.000Z</time>
        <extensions>
          <ns3:TrackPointExtension>
            <ns3:atemp>26.0</ns3:atemp>
            <ns3:hr>128</ns3:hr>
            <ns3:cad>87</ns3:cad>
          </ns3:TrackPointExtension>
        </extensions>
      </trkpt>
      <trkpt lat="39.8988151364028453826904296875" lon="116.317432858049869537353515625">
        <ele>54.59999847412109375</ele>
        <time>2026-09-26T23:54:03.000Z</time>
        <extensions>
          <ns3:TrackPointExtension>
            <ns3:atemp>26.0</ns3:atemp>
            <ns3:hr>128</ns3:hr>
            <ns3:cad>86</ns3:cad>
          </ns3:TrackPointExtension>
        </extensions>
      </trkpt>
      <trkpt lat="39.89881404675543308258056640625" lon="116.31743310950696468353271484375">
        <ele>54.799999237060546875</ele>
        <time>2026-09-26T23:54:04.000Z</time>
        <extensions>
          <ns3:TrackPointExtension>
            <ns3:atemp>26.0</ns3:atemp>
            <ns3:hr>128</ns3:hr>
            <ns3:cad>86</ns3:cad>
          </ns3:TrackPointExtension>
        </extensions>
      </trkpt>
      <trkpt lat="39.89882511086761951446533203125" lon="116.3174350373446941375732421875">
        <ele>54.799999237060546875</ele>
        <time>2026-09-26T23:54:05.000Z</time>
        <extensions>
          <ns3:TrackPointExtension>
            <ns3:atemp>26.0</ns3:atemp>
            <ns3:hr>127</ns3:hr>
            <ns3:cad>86</ns3:cad>
          </ns3:TrackPointExtension>
        </extensions>
      </trkpt>
      <trkpt lat="39.89883449859917163848876953125" lon="116.31743528880178928375244140625">
        <ele>54.799999237060546875</ele>
        <time>2026-09-26T23:54:06.000Z</time>
        <extensions>
          <ns3:TrackPointExtension>
            <ns3:atemp>26.0</ns3:atemp>
            <ns3:hr>127</ns3:hr>
            <ns3:cad>86</ns3:cad>
          </ns3:TrackPointExtension>
        </extensions>
      </trkpt>
      <trkpt lat="39.898850508034229278564453125" lon="116.3174378871917724609375">
        <ele>54.799999237060546875</ele>
        <time>2026-09-26T23:54:07.000Z</time>
        <extensions>
          <ns3:TrackPointExtension>
            <ns3:atemp>26.0</ns3:atemp>
            <ns3:hr>127</ns3:hr>
            <ns3:cad>86</ns3:cad>
          </ns3:TrackPointExtension>
        </extensions>
      </trkpt>
      <trkpt lat="39.89886467345058917999267578125" lon="116.31743042729794979095458984375">
        <ele>55</ele>
        <time>2026-09-26T23:54:08.000Z</time>
        <extensions>
          <ns3:TrackPointExtension>
            <ns3:atemp>26.0</ns3:atemp>
            <ns3:hr>127</ns3:hr>
            <ns3:cad>86</ns3:cad>
          </ns3:TrackPointExtension>
        </extensions>
      </trkpt>
      <trkpt lat="39.89888646639883518218994140625" lon="116.31742489524185657501220703125">
        <ele>55</ele>
        <time>2026-09-26T23:54:09.000Z</time>
        <extensions>
          <ns3:TrackPointExtension>
            <ns3:atemp>26.0</ns3:atemp>
            <ns3:hr>127</ns3:hr>
            <ns3:cad>87</ns3:cad>
          </ns3:TrackPointExtension>
        </extensions>
      </trkpt>
      <trkpt lat="39.8989083431661128997802734375" lon="116.317429505288600921630859375">
        <ele>55</ele>
        <time>2026-09-26T23:54:10.000Z</time>
        <extensions>
          <ns3:TrackPointExtension>
            <ns3:atemp>26.0</ns3:atemp>
            <ns3:hr>126</ns3:hr>
            <ns3:cad>87</ns3:cad>
          </ns3:TrackPointExtension>
        </extensions>
      </trkpt>
      <trkpt lat="39.89894363097846508026123046875" lon="116.31744115613400936126708984375">
        <ele>55</ele>
        <time>2026-09-26T23:54:11.000Z</time>
        <extensions>
          <ns3:TrackPointExtension>
            <ns3:atemp>26.0</ns3:atemp>
            <ns3:hr>126</ns3:hr>
            <ns3:cad>87</ns3:cad>
          </ns3:TrackPointExtension>
        </extensions>
      </trkpt>
      <trkpt lat="39.8989737220108509063720703125" lon="116.3174541480839252471923828125">
        <ele>55</ele>
        <time>2026-09-26T23:54:12.000Z</time>
        <extensions>
          <ns3:TrackPointExtension>
            <ns3:atemp>26.0</ns3:atemp>
            <ns3:hr>126</ns3:hr>
            <ns3:cad>87</ns3:cad>
          </ns3:TrackPointExtension>
        </extensions>
      </trkpt>
      <trkpt lat="39.89900238811969757080078125" lon="116.317461021244525909423828125">
        <ele>55</ele>
        <time>2026-09-26T23:54:13.000Z</time>
        <extensions>
          <ns3:TrackPointExtension>
            <ns3:atemp>26.0</ns3:atemp>
            <ns3:hr>126</ns3:hr>
            <ns3:cad>87</ns3:cad>
          </ns3:TrackPointExtension>
        </extensions>
      </trkpt>
      <trkpt lat="39.8990340717136859893798828125" lon="116.31745624355971813201904296875">
        <ele>55.200000762939453125</ele>
        <time>2026-09-26T23:54:14.000Z</time>
        <extensions>
          <ns3:TrackPointExtension>
            <ns3:atemp>26.0</ns3:atemp>
            <ns3:hr>126</ns3:hr>
            <ns3:cad>87</ns3:cad>
          </ns3:TrackPointExtension>
        </extensions>
      </trkpt>
      <trkpt lat="39.89906282164156436920166015625" lon="116.31745406426489353179931640625">
        <ele>55.200000762939453125</ele>
        <time>2026-09-26T23:54:15.000Z</time>
        <extensions>
          <ns3:TrackPointExtension>
            <ns3:atemp>26.0</ns3:atemp>
            <ns3:hr>125</ns3:hr>
            <ns3:cad>87</ns3:cad>
          </ns3:TrackPointExtension>
        </extensions>
      </trkpt>
      <trkpt lat="39.8990927450358867645263671875" lon="116.3174595125019550323486328125">
        <ele>55.200000762939453125</ele>
        <time>2026-09-26T23:54:16.000Z</time>
        <extensions>
          <ns3:TrackPointExtension>
            <ns3:atemp>26.0</ns3:atemp>
            <ns3:hr>126</ns3:hr>
            <ns3:cad>87</ns3:cad>
          </ns3:TrackPointExtension>
        </extensions>
      </trkpt>
      <trkpt lat="39.89911931566894054412841796875" lon="116.31746697239577770233154296875">
        <ele>55.200000762939453125</ele>
        <time>2026-09-26T23:54:17.000Z</time>
        <extensions>
          <ns3:TrackPointExtension>
            <ns3:atemp>26.0</ns3:atemp>
            <ns3:hr>126</ns3:hr>
            <ns3:cad>86</ns3:cad>
          </ns3:TrackPointExtension>
        </extensions>
      </trkpt>
      <trkpt lat="39.89914697594940662384033203125" lon="116.3174692355096340179443359375">
        <ele>55.200000762939453125</ele>
        <time>2026-09-26T23:54:18.000Z</time>
        <extensions>
          <ns3:TrackPointExtension>
            <ns3:atemp>26.0</ns3:atemp>
            <ns3:hr>126</ns3:hr>
            <ns3:cad>86</ns3:cad>
          </ns3:TrackPointExtension>
        </extensions>
      </trkpt>
      <trkpt lat="39.8991688527166843414306640625" lon="116.31747434847056865692138671875">
        <ele>55.200000762939453125</ele>
        <time>2026-09-26T23:54:19.000Z</time>
        <extensions>
          <ns3:TrackPointExtension>
            <ns3:atemp>26.0</ns3:atemp>
            <ns3:hr>126</ns3:hr>
            <ns3:cad>86</ns3:cad>
          </ns3:TrackPointExtension>
        </extensions>
      </trkpt>
      <trkpt lat="39.8991862870752811431884765625" lon="116.317478120326995849609375">
        <ele>55.200000762939453125</ele>
        <time>2026-09-26T23:54:20.000Z</time>
        <extensions>
          <ns3:TrackPointExtension>
            <ns3:atemp>26.0</ns3:atemp>
            <ns3:hr>127</ns3:hr>
            <ns3:cad>86</ns3:cad>
          </ns3:TrackPointExtension>
        </extensions>
      </trkpt>
      <trkpt lat="39.89920196123421192169189453125" lon="116.31748625077307224273681640625">
        <ele>55.200000762939453125</ele>
        <time>2026-09-26T23:54:21.000Z</time>
        <extensions>
          <ns3:TrackPointExtension>
            <ns3:atemp>26.0</ns3:atemp>
            <ns3:hr>126</ns3:hr>
            <ns3:cad>86</ns3:cad>
          </ns3:TrackPointExtension>
        </extensions>
      </trkpt>
      <trkpt lat="39.8992251791059970855712890625" lon="116.3174950517714023590087890625">
        <ele>55.200000762939453125</ele>
        <time>2026-09-26T23:54:22.000Z</time>
        <extensions>
          <ns3:TrackPointExtension>
            <ns3:atemp>26.0</ns3:atemp>
            <ns3:hr>127</ns3:hr>
            <ns3:cad>86</ns3:cad>
          </ns3:TrackPointExtension>
        </extensions>
      </trkpt>
      <trkpt lat="39.899250157177448272705078125" lon="116.3175017572939395904541015625">
        <ele>55.200000762939453125</ele>
        <time>2026-09-26T23:54:23.000Z</time>
        <extensions>
          <ns3:TrackPointExtension>
            <ns3:atemp>26.0</ns3:atemp>
            <ns3:hr>127</ns3:hr>
            <ns3:cad>86</ns3:cad>
          </ns3:TrackPointExtension>
        </extensions>
      </trkpt>
      <trkpt lat="39.89927253685891628265380859375" lon="116.31750837899744510650634765625">
        <ele>55.200000762939453125</ele>
        <time>2026-09-26T23:54:24.000Z</time>
        <extensions>
          <ns3:TrackPointExtension>
            <ns3:atemp>26.0</ns3:atemp>
            <ns3:hr>127</ns3:hr>
            <ns3:cad>86</ns3:cad>
          </ns3:TrackPointExtension>
        </extensions>
      </trkpt>
      <trkpt lat="39.89929349161684513092041015625" lon="116.31751676090061664581298828125">
        <ele>55</ele>
        <time>2026-09-26T23:54:25.000Z</time>
        <extensions>
          <ns3:TrackPointExtension>
            <ns3:atemp>26.0</ns3:atemp>
            <ns3:hr>127</ns3:hr>
            <ns3:cad>86</ns3:cad>
          </ns3:TrackPointExtension>
        </extensions>
      </trkpt>
      <trkpt lat="39.89930740557610988616943359375" lon="116.31752145476639270782470703125">
        <ele>55.200000762939453125</ele>
        <time>2026-09-26T23:54:26.000Z</time>
        <extensions>
          <ns3:TrackPointExtension>
            <ns3:atemp>26.0</ns3:atemp>
            <ns3:hr>127</ns3:hr>
            <ns3:cad>86</ns3:cad>
          </ns3:TrackPointExtension>
        </extensions>
      </trkpt>
      <trkpt lat="39.8993190564215183258056640625" lon="116.31753402762115001678466796875">
        <ele>55.200000762939453125</ele>
        <time>2026-09-26T23:54:27.000Z</time>
        <extensions>
          <ns3:TrackPointExtension>
            <ns3:atemp>26.0</ns3:atemp>
            <ns3:hr>127</ns3:hr>
            <ns3:cad>86</ns3:cad>
          </ns3:TrackPointExtension>
        </extensions>
      </trkpt>
      <trkpt lat="39.899334646761417388916015625" lon="116.31753603927791118621826171875">
        <ele>55.200000762939453125</ele>
        <time>2026-09-26T23:54:28.000Z</time>
        <extensions>
          <ns3:TrackPointExtension>
            <ns3:atemp>26.0</ns3:atemp>
            <ns3:hr>128</ns3:hr>
            <ns3:cad>87</ns3:cad>
          </ns3:TrackPointExtension>
        </extensions>
      </trkpt>
      <trkpt lat="39.8993556015193462371826171875" lon="116.317537464201450347900390625">
        <ele>55.40000152587890625</ele>
        <time>2026-09-26T23:54:29.000Z</time>
        <extensions>
          <ns3:TrackPointExtension>
            <ns3:atemp>26.0</ns3:atemp>
            <ns3:hr>127</ns3:hr>
            <ns3:cad>87</ns3:cad>
          </ns3:TrackPointExtension>
        </extensions>
      </trkpt>
      <trkpt lat="39.89937010221183300018310546875" lon="116.317532770335674285888671875">
        <ele>55.40000152587890625</ele>
        <time>2026-09-26T23:54:30.000Z</time>
        <extensions>
          <ns3:TrackPointExtension>
            <ns3:atemp>26.0</ns3:atemp>
            <ns3:hr>127</ns3:hr>
            <ns3:cad>87</ns3:cad>
          </ns3:TrackPointExtension>
        </extensions>
      </trkpt>
      <trkpt lat="39.89938988350331783294677734375" lon="116.31753201596438884735107421875">
        <ele>55.40000152587890625</ele>
        <time>2026-09-26T23:54:31.000Z</time>
        <extensions>
          <ns3:TrackPointExtension>
            <ns3:atemp>26.0</ns3:atemp>
            <ns3:hr>127</ns3:hr>
            <ns3:cad>87</ns3:cad>
          </ns3:TrackPointExtension>
        </extensions>
      </trkpt>
      <trkpt lat="39.899415783584117889404296875" lon="116.31752849556505680084228515625">
        <ele>55.40000152587890625</ele>
        <time>2026-09-26T23:54:32.000Z</time>
        <extensions>
          <ns3:TrackPointExtension>
            <ns3:atemp>26.0</ns3:atemp>
            <ns3:hr>127</ns3:hr>
            <ns3:cad>87</ns3:cad>
          </ns3:TrackPointExtension>
        </extensions>
      </trkpt>
      <trkpt lat="39.89943883381783962249755859375" lon="116.31752262823283672332763671875">
        <ele>55.40000152587890625</ele>
        <time>2026-09-26T23:54:33.000Z</time>
        <extensions>
          <ns3:TrackPointExtension>
            <ns3:atemp>26.0</ns3:atemp>
            <ns3:hr>127</ns3:hr>
            <ns3:cad>87</ns3:cad>
          </ns3:TrackPointExtension>
        </extensions>
      </trkpt>
      <trkpt lat="39.8994608782231807708740234375" lon="116.31752078421413898468017578125">
        <ele>55.40000152587890625</ele>
        <time>2026-09-26T23:54:34.000Z</time>
        <extensions>
          <ns3:TrackPointExtension>
            <ns3:atemp>26.0</ns3:atemp>
            <ns3:hr>127</ns3:hr>
            <ns3:cad>87</ns3:cad>
          </ns3:TrackPointExtension>
        </extensions>
      </trkpt>
      <trkpt lat="39.8994773067533969879150390625" lon="116.3175218738615512847900390625">
        <ele>55.40000152587890625</ele>
        <time>2026-09-26T23:54:35.000Z</time>
        <extensions>
          <ns3:TrackPointExtension>
            <ns3:atemp>26.0</ns3:atemp>
            <ns3:hr>127</ns3:hr>
            <ns3:cad>87</ns3:cad>
          </ns3:TrackPointExtension>
        </extensions>
      </trkpt>
      <trkpt lat="39.89949817769229412078857421875" lon="116.3175228796899318695068359375">
        <ele>55.200000762939453125</ele>
        <time>2026-09-26T23:54:36.000Z</time>
        <extensions>
          <ns3:TrackPointExtension>
            <ns3:atemp>26.0</ns3:atemp>
            <ns3:hr>127</ns3:hr>
            <ns3:cad>86</ns3:cad>
          </ns3:TrackPointExtension>
        </extensions>
      </trkpt>
      <trkpt lat="39.89951158873736858367919921875" lon="116.3175272382795810699462890625">
        <ele>55.40000152587890625</ele>
        <time>2026-09-26T23:54:37.000Z</time>
        <extensions>
          <ns3:TrackPointExtension>
            <ns3:atemp>26.0</ns3:atemp>
            <ns3:hr>127</ns3:hr>
            <ns3:cad>86</ns3:cad>
          </ns3:TrackPointExtension>
        </extensions>
      </trkpt>
      <trkpt lat="39.89952449686825275421142578125" lon="116.31754090078175067901611328125">
        <ele>55.40000152587890625</ele>
        <time>2026-09-26T23:54:38.000Z</time>
        <extensions>
          <ns3:TrackPointExtension>
            <ns3:atemp>26.0</ns3:atemp>
            <ns3:hr>127</ns3:hr>
            <ns3:cad>86</ns3:cad>
          </ns3:TrackPointExtension>
        </extensions>
      </trkpt>
      <trkpt lat="39.89954151213169097900390625" lon="116.31755330599844455718994140625">
        <ele>55.40000152587890625</ele>
        <time>2026-09-26T23:54:39.000Z</time>
        <extensions>
          <ns3:TrackPointExtension>
            <ns3:atemp>26.0</ns3:atemp>
            <ns3:hr>127</ns3:hr>
            <ns3:cad>86</ns3:cad>
          </ns3:TrackPointExtension>
        </extensions>
      </trkpt>
      <trkpt lat="39.89954888820648193359375" lon="116.31756328046321868896484375">
        <ele>55.40000152587890625</ele>
        <time>2026-09-26T23:54:40.000Z</time>
        <extensions>
          <ns3:TrackPointExtension>
            <ns3:atemp>26.0</ns3:atemp>
            <ns3:hr>127</ns3:hr>
            <ns3:cad>87</ns3:cad>
          </ns3:TrackPointExtension>
        </extensions>
      </trkpt>
      <trkpt lat="39.89955819211900234222412109375" lon="116.317573003470897674560546875">
        <ele>55.40000152587890625</ele>
        <time>2026-09-26T23:54:41.000Z</time>
        <extensions>
          <ns3:TrackPointExtension>
            <ns3:atemp>26.0</ns3:atemp>
            <ns3:hr>127</ns3:hr>
            <ns3:cad>87</ns3:cad>
          </ns3:TrackPointExtension>
        </extensions>
      </trkpt>
      <trkpt lat="39.8995772190392017364501953125" lon="116.31757543422281742095947265625">
        <ele>55.40000152587890625</ele>
        <time>2026-09-26T23:54:42.000Z</time>
        <extensions>
          <ns3:TrackPointExtension>
            <ns3:atemp>26.0</ns3:atemp>
            <ns3:hr>127</ns3:hr>
            <ns3:cad>87</ns3:cad>
          </ns3:TrackPointExtension>
        </extensions>
      </trkpt>
      <trkpt lat="39.89960378967225551605224609375" lon="116.31757761351764202117919921875">
        <ele>55.40000152587890625</ele>
        <time>2026-09-26T23:54:43.000Z</time>
        <extensions>
          <ns3:TrackPointExtension>
            <ns3:atemp>26.0</ns3:atemp>
            <ns3:hr>128</ns3:hr>
            <ns3:cad>87</ns3:cad>
          </ns3:TrackPointExtension>
        </extensions>
      </trkpt>
      <trkpt lat="39.89962960593402385711669921875" lon="116.3175775296986103057861328125">
        <ele>55.40000152587890625</ele>
        <time>2026-09-26T23:54:44.000Z</time>
        <extensions>
          <ns3:TrackPointExtension>
            <ns3:atemp>26.0</ns3:atemp>
            <ns3:hr>128</ns3:hr>
            <ns3:cad>87</ns3:cad>
          </ns3:TrackPointExtension>
        </extensions>
      </trkpt>
      <trkpt lat="39.899661205708980560302734375" lon="116.317578367888927459716796875">
        <ele>55.59999847412109375</ele>
        <time>2026-09-26T23:54:45.000Z</time>
        <extensions>
          <ns3:TrackPointExtension>
            <ns3:atemp>26.0</ns3:atemp>
            <ns3:hr>128</ns3:hr>
            <ns3:cad>87</ns3:cad>
          </ns3:TrackPointExtension>
        </extensions>
      </trkpt>
      <trkpt lat="39.89968425594270229339599609375" lon="116.3175718300044536590576171875">
        <ele>55.59999847412109375</ele>
        <time>2026-09-26T23:54:46.000Z</time>
        <extensions>
          <ns3:TrackPointExtension>
            <ns3:atemp>26.0</ns3:atemp>
            <ns3:hr>128</ns3:hr>
            <ns3:cad>86</ns3:cad>
          </ns3:TrackPointExtension>
        </extensions>
      </trkpt>
      <trkpt lat="39.8997016064822673797607421875" lon="116.31756789050996303558349609375">
        <ele>55.59999847412109375</ele>
        <time>2026-09-26T23:54:47.000Z</time>
        <extensions>
          <ns3:TrackPointExtension>
            <ns3:atemp>26.0</ns3:atemp>
            <ns3:hr>127</ns3:hr>
            <ns3:cad>86</ns3:cad>
          </ns3:TrackPointExtension>
        </extensions>
      </trkpt>
      <trkpt lat="39.8997180350124835968017578125" lon="116.3175590895116329193115234375">
        <ele>55.59999847412109375</ele>
        <time>2026-09-26T23:54:48.000Z</time>
        <extensions>
          <ns3:TrackPointExtension>
            <ns3:atemp>26.0</ns3:atemp>
            <ns3:hr>127</ns3:hr>
            <ns3:cad>86</ns3:cad>
          </ns3:TrackPointExtension>
        </extensions>
      </trkpt>
      <trkpt lat="39.8997277580201625823974609375" lon="116.31754693575203418731689453125">
        <ele>55.59999847412109375</ele>
        <time>2026-09-26T23:54:49.000Z</time>
        <extensions>
          <ns3:TrackPointExtension>
            <ns3:atemp>26.0</ns3:atemp>
            <ns3:hr>126</ns3:hr>
            <ns3:cad>86</ns3:cad>
          </ns3:TrackPointExtension>
        </extensions>
      </trkpt>
      <trkpt lat="39.89974292926490306854248046875" lon="116.31753620691597461700439453125">
        <ele>55.59999847412109375</ele>
        <time>2026-09-26T23:54:50.000Z</time>
        <extensions>
          <ns3:TrackPointExtension>
            <ns3:atemp>26.0</ns3:atemp>
            <ns3:hr>124</ns3:hr>
            <ns3:cad>86</ns3:cad>
          </ns3:TrackPointExtension>
        </extensions>
      </trkpt>
      <trkpt lat="39.89975617267191410064697265625" lon="116.317526064813137054443359375">
        <ele>55.59999847412109375</ele>
        <time>2026-09-26T23:54:51.000Z</time>
        <extensions>
          <ns3:TrackPointExtension>
            <ns3:atemp>26.0</ns3:atemp>
            <ns3:hr>122</ns3:hr>
            <ns3:cad>86</ns3:cad>
          </ns3:TrackPointExtension>
        </extensions>
      </trkpt>
      <trkpt lat="39.89977109245955944061279296875" lon="116.31751927547156810760498046875">
        <ele>55.59999847412109375</ele>
        <time>2026-09-26T23:54:52.000Z</time>
        <extensions>
          <ns3:TrackPointExtension>
            <ns3:atemp>26.0</ns3:atemp>
            <ns3:hr>122</ns3:hr>
            <ns3:cad>86</ns3:cad>
          </ns3:TrackPointExtension>
        </extensions>
      </trkpt>
      <trkpt lat="39.8997860960662364959716796875" lon="116.31751902401447296142578125">
        <ele>55.799999237060546875</ele>
        <time>2026-09-26T23:54:53.000Z</time>
        <extensions>
          <ns3:TrackPointExtension>
            <ns3:atemp>26.0</ns3:atemp>
            <ns3:hr>122</ns3:hr>
            <ns3:cad>86</ns3:cad>
          </ns3:TrackPointExtension>
        </extensions>
      </trkpt>
      <trkpt lat="39.89979875274002552032470703125" lon="116.31751759909093379974365234375">
        <ele>55.799999237060546875</ele>
        <time>2026-09-26T23:54:54.000Z</time>
        <extensions>
          <ns3:TrackPointExtension>
            <ns3:atemp>26.0</ns3:atemp>
            <ns3:hr>123</ns3:hr>
            <ns3:cad>86</ns3:cad>
          </ns3:TrackPointExtension>
        </extensions>
      </trkpt>
      <trkpt lat="39.89981551654636859893798828125" lon="116.31751525215804576873779296875">
        <ele>55.799999237060546875</ele>
        <time>2026-09-26T23:54:55.000Z</time>
        <extensions>
          <ns3:TrackPointExtension>
            <ns3:atemp>26.0</ns3:atemp>
            <ns3:hr>123</ns3:hr>
            <ns3:cad>86</ns3:cad>
          </ns3:TrackPointExtension>
        </extensions>
      </trkpt>
      <trkpt lat="39.899829514324665069580078125" lon="116.3175124861299991607666015625">
        <ele>55.799999237060546875</ele>
        <time>2026-09-26T23:54:56.000Z</time>
        <extensions>
          <ns3:TrackPointExtension>
            <ns3:atemp>26.0</ns3:atemp>
            <ns3:hr>124</ns3:hr>
            <ns3:cad>87</ns3:cad>
          </ns3:TrackPointExtension>
        </extensions>
      </trkpt>
      <trkpt lat="39.8998541571199893951416015625" lon="116.317505948245525360107421875">
        <ele>55.799999237060546875</ele>
        <time>2026-09-26T23:54:57.000Z</time>
        <extensions>
          <ns3:TrackPointExtension>
            <ns3:atemp>26.0</ns3:atemp>
            <ns3:hr>124</ns3:hr>
            <ns3:cad>87</ns3:cad>
          </ns3:TrackPointExtension>
        </extensions>
      </trkpt>
      <trkpt lat="39.89988223649561405181884765625" lon="116.3174994103610515594482421875">
        <ele>55.799999237060546875</ele>
        <time>2026-09-26T23:54:58.000Z</time>
        <extensions>
          <ns3:TrackPointExtension>
            <ns3:atemp>26.0</ns3:atemp>
            <ns3:hr>124</ns3:hr>
            <ns3:cad>87</ns3:cad>
          </ns3:TrackPointExtension>
        </extensions>
      </trkpt>
      <trkpt lat="39.89990285597741603851318359375" lon="116.3174947164952754974365234375">
        <ele>55.799999237060546875</ele>
        <time>2026-09-26T23:54:59.000Z</time>
        <extensions>
          <ns3:TrackPointExtension>
            <ns3:atemp>26.0</ns3:atemp>
            <ns3:hr>125</ns3:hr>
            <ns3:cad>87</ns3:cad>
          </ns3:TrackPointExtension>
        </extensions>
      </trkpt>
      <trkpt lat="39.89992900751531124114990234375" lon="116.31749077700078487396240234375">
        <ele>55.799999237060546875</ele>
        <time>2026-09-26T23:55:00.000Z</time>
        <extensions>
          <ns3:TrackPointExtension>
            <ns3:atemp>26.0</ns3:atemp>
            <ns3:hr>126</ns3:hr>
            <ns3:cad>87</ns3:cad>
          </ns3:TrackPointExtension>
        </extensions>
      </trkpt>
      <trkpt lat="39.899952895939350128173828125" lon="116.3174870051443576812744140625">
        <ele>56</ele>
        <time>2026-09-26T23:55:01.000Z</time>
        <extensions>
          <ns3:TrackPointExtension>
            <ns3:atemp>26.0</ns3:atemp>
            <ns3:hr>126</ns3:hr>
            <ns3:cad>87</ns3:cad>
          </ns3:TrackPointExtension>
        </extensions>
      </trkpt>
      <trkpt lat="39.8999788798391819000244140625" lon="116.31748440675437450408935546875">
        <ele>56</ele>
        <time>2026-09-26T23:55:02.000Z</time>
        <extensions>
          <ns3:TrackPointExtension>
            <ns3:atemp>26.0</ns3:atemp>
            <ns3:hr>126</ns3:hr>
            <ns3:cad>87</ns3:cad>
          </ns3:TrackPointExtension>
        </extensions>
      </trkpt>
      <trkpt lat="39.90000830031931400299072265625" lon="116.31748591549694538116455078125">
        <ele>56</ele>
        <time>2026-09-26T23:55:03.000Z</time>
        <extensions>
          <ns3:TrackPointExtension>
            <ns3:atemp>26.0</ns3:atemp>
            <ns3:hr>127</ns3:hr>
            <ns3:cad>87</ns3:cad>
          </ns3:TrackPointExtension>
        </extensions>
      </trkpt>
      <trkpt lat="39.90003629587590694427490234375" lon="116.3174752704799175262451171875">
        <ele>56</ele>
        <time>2026-09-26T23:55:04.000Z</time>
        <extensions>
          <ns3:TrackPointExtension>
            <ns3:atemp>26.0</ns3:atemp>
            <ns3:hr>127</ns3:hr>
            <ns3:cad>87</ns3:cad>
          </ns3:TrackPointExtension>
        </extensions>
      </trkpt>
      <trkpt lat="39.9000697396695613861083984375" lon="116.31747552193701267242431640625">
        <ele>56.200000762939453125</ele>
        <time>2026-09-26T23:55:05.000Z</time>
        <extensions>
          <ns3:TrackPointExtension>
            <ns3:atemp>26.0</ns3:atemp>
            <ns3:hr>127</ns3:hr>
            <ns3:cad>87</ns3:cad>
          </ns3:TrackPointExtension>
        </extensions>
      </trkpt>
      <trkpt lat="39.90009597502648830413818359375" lon="116.31746998988091945648193359375">
        <ele>56.200000762939453125</ele>
        <time>2026-09-26T23:55:06.000Z</time>
        <extensions>
          <ns3:TrackPointExtension>
            <ns3:atemp>26.0</ns3:atemp>
            <ns3:hr>127</ns3:hr>
            <ns3:cad>87</ns3:cad>
          </ns3:TrackPointExtension>
        </extensions>
      </trkpt>
      <trkpt lat="39.90012514404952526092529296875" lon="116.31747367791831493377685546875">
        <ele>56.200000762939453125</ele>
        <time>2026-09-26T23:55:07.000Z</time>
        <extensions>
          <ns3:TrackPointExtension>
            <ns3:atemp>26.0</ns3:atemp>
            <ns3:hr>127</ns3:hr>
            <ns3:cad>87</ns3:cad>
          </ns3:TrackPointExtension>
        </extensions>
      </trkpt>
      <trkpt lat="39.900154061615467071533203125" lon="116.31747988052666187286376953125">
        <ele>56.200000762939453125</ele>
        <time>2026-09-26T23:55:08.000Z</time>
        <extensions>
          <ns3:TrackPointExtension>
            <ns3:atemp>26.0</ns3:atemp>
            <ns3:hr>127</ns3:hr>
            <ns3:cad>87</ns3:cad>
          </ns3:TrackPointExtension>
        </extensions>
      </trkpt>
      <trkpt lat="39.90018230862915515899658203125" lon="116.31748507730662822723388671875">
        <ele>56.40000152587890625</ele>
        <time>2026-09-26T23:55:09.000Z</time>
        <extensions>
          <ns3:TrackPointExtension>
            <ns3:atemp>26.0</ns3:atemp>
            <ns3:hr>127</ns3:hr>
            <ns3:cad>86</ns3:cad>
          </ns3:TrackPointExtension>
        </extensions>
      </trkpt>
      <trkpt lat="39.90020929835736751556396484375" lon="116.3174910284578800201416015625">
        <ele>56.40000152587890625</ele>
        <time>2026-09-26T23:55:10.000Z</time>
        <extensions>
          <ns3:TrackPointExtension>
            <ns3:atemp>26.0</ns3:atemp>
            <ns3:hr>127</ns3:hr>
            <ns3:cad>86</ns3:cad>
          </ns3:TrackPointExtension>
        </extensions>
      </trkpt>
      <trkpt lat="39.9002407304942607879638671875" lon="116.31749111227691173553466796875">
        <ele>56.40000152587890625</ele>
        <time>2026-09-26T23:55:11.000Z</time>
        <extensions>
          <ns3:TrackPointExtension>
            <ns3:atemp>26.0</ns3:atemp>
            <ns3:hr>127</ns3:hr>
            <ns3:cad>86</ns3:cad>
          </ns3:TrackPointExtension>
        </extensions>
      </trkpt>
      <trkpt lat="39.9002730846405029296875" lon="116.3174957223236560821533203125">
        <ele>56.40000152587890625</ele>
        <time>2026-09-26T23:55:12.000Z</time>
        <extensions>
          <ns3:TrackPointExtension>
            <ns3:atemp>26.0</ns3:atemp>
            <ns3:hr>127</ns3:hr>
            <ns3:cad>85</ns3:cad>
          </ns3:TrackPointExtension>
        </extensions>
      </trkpt>
      <trkpt lat="39.90029647015035152435302734375" lon="116.31749362684786319732666015625">
        <ele>56.40000152587890625</ele>
        <time>2026-09-26T23:55:13.000Z</time>
        <extensions>
          <ns3:TrackPointExtension>
            <ns3:atemp>26.0</ns3:atemp>
            <ns3:hr>126</ns3:hr>
            <ns3:cad>85</ns3:cad>
          </ns3:TrackPointExtension>
        </extensions>
      </trkpt>
      <trkpt lat="39.90031792782247066497802734375" lon="116.31748415529727935791015625">
        <ele>56.40000152587890625</ele>
        <time>2026-09-26T23:55:14.000Z</time>
        <extensions>
          <ns3:TrackPointExtension>
            <ns3:atemp>26.0</ns3:atemp>
            <ns3:hr>127</ns3:hr>
            <ns3:cad>86</ns3:cad>
          </ns3:TrackPointExtension>
        </extensions>
      </trkpt>
      <trkpt lat="39.90034273825585842132568359375" lon="116.31748281419277191162109375">
        <ele>56.40000152587890625</ele>
        <time>2026-09-26T23:55:15.000Z</time>
        <extensions>
          <ns3:TrackPointExtension>
            <ns3:atemp>26.0</ns3:atemp>
            <ns3:hr>126</ns3:hr>
            <ns3:cad>87</ns3:cad>
          </ns3:TrackPointExtension>
        </extensions>
      </trkpt>
      <trkpt lat="39.900359250605106353759765625" lon="116.3174678944051265716552734375">
        <ele>56.40000152587890625</ele>
        <time>2026-09-26T23:55:16.000Z</time>
        <extensions>
          <ns3:TrackPointExtension>
            <ns3:atemp>26.0</ns3:atemp>
            <ns3:hr>126</ns3:hr>
            <ns3:cad>87</ns3:cad>
          </ns3:TrackPointExtension>
        </extensions>
      </trkpt>
      <trkpt lat="39.900383055210113525390625" lon="116.31745557300746440887451171875">
        <ele>56.40000152587890625</ele>
        <time>2026-09-26T23:55:17.000Z</time>
        <extensions>
          <ns3:TrackPointExtension>
            <ns3:atemp>26.0</ns3:atemp>
            <ns3:hr>126</ns3:hr>
            <ns3:cad>87</ns3:cad>
          </ns3:TrackPointExtension>
        </extensions>
      </trkpt>
      <trkpt lat="39.9004140682518482208251953125" lon="116.31745171733200550079345703125">
        <ele>56.40000152587890625</ele>
        <time>2026-09-26T23:55:18.000Z</time>
        <extensions>
          <ns3:TrackPointExtension>
            <ns3:atemp>26.0</ns3:atemp>
            <ns3:hr>125</ns3:hr>
            <ns3:cad>87</ns3:cad>
          </ns3:TrackPointExtension>
        </extensions>
      </trkpt>
      <trkpt lat="39.9004358612000942230224609375" lon="116.31744786165654659271240234375">
        <ele>56.200000762939453125</ele>
        <time>2026-09-26T23:55:19.000Z</time>
        <extensions>
          <ns3:TrackPointExtension>
            <ns3:atemp>26.0</ns3:atemp>
            <ns3:hr>124</ns3:hr>
            <ns3:cad>87</ns3:cad>
          </ns3:TrackPointExtension>
        </extensions>
      </trkpt>
      <trkpt lat="39.900453127920627593994140625" lon="116.31743981502950191497802734375">
        <ele>56.200000762939453125</ele>
        <time>2026-09-26T23:55:20.000Z</time>
        <extensions>
          <ns3:TrackPointExtension>
            <ns3:atemp>26.0</ns3:atemp>
            <ns3:hr>124</ns3:hr>
            <ns3:cad>87</ns3:cad>
          </ns3:TrackPointExtension>
        </extensions>
      </trkpt>
      <trkpt lat="39.900476932525634765625" lon="116.3174365460872650146484375">
        <ele>56.200000762939453125</ele>
        <time>2026-09-26T23:55:21.000Z</time>
        <extensions>
          <ns3:TrackPointExtension>
            <ns3:atemp>26.0</ns3:atemp>
            <ns3:hr>124</ns3:hr>
            <ns3:cad>87</ns3:cad>
          </ns3:TrackPointExtension>
        </extensions>
      </trkpt>
      <trkpt lat="39.90050249733030796051025390625" lon="116.317443586885929107666015625">
        <ele>56.200000762939453125</ele>
        <time>2026-09-26T23:55:22.000Z</time>
        <extensions>
          <ns3:TrackPointExtension>
            <ns3:atemp>26.0</ns3:atemp>
            <ns3:hr>125</ns3:hr>
            <ns3:cad>87</ns3:cad>
          </ns3:TrackPointExtension>
        </extensions>
      </trkpt>
      <trkpt lat="39.90052496083080768585205078125" lon="116.3174407370388507843017578125">
        <ele>56.200000762939453125</ele>
        <time>2026-09-26T23:55:23.000Z</time>
        <extensions>
          <ns3:TrackPointExtension>
            <ns3:atemp>26.0</ns3:atemp>
            <ns3:hr>125</ns3:hr>
            <ns3:cad>86</ns3:cad>
          </ns3:TrackPointExtension>
        </extensions>
      </trkpt>
      <trkpt lat="39.90054021589457988739013671875" lon="116.317434199154376983642578125">
        <ele>56.200000762939453125</ele>
        <time>2026-09-26T23:55:24.000Z</time>
        <extensions>
          <ns3:TrackPointExtension>
            <ns3:atemp>26.0</ns3:atemp>
            <ns3:hr>125</ns3:hr>
            <ns3:cad>86</ns3:cad>
          </ns3:TrackPointExtension>
        </extensions>
      </trkpt>
      <trkpt lat="39.900565110146999359130859375" lon="116.31743679754436016082763671875">
        <ele>56.200000762939453125</ele>
        <time>2026-09-26T23:55:25.000Z</time>
        <extensions>
          <ns3:TrackPointExtension>
            <ns3:atemp>26.0</ns3:atemp>
            <ns3:hr>125</ns3:hr>
            <ns3:cad>86</ns3:cad>
          </ns3:TrackPointExtension>
        </extensions>
      </trkpt>
      <trkpt lat="39.90059469826519489288330078125" lon="116.31744165904819965362548828125">
        <ele>56.200000762939453125</ele>
        <time>2026-09-26T23:55:26.000Z</time>
        <extensions>
          <ns3:TrackPointExtension>
            <ns3:atemp>25.0</ns3:atemp>
            <ns3:hr>125</ns3:hr>
            <ns3:cad>86</ns3:cad>
          </ns3:TrackPointExtension>
        </extensions>
      </trkpt>
      <trkpt lat="39.900621436536312103271484375" lon="116.31743998266756534576416015625">
        <ele>56.200000762939453125</ele>
        <time>2026-09-26T23:55:27.000Z</time>
        <extensions>
          <ns3:TrackPointExtension>
            <ns3:atemp>25.0</ns3:atemp>
            <ns3:hr>124</ns3:hr>
            <ns3:cad>87</ns3:cad>
          </ns3:TrackPointExtension>
        </extensions>
      </trkpt>
      <trkpt lat="39.900646917521953582763671875" lon="116.31743478588759899139404296875">
        <ele>56.200000762939453125</ele>
        <time>2026-09-26T23:55:28.000Z</time>
        <extensions>
          <ns3:TrackPointExtension>
            <ns3:atemp>25.0</ns3:atemp>
            <ns3:hr>122</ns3:hr>
            <ns3:cad>87</ns3:cad>
          </ns3:TrackPointExtension>
        </extensions>
      </trkpt>
      <trkpt lat="39.90066980011761188507080078125" lon="116.31743612699210643768310546875">
        <ele>56.200000762939453125</ele>
        <time>2026-09-26T23:55:29.000Z</time>
        <extensions>
          <ns3:TrackPointExtension>
            <ns3:atemp>25.0</ns3:atemp>
            <ns3:hr>121</ns3:hr>
            <ns3:cad>87</ns3:cad>
          </ns3:TrackPointExtension>
        </extensions>
      </trkpt>
      <trkpt lat="39.90069217979907989501953125" lon="116.31743981502950191497802734375">
        <ele>56.40000152587890625</ele>
        <time>2026-09-26T23:55:30.000Z</time>
        <extensions>
          <ns3:TrackPointExtension>
            <ns3:atemp>25.0</ns3:atemp>
            <ns3:hr>120</ns3:hr>
            <ns3:cad>87</ns3:cad>
          </ns3:TrackPointExtension>
        </extensions>
      </trkpt>
      <trkpt lat="39.900711290538311004638671875" lon="116.3174477778375148773193359375">
        <ele>56.40000152587890625</ele>
        <time>2026-09-26T23:55:31.000Z</time>
        <extensions>
          <ns3:TrackPointExtension>
            <ns3:atemp>25.0</ns3:atemp>
            <ns3:hr>121</ns3:hr>
            <ns3:cad>87</ns3:cad>
          </ns3:TrackPointExtension>
        </extensions>
      </trkpt>
      <trkpt lat="39.90073417313396930694580078125" lon="116.31745607592165470123291015625">
        <ele>56.40000152587890625</ele>
        <time>2026-09-26T23:55:32.000Z</time>
        <extensions>
          <ns3:TrackPointExtension>
            <ns3:atemp>25.0</ns3:atemp>
            <ns3:hr>121</ns3:hr>
            <ns3:cad>87</ns3:cad>
          </ns3:TrackPointExtension>
        </extensions>
      </trkpt>
      <trkpt lat="39.90075797773897647857666015625" lon="116.31747074425220489501953125">
        <ele>56.40000152587890625</ele>
        <time>2026-09-26T23:55:33.000Z</time>
        <extensions>
          <ns3:TrackPointExtension>
            <ns3:atemp>25.0</ns3:atemp>
            <ns3:hr>120</ns3:hr>
            <ns3:cad>86</ns3:cad>
          </ns3:TrackPointExtension>
        </extensions>
      </trkpt>
      <trkpt lat="39.9007754959166049957275390625" lon="116.317479796707630157470703125">
        <ele>56.40000152587890625</ele>
        <time>2026-09-26T23:55:34.000Z</time>
        <extensions>
          <ns3:TrackPointExtension>
            <ns3:atemp>25.0</ns3:atemp>
            <ns3:hr>120</ns3:hr>
            <ns3:cad>87</ns3:cad>
          </ns3:TrackPointExtension>
        </extensions>
      </trkpt>
      <trkpt lat="39.9007880687713623046875" lon="116.31749094463884830474853515625">
        <ele>56.40000152587890625</ele>
        <time>2026-09-26T23:55:35.000Z</time>
        <extensions>
          <ns3:TrackPointExtension>
            <ns3:atemp>25.0</ns3:atemp>
            <ns3:hr>120</ns3:hr>
            <ns3:cad>87</ns3:cad>
          </ns3:TrackPointExtension>
        </extensions>
      </trkpt>
      <trkpt lat="39.900795109570026397705078125" lon="116.31749731488525867462158203125">
        <ele>56.40000152587890625</ele>
        <time>2026-09-26T23:55:36.000Z</time>
        <extensions>
          <ns3:TrackPointExtension>
            <ns3:atemp>25.0</ns3:atemp>
            <ns3:hr>121</ns3:hr>
            <ns3:cad>87</ns3:cad>
          </ns3:TrackPointExtension>
        </extensions>
      </trkpt>
      <trkpt lat="39.900819920003414154052734375" lon="116.31749966181814670562744140625">
        <ele>56.40000152587890625</ele>
        <time>2026-09-26T23:55:37.000Z</time>
        <extensions>
          <ns3:TrackPointExtension>
            <ns3:atemp>25.0</ns3:atemp>
            <ns3:hr>120</ns3:hr>
            <ns3:cad>87</ns3:cad>
          </ns3:TrackPointExtension>
        </extensions>
      </trkpt>
      <trkpt lat="39.90084464661777019500732421875" lon="116.3174987398087978363037109375">
        <ele>56.40000152587890625</ele>
        <time>2026-09-26T23:55:38.000Z</time>
        <extensions>
          <ns3:TrackPointExtension>
            <ns3:atemp>25.0</ns3:atemp>
            <ns3:hr>120</ns3:hr>
            <ns3:cad>87</ns3:cad>
          </ns3:TrackPointExtension>
        </extensions>
      </trkpt>
      <trkpt lat="39.9008671939373016357421875" lon="116.31749563850462436676025390625">
        <ele>56.40000152587890625</ele>
        <time>2026-09-26T23:55:39.000Z</time>
        <extensions>
          <ns3:TrackPointExtension>
            <ns3:atemp>25.0</ns3:atemp>
            <ns3:hr>120</ns3:hr>
            <ns3:cad>86</ns3:cad>
          </ns3:TrackPointExtension>
        </extensions>
      </trkpt>
      <trkpt lat="39.90088353864848613739013671875" lon="116.3174859993159770965576171875">
        <ele>56.200000762939453125</ele>
        <time>2026-09-26T23:55:40.000Z</time>
        <extensions>
          <ns3:TrackPointExtension>
            <ns3:atemp>25.0</ns3:atemp>
            <ns3:hr>120</ns3:hr>
            <ns3:cad>86</ns3:cad>
          </ns3:TrackPointExtension>
        </extensions>
      </trkpt>
      <trkpt lat="39.900892674922943115234375" lon="116.31747753359377384185791015625">
        <ele>56.200000762939453125</ele>
        <time>2026-09-26T23:55:41.000Z</time>
        <extensions>
          <ns3:TrackPointExtension>
            <ns3:atemp>25.0</ns3:atemp>
            <ns3:hr>120</ns3:hr>
            <ns3:cad>86</ns3:cad>
          </ns3:TrackPointExtension>
        </extensions>
      </trkpt>
      <trkpt lat="39.90090633742511272430419921875" lon="116.31747200153768062591552734375">
        <ele>56.200000762939453125</ele>
        <time>2026-09-26T23:55:42.000Z</time>
        <extensions>
          <ns3:TrackPointExtension>
            <ns3:atemp>25.0</ns3:atemp>
            <ns3:hr>120</ns3:hr>
            <ns3:cad>86</ns3:cad>
          </ns3:TrackPointExtension>
        </extensions>
      </trkpt>
      <trkpt lat="39.9009168148040771484375" lon="116.31745741702616214752197265625">
        <ele>56.200000762939453125</ele>
        <time>2026-09-26T23:55:43.000Z</time>
        <extensions>
          <ns3:TrackPointExtension>
            <ns3:atemp>25.0</ns3:atemp>
            <ns3:hr>120</ns3:hr>
            <ns3:cad>86</ns3:cad>
          </ns3:TrackPointExtension>
        </extensions>
      </trkpt>
      <trkpt lat="39.90092360414564609527587890625" lon="116.3174450956284999847412109375">
        <ele>56.200000762939453125</ele>
        <time>2026-09-26T23:55:44.000Z</time>
        <extensions>
          <ns3:TrackPointExtension>
            <ns3:atemp>25.0</ns3:atemp>
            <ns3:hr>120</ns3:hr>
            <ns3:cad>87</ns3:cad>
          </ns3:TrackPointExtension>
        </extensions>
      </trkpt>
      <trkpt lat="39.90093500353395938873291015625" lon="116.317442245781421661376953125">
        <ele>56.200000762939453125</ele>
        <time>2026-09-26T23:55:45.000Z</time>
        <extensions>
          <ns3:TrackPointExtension>
            <ns3:atemp>25.0</ns3:atemp>
            <ns3:hr>121</ns3:hr>
            <ns3:cad>87</ns3:cad>
          </ns3:TrackPointExtension>
        </extensions>
      </trkpt>
      <trkpt lat="39.90095310844480991363525390625" lon="116.317448280751705169677734375">
        <ele>56.200000762939453125</ele>
        <time>2026-09-26T23:55:46.000Z</time>
        <extensions>
          <ns3:TrackPointExtension>
            <ns3:atemp>25.0</ns3:atemp>
            <ns3:hr>121</ns3:hr>
            <ns3:cad>87</ns3:cad>
          </ns3:TrackPointExtension>
        </extensions>
      </trkpt>
      <trkpt lat="39.9009729735553264617919921875" lon="116.3174528069794178009033203125">
        <ele>56.200000762939453125</ele>
        <time>2026-09-26T23:55:47.000Z</time>
        <extensions>
          <ns3:TrackPointExtension>
            <ns3:atemp>25.0</ns3:atemp>
            <ns3:hr>121</ns3:hr>
            <ns3:cad>87</ns3:cad>
          </ns3:TrackPointExtension>
        </extensions>
      </trkpt>
      <trkpt lat="39.900996945798397064208984375" lon="116.317447610199451446533203125">
        <ele>56.200000762939453125</ele>
        <time>2026-09-26T23:55:48.000Z</time>
        <extensions>
          <ns3:TrackPointExtension>
            <ns3:atemp>25.0</ns3:atemp>
            <ns3:hr>121</ns3:hr>
            <ns3:cad>87</ns3:cad>
          </ns3:TrackPointExtension>
        </extensions>
      </trkpt>
      <trkpt lat="39.90101899020373821258544921875" lon="116.3174477778375148773193359375">
        <ele>56.200000762939453125</ele>
        <time>2026-09-26T23:55:49.000Z</time>
        <extensions>
          <ns3:TrackPointExtension>
            <ns3:atemp>25.0</ns3:atemp>
            <ns3:hr>122</ns3:hr>
            <ns3:cad>88</ns3:cad>
          </ns3:TrackPointExtension>
        </extensions>
      </trkpt>
      <trkpt lat="39.901041872799396514892578125" lon="116.31745574064552783966064453125">
        <ele>56.200000762939453125</ele>
        <time>2026-09-26T23:55:50.000Z</time>
        <extensions>
          <ns3:TrackPointExtension>
            <ns3:atemp>25.0</ns3:atemp>
            <ns3:hr>120</ns3:hr>
            <ns3:cad>88</ns3:cad>
          </ns3:TrackPointExtension>
        </extensions>
      </trkpt>
      <trkpt lat="39.9010765738785266876220703125" lon="116.3174621947109699249267578125">
        <ele>56.200000762939453125</ele>
        <time>2026-09-26T23:55:51.000Z</time>
        <extensions>
          <ns3:TrackPointExtension>
            <ns3:atemp>25.0</ns3:atemp>
            <ns3:hr>121</ns3:hr>
            <ns3:cad>88</ns3:cad>
          </ns3:TrackPointExtension>
        </extensions>
      </trkpt>
      <trkpt lat="39.90110515616834163665771484375" lon="116.317468397319316864013671875">
        <ele>56</ele>
        <time>2026-09-26T23:55:52.000Z</time>
        <extensions>
          <ns3:TrackPointExtension>
            <ns3:atemp>25.0</ns3:atemp>
            <ns3:hr>122</ns3:hr>
            <ns3:cad>88</ns3:cad>
          </ns3:TrackPointExtension>
        </extensions>
      </trkpt>
      <trkpt lat="39.90114002488553524017333984375" lon="116.3174722529947757720947265625">
        <ele>56</ele>
        <time>2026-09-26T23:55:53.000Z</time>
        <extensions>
          <ns3:TrackPointExtension>
            <ns3:atemp>25.0</ns3:atemp>
            <ns3:hr>123</ns3:hr>
            <ns3:cad>88</ns3:cad>
          </ns3:TrackPointExtension>
        </extensions>
      </trkpt>
      <trkpt lat="39.9011560343205928802490234375" lon="116.31747384555637836456298828125">
        <ele>56</ele>
        <time>2026-09-26T23:55:54.000Z</time>
        <extensions>
          <ns3:TrackPointExtension>
            <ns3:atemp>25.0</ns3:atemp>
            <ns3:hr>123</ns3:hr>
            <ns3:cad>87</ns3:cad>
          </ns3:TrackPointExtension>
        </extensions>
      </trkpt>
      <trkpt lat="39.90117087028920650482177734375" lon="116.31747334264218807220458984375">
        <ele>56</ele>
        <time>2026-09-26T23:55:55.000Z</time>
        <extensions>
          <ns3:TrackPointExtension>
            <ns3:atemp>25.0</ns3:atemp>
            <ns3:hr>123</ns3:hr>
            <ns3:cad>87</ns3:cad>
          </ns3:TrackPointExtension>
        </extensions>
      </trkpt>
      <trkpt lat="39.9011801742017269134521484375" lon="116.31748356856405735015869140625">
        <ele>56</ele>
        <time>2026-09-26T23:55:56.000Z</time>
        <extensions>
          <ns3:TrackPointExtension>
            <ns3:atemp>25.0</ns3:atemp>
            <ns3:hr>123</ns3:hr>
            <ns3:cad>87</ns3:cad>
          </ns3:TrackPointExtension>
        </extensions>
      </trkpt>
      <trkpt lat="39.90118310786783695220947265625" lon="116.31750871427357196807861328125">
        <ele>56</ele>
        <time>2026-09-26T23:55:57.000Z</time>
        <extensions>
          <ns3:TrackPointExtension>
            <ns3:atemp>25.0</ns3:atemp>
            <ns3:hr>123</ns3:hr>
            <ns3:cad>87</ns3:cad>
          </ns3:TrackPointExtension>
        </extensions>
      </trkpt>
      <trkpt lat="39.9011831916868686676025390625" lon="116.31754794158041477203369140625">
        <ele>56</ele>
        <time>2026-09-26T23:55:58.000Z</time>
        <extensions>
          <ns3:TrackPointExtension>
            <ns3:atemp>25.0</ns3:atemp>
            <ns3:hr>123</ns3:hr>
            <ns3:cad>87</ns3:cad>
          </ns3:TrackPointExtension>
        </extensions>
      </trkpt>
      <trkpt lat="39.90118746645748615264892578125" lon="116.31759622134268283843994140625">
        <ele>55.799999237060546875</ele>
        <time>2026-09-26T23:55:59.000Z</time>
        <extensions>
          <ns3:TrackPointExtension>
            <ns3:atemp>25.0</ns3:atemp>
            <ns3:hr>123</ns3:hr>
            <ns3:cad>87</ns3:cad>
          </ns3:TrackPointExtension>
        </extensions>
      </trkpt>
      <trkpt lat="39.90119618363678455352783203125" lon="116.31763595156371593475341796875">
        <ele>55.799999237060546875</ele>
        <time>2026-09-26T23:56:00.000Z</time>
        <extensions>
          <ns3:TrackPointExtension>
            <ns3:atemp>25.0</ns3:atemp>
            <ns3:hr>123</ns3:hr>
            <ns3:cad>87</ns3:cad>
          </ns3:TrackPointExtension>
        </extensions>
      </trkpt>
      <trkpt lat="39.9011862091720104217529296875" lon="116.3176710717380046844482421875">
        <ele>55.799999237060546875</ele>
        <time>2026-09-26T23:56:01.000Z</time>
        <extensions>
          <ns3:TrackPointExtension>
            <ns3:atemp>25.0</ns3:atemp>
            <ns3:hr>123</ns3:hr>
            <ns3:cad>88</ns3:cad>
          </ns3:TrackPointExtension>
        </extensions>
      </trkpt>
      <trkpt lat="39.90118277259171009063720703125" lon="116.31770887412130832672119140625">
        <ele>55.799999237060546875</ele>
        <time>2026-09-26T23:56:02.000Z</time>
        <extensions>
          <ns3:TrackPointExtension>
            <ns3:atemp>25.0</ns3:atemp>
            <ns3:hr>124</ns3:hr>
            <ns3:cad>88</ns3:cad>
          </ns3:TrackPointExtension>
        </extensions>
      </trkpt>
      <trkpt lat="39.901171289384365081787109375" lon="116.31774055771529674530029296875">
        <ele>55.799999237060546875</ele>
        <time>2026-09-26T23:56:03.000Z</time>
        <extensions>
          <ns3:TrackPointExtension>
            <ns3:atemp>25.0</ns3:atemp>
            <ns3:hr>124</ns3:hr>
            <ns3:cad>88</ns3:cad>
          </ns3:TrackPointExtension>
        </extensions>
      </trkpt>
      <trkpt lat="39.90117053501307964324951171875" lon="116.317770145833492279052734375">
        <ele>55.59999847412109375</ele>
        <time>2026-09-26T23:56:04.000Z</time>
        <extensions>
          <ns3:TrackPointExtension>
            <ns3:atemp>25.0</ns3:atemp>
            <ns3:hr>124</ns3:hr>
            <ns3:cad>88</ns3:cad>
          </ns3:TrackPointExtension>
        </extensions>
      </trkpt>
      <trkpt lat="39.9011630751192569732666015625" lon="116.31780543364584445953369140625">
        <ele>55.59999847412109375</ele>
        <time>2026-09-26T23:56:05.000Z</time>
        <extensions>
          <ns3:TrackPointExtension>
            <ns3:atemp>25.0</ns3:atemp>
            <ns3:hr>124</ns3:hr>
            <ns3:cad>88</ns3:cad>
          </ns3:TrackPointExtension>
        </extensions>
      </trkpt>
      <trkpt lat="39.90115578286349773406982421875" lon="116.31784331984817981719970703125">
        <ele>55.59999847412109375</ele>
        <time>2026-09-26T23:56:06.000Z</time>
        <extensions>
          <ns3:TrackPointExtension>
            <ns3:atemp>25.0</ns3:atemp>
            <ns3:hr>125</ns3:hr>
            <ns3:cad>88</ns3:cad>
          </ns3:TrackPointExtension>
        </extensions>
      </trkpt>
      <trkpt lat="39.90114144980907440185546875" lon="116.31788246333599090576171875">
        <ele>55.59999847412109375</ele>
        <time>2026-09-26T23:56:07.000Z</time>
        <extensions>
          <ns3:TrackPointExtension>
            <ns3:atemp>25.0</ns3:atemp>
            <ns3:hr>125</ns3:hr>
            <ns3:cad>89</ns3:cad>
          </ns3:TrackPointExtension>
        </extensions>
      </trkpt>
      <trkpt lat="39.901149161159992218017578125" lon="116.31791506893932819366455078125">
        <ele>55.40000152587890625</ele>
        <time>2026-09-26T23:56:08.000Z</time>
        <extensions>
          <ns3:TrackPointExtension>
            <ns3:atemp>25.0</ns3:atemp>
            <ns3:hr>125</ns3:hr>
            <ns3:cad>89</ns3:cad>
          </ns3:TrackPointExtension>
        </extensions>
      </trkpt>
      <trkpt lat="39.90116558969020843505859375" lon="116.3179597444832324981689453125">
        <ele>55.59999847412109375</ele>
        <time>2026-09-26T23:56:09.000Z</time>
        <extensions>
          <ns3:TrackPointExtension>
            <ns3:atemp>25.0</ns3:atemp>
            <ns3:hr>125</ns3:hr>
            <ns3:cad>89</ns3:cad>
          </ns3:TrackPointExtension>
        </extensions>
      </trkpt>
      <trkpt lat="39.901191405951976776123046875" lon="116.31799972616136074066162109375">
        <ele>55.59999847412109375</ele>
        <time>2026-09-26T23:56:10.000Z</time>
        <extensions>
          <ns3:TrackPointExtension>
            <ns3:atemp>25.0</ns3:atemp>
            <ns3:hr>125</ns3:hr>
            <ns3:cad>88</ns3:cad>
          </ns3:TrackPointExtension>
        </extensions>
      </trkpt>
      <trkpt lat="39.9012126959860324859619140625" lon="116.3180400431156158447265625">
        <ele>55.59999847412109375</ele>
        <time>2026-09-26T23:56:11.000Z</time>
        <extensions>
          <ns3:TrackPointExtension>
            <ns3:atemp>25.0</ns3:atemp>
            <ns3:hr>126</ns3:hr>
            <ns3:cad>88</ns3:cad>
          </ns3:TrackPointExtension>
        </extensions>
      </trkpt>
      <trkpt lat="39.90123943425714969635009765625" lon="116.3180720619857311248779296875">
        <ele>55.59999847412109375</ele>
        <time>2026-09-26T23:56:12.000Z</time>
        <extensions>
          <ns3:TrackPointExtension>
            <ns3:atemp>25.0</ns3:atemp>
            <ns3:hr>125</ns3:hr>
            <ns3:cad>88</ns3:cad>
          </ns3:TrackPointExtension>
        </extensions>
      </trkpt>
      <trkpt lat="39.90121847949922084808349609375" lon="116.3181025721132755279541015625">
        <ele>55.59999847412109375</ele>
        <time>2026-09-26T23:56:13.000Z</time>
        <extensions>
          <ns3:TrackPointExtension>
            <ns3:atemp>25.0</ns3:atemp>
            <ns3:hr>126</ns3:hr>
            <ns3:cad>87</ns3:cad>
          </ns3:TrackPointExtension>
        </extensions>
      </trkpt>
      <trkpt lat="39.90120070986449718475341796875" lon="116.31812629289925098419189453125">
        <ele>55.59999847412109375</ele>
        <time>2026-09-26T23:56:14.000Z</time>
        <extensions>
          <ns3:TrackPointExtension>
            <ns3:atemp>25.0</ns3:atemp>
            <ns3:hr>126</ns3:hr>
            <ns3:cad>87</ns3:cad>
          </ns3:TrackPointExtension>
        </extensions>
      </trkpt>
      <trkpt lat="39.90118034183979034423828125" lon="116.31815210916101932525634765625">
        <ele>55.59999847412109375</ele>
        <time>2026-09-26T23:56:15.000Z</time>
        <extensions>
          <ns3:TrackPointExtension>
            <ns3:atemp>25.0</ns3:atemp>
            <ns3:hr>126</ns3:hr>
            <ns3:cad>87</ns3:cad>
          </ns3:TrackPointExtension>
        </extensions>
      </trkpt>
      <trkpt lat="39.9011595547199249267578125" lon="116.31817750632762908935546875">
        <ele>55.59999847412109375</ele>
        <time>2026-09-26T23:56:16.000Z</time>
        <extensions>
          <ns3:TrackPointExtension>
            <ns3:atemp>25.0</ns3:atemp>
            <ns3:hr>126</ns3:hr>
            <ns3:cad>87</ns3:cad>
          </ns3:TrackPointExtension>
        </extensions>
      </trkpt>
      <trkpt lat="39.9011513404548168182373046875" lon="116.3182078488171100616455078125">
        <ele>55.59999847412109375</ele>
        <time>2026-09-26T23:56:17.000Z</time>
        <extensions>
          <ns3:TrackPointExtension>
            <ns3:atemp>25.0</ns3:atemp>
            <ns3:hr>126</ns3:hr>
            <ns3:cad>87</ns3:cad>
          </ns3:TrackPointExtension>
        </extensions>
      </trkpt>
      <trkpt lat="39.90116902627050876617431640625" lon="116.31824179552495479583740234375">
        <ele>55.59999847412109375</ele>
        <time>2026-09-26T23:56:18.000Z</time>
        <extensions>
          <ns3:TrackPointExtension>
            <ns3:atemp>25.0</ns3:atemp>
            <ns3:hr>127</ns3:hr>
            <ns3:cad>87</ns3:cad>
          </ns3:TrackPointExtension>
        </extensions>
      </trkpt>
      <trkpt lat="39.90118503570556640625" lon="116.318272054195404052734375">
        <ele>55.59999847412109375</ele>
        <time>2026-09-26T23:56:19.000Z</time>
        <extensions>
          <ns3:TrackPointExtension>
            <ns3:atemp>25.0</ns3:atemp>
            <ns3:hr>127</ns3:hr>
            <ns3:cad>87</ns3:cad>
          </ns3:TrackPointExtension>
        </extensions>
      </trkpt>
      <trkpt lat="39.90121412090957164764404296875" lon="116.31830432452261447906494140625">
        <ele>55.59999847412109375</ele>
        <time>2026-09-26T23:56:20.000Z</time>
        <extensions>
          <ns3:TrackPointExtension>
            <ns3:atemp>25.0</ns3:atemp>
            <ns3:hr>127</ns3:hr>
            <ns3:cad>87</ns3:cad>
          </ns3:TrackPointExtension>
        </extensions>
      </trkpt>
      <trkpt lat="39.901251085102558135986328125" lon="116.31834103725850582122802734375">
        <ele>55.59999847412109375</ele>
        <time>2026-09-26T23:56:21.000Z</time>
        <extensions>
          <ns3:TrackPointExtension>
            <ns3:atemp>25.0</ns3:atemp>
            <ns3:hr>127</ns3:hr>
            <ns3:cad>87</ns3:cad>
          </ns3:TrackPointExtension>
        </extensions>
      </trkpt>
      <trkpt lat="39.9012770690023899078369140625" lon="116.318379007279872894287109375">
        <ele>55.59999847412109375</ele>
        <time>2026-09-26T23:56:22.000Z</time>
        <extensions>
          <ns3:TrackPointExtension>
            <ns3:atemp>25.0</ns3:atemp>
            <ns3:hr>127</ns3:hr>
            <ns3:cad>87</ns3:cad>
          </ns3:TrackPointExtension>
        </extensions>
      </trkpt>
      <trkpt lat="39.90127145312726497650146484375" lon="116.31841295398771762847900390625">
        <ele>55.59999847412109375</ele>
        <time>2026-09-26T23:56:23.000Z</time>
        <extensions>
          <ns3:TrackPointExtension>
            <ns3:atemp>25.0</ns3:atemp>
            <ns3:hr>127</ns3:hr>
            <ns3:cad>87</ns3:cad>
          </ns3:TrackPointExtension>
        </extensions>
      </trkpt>
      <trkpt lat="39.90124404430389404296875" lon="116.318432651460170745849609375">
        <ele>55.59999847412109375</ele>
        <time>2026-09-26T23:56:24.000Z</time>
        <extensions>
          <ns3:TrackPointExtension>
            <ns3:atemp>25.0</ns3:atemp>
            <ns3:hr>127</ns3:hr>
            <ns3:cad>87</ns3:cad>
          </ns3:TrackPointExtension>
        </extensions>
      </trkpt>
      <trkpt lat="39.9012354947626590728759765625" lon="116.318464837968349456787109375">
        <ele>55.59999847412109375</ele>
        <time>2026-09-26T23:56:25.000Z</time>
        <extensions>
          <ns3:TrackPointExtension>
            <ns3:atemp>25.0</ns3:atemp>
            <ns3:hr>127</ns3:hr>
            <ns3:cad>86</ns3:cad>
          </ns3:TrackPointExtension>
        </extensions>
      </trkpt>
      <trkpt lat="39.90122459828853607177734375" lon="116.31849467754364013671875">
        <ele>55.59999847412109375</ele>
        <time>2026-09-26T23:56:26.000Z</time>
        <extensions>
          <ns3:TrackPointExtension>
            <ns3:atemp>25.0</ns3:atemp>
            <ns3:hr>127</ns3:hr>
            <ns3:cad>86</ns3:cad>
          </ns3:TrackPointExtension>
        </extensions>
      </trkpt>
      <trkpt lat="39.901212193071842193603515625" lon="116.3185214996337890625">
        <ele>55.59999847412109375</ele>
        <time>2026-09-26T23:56:27.000Z</time>
        <extensions>
          <ns3:TrackPointExtension>
            <ns3:atemp>25.0</ns3:atemp>
            <ns3:hr>127</ns3:hr>
            <ns3:cad>87</ns3:cad>
          </ns3:TrackPointExtension>
        </extensions>
      </trkpt>
      <trkpt lat="39.901232309639453887939453125" lon="116.318555362522602081298828125">
        <ele>55.59999847412109375</ele>
        <time>2026-09-26T23:56:28.000Z</time>
        <extensions>
          <ns3:TrackPointExtension>
            <ns3:atemp>25.0</ns3:atemp>
            <ns3:hr>127</ns3:hr>
            <ns3:cad>87</ns3:cad>
          </ns3:TrackPointExtension>
        </extensions>
      </trkpt>
      <trkpt lat="39.901242367923259735107421875" lon="116.318580172955989837646484375">
        <ele>55.59999847412109375</ele>
        <time>2026-09-26T23:56:29.000Z</time>
        <extensions>
          <ns3:TrackPointExtension>
            <ns3:atemp>25.0</ns3:atemp>
            <ns3:hr>127</ns3:hr>
            <ns3:cad>87</ns3:cad>
          </ns3:TrackPointExtension>
        </extensions>
      </trkpt>
      <trkpt lat="39.901251755654811859130859375" lon="116.31860255263745784759521484375">
        <ele>55.59999847412109375</ele>
        <time>2026-09-26T23:56:30.000Z</time>
        <extensions>
          <ns3:TrackPointExtension>
            <ns3:atemp>25.0</ns3:atemp>
            <ns3:hr>127</ns3:hr>
            <ns3:cad>87</ns3:cad>
          </ns3:TrackPointExtension>
        </extensions>
      </trkpt>
      <trkpt lat="39.90125770680606365203857421875" lon="116.3186286203563213348388671875">
        <ele>55.40000152587890625</ele>
        <time>2026-09-26T23:56:31.000Z</time>
        <extensions>
          <ns3:TrackPointExtension>
            <ns3:atemp>25.0</ns3:atemp>
            <ns3:hr>127</ns3:hr>
            <ns3:cad>87</ns3:cad>
          </ns3:TrackPointExtension>
        </extensions>
      </trkpt>
      <trkpt lat="39.90125284530222415924072265625" lon="116.31865100003778934478759765625">
        <ele>55.40000152587890625</ele>
        <time>2026-09-26T23:56:32.000Z</time>
        <extensions>
          <ns3:TrackPointExtension>
            <ns3:atemp>25.0</ns3:atemp>
            <ns3:hr>126</ns3:hr>
            <ns3:cad>87</ns3:cad>
          </ns3:TrackPointExtension>
        </extensions>
      </trkpt>
      <trkpt lat="39.901263825595378875732421875" lon="116.3186837732791900634765625">
        <ele>55.40000152587890625</ele>
        <time>2026-09-26T23:56:33.000Z</time>
        <extensions>
          <ns3:TrackPointExtension>
            <ns3:atemp>25.0</ns3:atemp>
            <ns3:hr>125</ns3:hr>
            <ns3:cad>87</ns3:cad>
          </ns3:TrackPointExtension>
        </extensions>
      </trkpt>
      <trkpt lat="39.90127899684011936187744140625" lon="116.31872341968119144439697265625">
        <ele>55.40000152587890625</ele>
        <time>2026-09-26T23:56:34.000Z</time>
        <extensions>
          <ns3:TrackPointExtension>
            <ns3:atemp>25.0</ns3:atemp>
            <ns3:hr>124</ns3:hr>
            <ns3:cad>87</ns3:cad>
          </ns3:TrackPointExtension>
        </extensions>
      </trkpt>
      <trkpt lat="39.90129307843744754791259765625" lon="116.31875761784613132476806640625">
        <ele>55.40000152587890625</ele>
        <time>2026-09-26T23:56:35.000Z</time>
        <extensions>
          <ns3:TrackPointExtension>
            <ns3:atemp>25.0</ns3:atemp>
            <ns3:hr>122</ns3:hr>
            <ns3:cad>87</ns3:cad>
          </ns3:TrackPointExtension>
        </extensions>
      </trkpt>
      <trkpt lat="39.9013042263686656951904296875" lon="116.31879768334329128265380859375">
        <ele>55.40000152587890625</ele>
        <time>2026-09-26T23:56:36.000Z</time>
        <extensions>
          <ns3:TrackPointExtension>
            <ns3:atemp>25.0</ns3:atemp>
            <ns3:hr>122</ns3:hr>
            <ns3:cad>86</ns3:cad>
          </ns3:TrackPointExtension>
        </extensions>
      </trkpt>
      <trkpt lat="39.90130246616899967193603515625" lon="116.3188277743756771087646484375">
        <ele>55.40000152587890625</ele>
        <time>2026-09-26T23:56:37.000Z</time>
        <extensions>
          <ns3:TrackPointExtension>
            <ns3:atemp>25.0</ns3:atemp>
            <ns3:hr>121</ns3:hr>
            <ns3:cad>87</ns3:cad>
          </ns3:TrackPointExtension>
        </extensions>
      </trkpt>
      <trkpt lat="39.901278577744960784912109375" lon="116.31885484792292118072509765625">
        <ele>55.40000152587890625</ele>
        <time>2026-09-26T23:56:38.000Z</time>
        <extensions>
          <ns3:TrackPointExtension>
            <ns3:atemp>26.0</ns3:atemp>
            <ns3:hr>121</ns3:hr>
            <ns3:cad>86</ns3:cad>
          </ns3:TrackPointExtension>
        </extensions>
      </trkpt>
      <trkpt lat="39.90128134377300739288330078125" lon="116.31887932308018207550048828125">
        <ele>55.40000152587890625</ele>
        <time>2026-09-26T23:56:39.000Z</time>
        <extensions>
          <ns3:TrackPointExtension>
            <ns3:atemp>26.0</ns3:atemp>
            <ns3:hr>121</ns3:hr>
            <ns3:cad>86</ns3:cad>
          </ns3:TrackPointExtension>
        </extensions>
      </trkpt>
      <trkpt lat="39.90128536708652973175048828125" lon="116.31890840828418731689453125">
        <ele>55.40000152587890625</ele>
        <time>2026-09-26T23:56:40.000Z</time>
        <extensions>
          <ns3:TrackPointExtension>
            <ns3:atemp>26.0</ns3:atemp>
            <ns3:hr>121</ns3:hr>
            <ns3:cad>86</ns3:cad>
          </ns3:TrackPointExtension>
        </extensions>
      </trkpt>
      <trkpt lat="39.90129123441874980926513671875" lon="116.31893933750689029693603515625">
        <ele>55.40000152587890625</ele>
        <time>2026-09-26T23:56:41.000Z</time>
        <extensions>
          <ns3:TrackPointExtension>
            <ns3:atemp>26.0</ns3:atemp>
            <ns3:hr>121</ns3:hr>
            <ns3:cad>86</ns3:cad>
          </ns3:TrackPointExtension>
        </extensions>
      </trkpt>
      <trkpt lat="39.90128838457167148590087890625" lon="116.3189675845205783843994140625">
        <ele>55.40000152587890625</ele>
        <time>2026-09-26T23:56:42.000Z</time>
        <extensions>
          <ns3:TrackPointExtension>
            <ns3:atemp>26.0</ns3:atemp>
            <ns3:hr>121</ns3:hr>
            <ns3:cad>86</ns3:cad>
          </ns3:TrackPointExtension>
        </extensions>
      </trkpt>
      <trkpt lat="39.901284612715244293212890625" lon="116.31899314932525157928466796875">
        <ele>55.40000152587890625</ele>
        <time>2026-09-26T23:56:43.000Z</time>
        <extensions>
          <ns3:TrackPointExtension>
            <ns3:atemp>26.0</ns3:atemp>
            <ns3:hr>121</ns3:hr>
            <ns3:cad>87</ns3:cad>
          </ns3:TrackPointExtension>
        </extensions>
      </trkpt>
      <trkpt lat="39.90128922276198863983154296875" lon="116.31902181543409824371337890625">
        <ele>55.40000152587890625</ele>
        <time>2026-09-26T23:56:44.000Z</time>
        <extensions>
          <ns3:TrackPointExtension>
            <ns3:atemp>26.0</ns3:atemp>
            <ns3:hr>122</ns3:hr>
            <ns3:cad>87</ns3:cad>
          </ns3:TrackPointExtension>
        </extensions>
      </trkpt>
      <trkpt lat="39.9012824334204196929931640625" lon="116.31904763169586658477783203125">
        <ele>55.200000762939453125</ele>
        <time>2026-09-26T23:56:45.000Z</time>
        <extensions>
          <ns3:TrackPointExtension>
            <ns3:atemp>26.0</ns3:atemp>
            <ns3:hr>122</ns3:hr>
            <ns3:cad>87</ns3:cad>
          </ns3:TrackPointExtension>
        </extensions>
      </trkpt>
      <trkpt lat="39.9012775719165802001953125" lon="116.3190700113773345947265625">
        <ele>55.40000152587890625</ele>
        <time>2026-09-26T23:56:46.000Z</time>
        <extensions>
          <ns3:TrackPointExtension>
            <ns3:atemp>26.0</ns3:atemp>
            <ns3:hr>122</ns3:hr>
            <ns3:cad>87</ns3:cad>
          </ns3:TrackPointExtension>
        </extensions>
      </trkpt>
      <trkpt lat="39.9012775719165802001953125" lon="116.3191003538668155670166015625">
        <ele>55.40000152587890625</ele>
        <time>2026-09-26T23:56:47.000Z</time>
        <extensions>
          <ns3:TrackPointExtension>
            <ns3:atemp>26.0</ns3:atemp>
            <ns3:hr>122</ns3:hr>
            <ns3:cad>87</ns3:cad>
          </ns3:TrackPointExtension>
        </extensions>
      </trkpt>
      <trkpt lat="39.90127614699304103851318359375" lon="116.3191290199756622314453125">
        <ele>55.200000762939453125</ele>
        <time>2026-09-26T23:56:48.000Z</time>
        <extensions>
          <ns3:TrackPointExtension>
            <ns3:atemp>26.0</ns3:atemp>
            <ns3:hr>122</ns3:hr>
            <ns3:cad>87</ns3:cad>
          </ns3:TrackPointExtension>
        </extensions>
      </trkpt>
      <trkpt lat="39.9012737162411212921142578125" lon="116.31915676407516002655029296875">
        <ele>55.200000762939453125</ele>
        <time>2026-09-26T23:56:49.000Z</time>
        <extensions>
          <ns3:TrackPointExtension>
            <ns3:atemp>26.0</ns3:atemp>
            <ns3:hr>123</ns3:hr>
            <ns3:cad>88</ns3:cad>
          </ns3:TrackPointExtension>
        </extensions>
      </trkpt>
      <trkpt lat="39.90127413533627986907958984375" lon="116.3191824965178966522216796875">
        <ele>55.200000762939453125</ele>
        <time>2026-09-26T23:56:50.000Z</time>
        <extensions>
          <ns3:TrackPointExtension>
            <ns3:atemp>26.0</ns3:atemp>
            <ns3:hr>123</ns3:hr>
            <ns3:cad>88</ns3:cad>
          </ns3:TrackPointExtension>
        </extensions>
      </trkpt>
      <trkpt lat="39.90127782337367534637451171875" lon="116.31921015679836273193359375">
        <ele>55.200000762939453125</ele>
        <time>2026-09-26T23:56:51.000Z</time>
        <extensions>
          <ns3:TrackPointExtension>
            <ns3:atemp>26.0</ns3:atemp>
            <ns3:hr>123</ns3:hr>
            <ns3:cad>88</ns3:cad>
          </ns3:TrackPointExtension>
        </extensions>
      </trkpt>
      <trkpt lat="39.90128226578235626220703125" lon="116.3192431814968585968017578125">
        <ele>55.200000762939453125</ele>
        <time>2026-09-26T23:56:52.000Z</time>
        <extensions>
          <ns3:TrackPointExtension>
            <ns3:atemp>26.0</ns3:atemp>
            <ns3:hr>123</ns3:hr>
            <ns3:cad>88</ns3:cad>
          </ns3:TrackPointExtension>
        </extensions>
      </trkpt>
      <trkpt lat="39.901283942162990570068359375" lon="116.319274194538593292236328125">
        <ele>55.200000762939453125</ele>
        <time>2026-09-26T23:56:53.000Z</time>
        <extensions>
          <ns3:TrackPointExtension>
            <ns3:atemp>26.0</ns3:atemp>
            <ns3:hr>124</ns3:hr>
            <ns3:cad>88</ns3:cad>
          </ns3:TrackPointExtension>
        </extensions>
      </trkpt>
      <trkpt lat="39.901298023760318756103515625" lon="116.319307051599025726318359375">
        <ele>55.200000762939453125</ele>
        <time>2026-09-26T23:56:54.000Z</time>
        <extensions>
          <ns3:TrackPointExtension>
            <ns3:atemp>26.0</ns3:atemp>
            <ns3:hr>124</ns3:hr>
            <ns3:cad>88</ns3:cad>
          </ns3:TrackPointExtension>
        </extensions>
      </trkpt>
      <trkpt lat="39.90131587721407413482666015625" lon="116.31933848373591899871826171875">
        <ele>55.200000762939453125</ele>
        <time>2026-09-26T23:56:55.000Z</time>
        <extensions>
          <ns3:TrackPointExtension>
            <ns3:atemp>26.0</ns3:atemp>
            <ns3:hr>124</ns3:hr>
            <ns3:cad>88</ns3:cad>
          </ns3:TrackPointExtension>
        </extensions>
      </trkpt>
      <trkpt lat="39.9013287015259265899658203125" lon="116.31937201134860515594482421875">
        <ele>55.200000762939453125</ele>
        <time>2026-09-26T23:56:56.000Z</time>
        <extensions>
          <ns3:TrackPointExtension>
            <ns3:atemp>26.0</ns3:atemp>
            <ns3:hr>124</ns3:hr>
            <ns3:cad>88</ns3:cad>
          </ns3:TrackPointExtension>
        </extensions>
      </trkpt>
      <trkpt lat="39.90132962353527545928955078125" lon="116.31939983926713466644287109375">
        <ele>55.200000762939453125</ele>
        <time>2026-09-26T23:56:57.000Z</time>
        <extensions>
          <ns3:TrackPointExtension>
            <ns3:atemp>26.0</ns3:atemp>
            <ns3:hr>124</ns3:hr>
            <ns3:cad>88</ns3:cad>
          </ns3:TrackPointExtension>
        </extensions>
      </trkpt>
      <trkpt lat="39.90132073871791362762451171875" lon="116.31941945292055606842041015625">
        <ele>55.200000762939453125</ele>
        <time>2026-09-26T23:56:58.000Z</time>
        <extensions>
          <ns3:TrackPointExtension>
            <ns3:atemp>26.0</ns3:atemp>
            <ns3:hr>124</ns3:hr>
            <ns3:cad>87</ns3:cad>
          </ns3:TrackPointExtension>
        </extensions>
      </trkpt>
      <trkpt lat="39.90130615420639514923095703125" lon="116.3194332830607891082763671875">
        <ele>55.40000152587890625</ele>
        <time>2026-09-26T23:56:59.000Z</time>
        <extensions>
          <ns3:TrackPointExtension>
            <ns3:atemp>26.0</ns3:atemp>
            <ns3:hr>124</ns3:hr>
            <ns3:cad>87</ns3:cad>
          </ns3:TrackPointExtension>
        </extensions>
      </trkpt>
      <trkpt lat="39.9012931622564792633056640625" lon="116.319430433213710784912109375">
        <ele>55.40000152587890625</ele>
        <time>2026-09-26T23:57:00.000Z</time>
        <extensions>
          <ns3:TrackPointExtension>
            <ns3:atemp>26.0</ns3:atemp>
            <ns3:hr>123</ns3:hr>
            <ns3:cad>87</ns3:cad>
          </ns3:TrackPointExtension>
        </extensions>
      </trkpt>
      <trkpt lat="39.90126994438469409942626953125" lon="116.3194289244711399078369140625">
        <ele>55.40000152587890625</ele>
        <time>2026-09-26T23:57:01.000Z</time>
        <extensions>
          <ns3:TrackPointExtension>
            <ns3:atemp>26.0</ns3:atemp>
            <ns3:hr>124</ns3:hr>
            <ns3:cad>87</ns3:cad>
          </ns3:TrackPointExtension>
        </extensions>
      </trkpt>
      <trkpt lat="39.90124630741775035858154296875" lon="116.319426409900188446044921875">
        <ele>55.59999847412109375</ele>
        <time>2026-09-26T23:57:02.000Z</time>
        <extensions>
          <ns3:TrackPointExtension>
            <ns3:atemp>26.0</ns3:atemp>
            <ns3:hr>124</ns3:hr>
            <ns3:cad>86</ns3:cad>
          </ns3:TrackPointExtension>
        </extensions>
      </trkpt>
      <trkpt lat="39.901220910251140594482421875" lon="116.319425068795680999755859375">
        <ele>55.59999847412109375</ele>
        <time>2026-09-26T23:57:03.000Z</time>
        <extensions>
          <ns3:TrackPointExtension>
            <ns3:atemp>26.0</ns3:atemp>
            <ns3:hr>124</ns3:hr>
            <ns3:cad>86</ns3:cad>
          </ns3:TrackPointExtension>
        </extensions>
      </trkpt>
      <trkpt lat="39.90120322443544864654541015625" lon="116.31941962055861949920654296875">
        <ele>55.59999847412109375</ele>
        <time>2026-09-26T23:57:04.000Z</time>
        <extensions>
          <ns3:TrackPointExtension>
            <ns3:atemp>26.0</ns3:atemp>
            <ns3:hr>124</ns3:hr>
            <ns3:cad>86</ns3:cad>
          </ns3:TrackPointExtension>
        </extensions>
      </trkpt>
      <trkpt lat="39.9011868797242641448974609375" lon="116.3194158487021923065185546875">
        <ele>55.799999237060546875</ele>
        <time>2026-09-26T23:57:05.000Z</time>
        <extensions>
          <ns3:TrackPointExtension>
            <ns3:atemp>26.0</ns3:atemp>
            <ns3:hr>125</ns3:hr>
            <ns3:cad>86</ns3:cad>
          </ns3:TrackPointExtension>
        </extensions>
      </trkpt>
      <trkpt lat="39.90117631852626800537109375" lon="116.31941291503608226776123046875">
        <ele>56</ele>
        <time>2026-09-26T23:57:06.000Z</time>
        <extensions>
          <ns3:TrackPointExtension>
            <ns3:atemp>26.0</ns3:atemp>
            <ns3:hr>125</ns3:hr>
            <ns3:cad>86</ns3:cad>
          </ns3:TrackPointExtension>
        </extensions>
      </trkpt>
      <trkpt lat="39.90116014145314693450927734375" lon="116.31940118037164211273193359375">
        <ele>56</ele>
        <time>2026-09-26T23:57:07.000Z</time>
        <extensions>
          <ns3:TrackPointExtension>
            <ns3:atemp>26.0</ns3:atemp>
            <ns3:hr>125</ns3:hr>
            <ns3:cad>86</ns3:cad>
          </ns3:TrackPointExtension>
        </extensions>
      </trkpt>
      <trkpt lat="39.901142455637454986572265625" lon="116.31940620951354503631591796875">
        <ele>56.200000762939453125</ele>
        <time>2026-09-26T23:57:08.000Z</time>
        <extensions>
          <ns3:TrackPointExtension>
            <ns3:atemp>26.0</ns3:atemp>
            <ns3:hr>126</ns3:hr>
            <ns3:cad>86</ns3:cad>
          </ns3:TrackPointExtension>
        </extensions>
      </trkpt>
      <trkpt lat="39.901120997965335845947265625" lon="116.3194128312170505523681640625">
        <ele>56.200000762939453125</ele>
        <time>2026-09-26T23:57:09.000Z</time>
        <extensions>
          <ns3:TrackPointExtension>
            <ns3:atemp>26.0</ns3:atemp>
            <ns3:hr>126</ns3:hr>
            <ns3:cad>86</ns3:cad>
          </ns3:TrackPointExtension>
        </extensions>
      </trkpt>
      <trkpt lat="39.90109627135097980499267578125" lon="116.31942112930119037628173828125">
        <ele>56.40000152587890625</ele>
        <time>2026-09-26T23:57:10.000Z</time>
        <extensions>
          <ns3:TrackPointExtension>
            <ns3:atemp>26.0</ns3:atemp>
            <ns3:hr>126</ns3:hr>
            <ns3:cad>85</ns3:cad>
          </ns3:TrackPointExtension>
        </extensions>
      </trkpt>
      <trkpt lat="39.9010752327740192413330078125" lon="116.319427751004695892333984375">
        <ele>56.40000152587890625</ele>
        <time>2026-09-26T23:57:11.000Z</time>
        <extensions>
          <ns3:TrackPointExtension>
            <ns3:atemp>26.0</ns3:atemp>
            <ns3:hr>127</ns3:hr>
            <ns3:cad>85</ns3:cad>
          </ns3:TrackPointExtension>
        </extensions>
      </trkpt>
      <trkpt lat="39.90105737932026386260986328125" lon="116.3194259069859981536865234375">
        <ele>56.40000152587890625</ele>
        <time>2026-09-26T23:57:12.000Z</time>
        <extensions>
          <ns3:TrackPointExtension>
            <ns3:atemp>26.0</ns3:atemp>
            <ns3:hr>127</ns3:hr>
            <ns3:cad>85</ns3:cad>
          </ns3:TrackPointExtension>
        </extensions>
      </trkpt>
      <trkpt lat="39.9010460637509822845458984375" lon="116.319431103765964508056640625">
        <ele>56.40000152587890625</ele>
        <time>2026-09-26T23:57:13.000Z</time>
        <extensions>
          <ns3:TrackPointExtension>
            <ns3:atemp>26.0</ns3:atemp>
            <ns3:hr>127</ns3:hr>
            <ns3:cad>85</ns3:cad>
          </ns3:TrackPointExtension>
        </extensions>
      </trkpt>
      <trkpt lat="39.9010306410491466522216796875" lon="116.319441162049770355224609375">
        <ele>56.40000152587890625</ele>
        <time>2026-09-26T23:57:14.000Z</time>
        <extensions>
          <ns3:TrackPointExtension>
            <ns3:atemp>25.0</ns3:atemp>
            <ns3:hr>127</ns3:hr>
            <ns3:cad>85</ns3:cad>
          </ns3:TrackPointExtension>
        </extensions>
      </trkpt>
      <trkpt lat="39.90101144649088382720947265625" lon="116.31945365108549594879150390625">
        <ele>56.59999847412109375</ele>
        <time>2026-09-26T23:57:15.000Z</time>
        <extensions>
          <ns3:TrackPointExtension>
            <ns3:atemp>25.0</ns3:atemp>
            <ns3:hr>127</ns3:hr>
            <ns3:cad>86</ns3:cad>
          </ns3:TrackPointExtension>
        </extensions>
      </trkpt>
      <trkpt lat="39.9009917490184307098388671875" lon="116.31946890614926815032958984375">
        <ele>56.59999847412109375</ele>
        <time>2026-09-26T23:57:16.000Z</time>
        <extensions>
          <ns3:TrackPointExtension>
            <ns3:atemp>25.0</ns3:atemp>
            <ns3:hr>127</ns3:hr>
            <ns3:cad>86</ns3:cad>
          </ns3:TrackPointExtension>
        </extensions>
      </trkpt>
      <trkpt lat="39.90097255446016788482666015625" lon="116.3194772042334079742431640625">
        <ele>56.59999847412109375</ele>
        <time>2026-09-26T23:57:17.000Z</time>
        <extensions>
          <ns3:TrackPointExtension>
            <ns3:atemp>25.0</ns3:atemp>
            <ns3:hr>127</ns3:hr>
            <ns3:cad>86</ns3:cad>
          </ns3:TrackPointExtension>
        </extensions>
      </trkpt>
      <trkpt lat="39.90095344372093677520751953125" lon="116.31948382593691349029541015625">
        <ele>56.59999847412109375</ele>
        <time>2026-09-26T23:57:18.000Z</time>
        <extensions>
          <ns3:TrackPointExtension>
            <ns3:atemp>25.0</ns3:atemp>
            <ns3:hr>127</ns3:hr>
            <ns3:cad>86</ns3:cad>
          </ns3:TrackPointExtension>
        </extensions>
      </trkpt>
      <trkpt lat="39.900935254991054534912109375" lon="116.319491453468799591064453125">
        <ele>56.59999847412109375</ele>
        <time>2026-09-26T23:57:19.000Z</time>
        <extensions>
          <ns3:TrackPointExtension>
            <ns3:atemp>25.0</ns3:atemp>
            <ns3:hr>127</ns3:hr>
            <ns3:cad>86</ns3:cad>
          </ns3:TrackPointExtension>
        </extensions>
      </trkpt>
      <trkpt lat="39.90091639570891857147216796875" lon="116.31950293667614459991455078125">
        <ele>56.59999847412109375</ele>
        <time>2026-09-26T23:57:20.000Z</time>
        <extensions>
          <ns3:TrackPointExtension>
            <ns3:atemp>25.0</ns3:atemp>
            <ns3:hr>127</ns3:hr>
            <ns3:cad>87</ns3:cad>
          </ns3:TrackPointExtension>
        </extensions>
      </trkpt>
      <trkpt lat="39.90089326165616512298583984375" lon="116.3195050321519374847412109375">
        <ele>56.59999847412109375</ele>
        <time>2026-09-26T23:57:21.000Z</time>
        <extensions>
          <ns3:TrackPointExtension>
            <ns3:atemp>25.0</ns3:atemp>
            <ns3:hr>127</ns3:hr>
            <ns3:cad>86</ns3:cad>
          </ns3:TrackPointExtension>
        </extensions>
      </trkpt>
      <trkpt lat="39.9008690379559993743896484375" lon="116.31950385868549346923828125">
        <ele>56.59999847412109375</ele>
        <time>2026-09-26T23:57:22.000Z</time>
        <extensions>
          <ns3:TrackPointExtension>
            <ns3:atemp>25.0</ns3:atemp>
            <ns3:hr>127</ns3:hr>
            <ns3:cad>86</ns3:cad>
          </ns3:TrackPointExtension>
        </extensions>
      </trkpt>
      <trkpt lat="39.90084364078938961029052734375" lon="116.319505535066127777099609375">
        <ele>56.59999847412109375</ele>
        <time>2026-09-26T23:57:23.000Z</time>
        <extensions>
          <ns3:TrackPointExtension>
            <ns3:atemp>25.0</ns3:atemp>
            <ns3:hr>127</ns3:hr>
            <ns3:cad>86</ns3:cad>
          </ns3:TrackPointExtension>
        </extensions>
      </trkpt>
      <trkpt lat="39.9008217640221118927001953125" lon="116.3195114023983478546142578125">
        <ele>56.59999847412109375</ele>
        <time>2026-09-26T23:57:24.000Z</time>
        <extensions>
          <ns3:TrackPointExtension>
            <ns3:atemp>25.0</ns3:atemp>
            <ns3:hr>127</ns3:hr>
            <ns3:cad>86</ns3:cad>
          </ns3:TrackPointExtension>
        </extensions>
      </trkpt>
      <trkpt lat="39.9007969535887241363525390625" lon="116.3195191137492656707763671875">
        <ele>56.59999847412109375</ele>
        <time>2026-09-26T23:57:25.000Z</time>
        <extensions>
          <ns3:TrackPointExtension>
            <ns3:atemp>25.0</ns3:atemp>
            <ns3:hr>127</ns3:hr>
            <ns3:cad>86</ns3:cad>
          </ns3:TrackPointExtension>
        </extensions>
      </trkpt>
      <trkpt lat="39.900773651897907257080078125" lon="116.31952933967113494873046875">
        <ele>56.59999847412109375</ele>
        <time>2026-09-26T23:57:26.000Z</time>
        <extensions>
          <ns3:TrackPointExtension>
            <ns3:atemp>25.0</ns3:atemp>
            <ns3:hr>127</ns3:hr>
            <ns3:cad>87</ns3:cad>
          </ns3:TrackPointExtension>
        </extensions>
      </trkpt>
      <trkpt lat="39.90075387060642242431640625" lon="116.319532357156276702880859375">
        <ele>56.59999847412109375</ele>
        <time>2026-09-26T23:57:27.000Z</time>
        <extensions>
          <ns3:TrackPointExtension>
            <ns3:atemp>25.0</ns3:atemp>
            <ns3:hr>127</ns3:hr>
            <ns3:cad>87</ns3:cad>
          </ns3:TrackPointExtension>
        </extensions>
      </trkpt>
      <trkpt lat="39.90073417313396930694580078125" lon="116.319526992738246917724609375">
        <ele>56.59999847412109375</ele>
        <time>2026-09-26T23:57:28.000Z</time>
        <extensions>
          <ns3:TrackPointExtension>
            <ns3:atemp>25.0</ns3:atemp>
            <ns3:hr>127</ns3:hr>
            <ns3:cad>87</ns3:cad>
          </ns3:TrackPointExtension>
        </extensions>
      </trkpt>
      <trkpt lat="39.90071489475667476654052734375" lon="116.319519616663455963134765625">
        <ele>56.59999847412109375</ele>
        <time>2026-09-26T23:57:29.000Z</time>
        <extensions>
          <ns3:TrackPointExtension>
            <ns3:atemp>25.0</ns3:atemp>
            <ns3:hr>126</ns3:hr>
            <ns3:cad>88</ns3:cad>
          </ns3:TrackPointExtension>
        </extensions>
      </trkpt>
      <trkpt lat="39.90070081315934658050537109375" lon="116.31951014511287212371826171875">
        <ele>56.59999847412109375</ele>
        <time>2026-09-26T23:57:30.000Z</time>
        <extensions>
          <ns3:TrackPointExtension>
            <ns3:atemp>25.0</ns3:atemp>
            <ns3:hr>126</ns3:hr>
            <ns3:cad>88</ns3:cad>
          </ns3:TrackPointExtension>
        </extensions>
      </trkpt>
      <trkpt lat="39.90068505518138408660888671875" lon="116.31950478069484233856201171875">
        <ele>56.59999847412109375</ele>
        <time>2026-09-26T23:57:31.000Z</time>
        <extensions>
          <ns3:TrackPointExtension>
            <ns3:atemp>25.0</ns3:atemp>
            <ns3:hr>126</ns3:hr>
            <ns3:cad>88</ns3:cad>
          </ns3:TrackPointExtension>
        </extensions>
      </trkpt>
      <trkpt lat="39.9006688781082630157470703125" lon="116.31950126029551029205322265625">
        <ele>56.59999847412109375</ele>
        <time>2026-09-26T23:57:32.000Z</time>
        <extensions>
          <ns3:TrackPointExtension>
            <ns3:atemp>25.0</ns3:atemp>
            <ns3:hr>126</ns3:hr>
            <ns3:cad>88</ns3:cad>
          </ns3:TrackPointExtension>
        </extensions>
      </trkpt>
      <trkpt lat="39.90066292695701122283935546875" lon="116.319480724632740020751953125">
        <ele>56.40000152587890625</ele>
        <time>2026-09-26T23:57:33.000Z</time>
        <extensions>
          <ns3:TrackPointExtension>
            <ns3:atemp>25.0</ns3:atemp>
            <ns3:hr>126</ns3:hr>
            <ns3:cad>88</ns3:cad>
          </ns3:TrackPointExtension>
        </extensions>
      </trkpt>
      <trkpt lat="39.90066108293831348419189453125" lon="116.31946806795895099639892578125">
        <ele>56.59999847412109375</ele>
        <time>2026-09-26T23:57:34.000Z</time>
        <extensions>
          <ns3:TrackPointExtension>
            <ns3:atemp>25.0</ns3:atemp>
            <ns3:hr>127</ns3:hr>
            <ns3:cad>88</ns3:cad>
          </ns3:TrackPointExtension>
        </extensions>
      </trkpt>
      <trkpt lat="39.90065152756869792938232421875" lon="116.31947527639567852020263671875">
        <ele>56.40000152587890625</ele>
        <time>2026-09-26T23:57:35.000Z</time>
        <extensions>
          <ns3:TrackPointExtension>
            <ns3:atemp>25.0</ns3:atemp>
            <ns3:hr>126</ns3:hr>
            <ns3:cad>87</ns3:cad>
          </ns3:TrackPointExtension>
        </extensions>
      </trkpt>
      <trkpt lat="39.90062654949724674224853515625" lon="116.31947913207113742828369140625">
        <ele>56.40000152587890625</ele>
        <time>2026-09-26T23:57:36.000Z</time>
        <extensions>
          <ns3:TrackPointExtension>
            <ns3:atemp>25.0</ns3:atemp>
            <ns3:hr>126</ns3:hr>
            <ns3:cad>87</ns3:cad>
          </ns3:TrackPointExtension>
        </extensions>
      </trkpt>
      <trkpt lat="39.90060257725417613983154296875" lon="116.319492124021053314208984375">
        <ele>56.40000152587890625</ele>
        <time>2026-09-26T23:57:37.000Z</time>
        <extensions>
          <ns3:TrackPointExtension>
            <ns3:atemp>25.0</ns3:atemp>
            <ns3:hr>126</ns3:hr>
            <ns3:cad>87</ns3:cad>
          </ns3:TrackPointExtension>
        </extensions>
      </trkpt>
      <trkpt lat="39.9005828797817230224609375" lon="116.3195040263235569000244140625">
        <ele>56.40000152587890625</ele>
        <time>2026-09-26T23:57:38.000Z</time>
        <extensions>
          <ns3:TrackPointExtension>
            <ns3:atemp>25.0</ns3:atemp>
            <ns3:hr>126</ns3:hr>
            <ns3:cad>87</ns3:cad>
          </ns3:TrackPointExtension>
        </extensions>
      </trkpt>
      <trkpt lat="39.90056653507053852081298828125" lon="116.31950863637030124664306640625">
        <ele>56.40000152587890625</ele>
        <time>2026-09-26T23:57:39.000Z</time>
        <extensions>
          <ns3:TrackPointExtension>
            <ns3:atemp>25.0</ns3:atemp>
            <ns3:hr>127</ns3:hr>
            <ns3:cad>87</ns3:cad>
          </ns3:TrackPointExtension>
        </extensions>
      </trkpt>
      <trkpt lat="39.90054038353264331817626953125" lon="116.3195194490253925323486328125">
        <ele>56.40000152587890625</ele>
        <time>2026-09-26T23:57:40.000Z</time>
        <extensions>
          <ns3:TrackPointExtension>
            <ns3:atemp>25.0</ns3:atemp>
            <ns3:hr>127</ns3:hr>
            <ns3:cad>87</ns3:cad>
          </ns3:TrackPointExtension>
        </extensions>
      </trkpt>
      <trkpt lat="39.90051154978573322296142578125" lon="116.3195285014808177947998046875">
        <ele>56.59999847412109375</ele>
        <time>2026-09-26T23:57:41.000Z</time>
        <extensions>
          <ns3:TrackPointExtension>
            <ns3:atemp>25.0</ns3:atemp>
            <ns3:hr>127</ns3:hr>
            <ns3:cad>86</ns3:cad>
          </ns3:TrackPointExtension>
        </extensions>
      </trkpt>
      <trkpt lat="39.9004841409623622894287109375" lon="116.31953361444175243377685546875">
        <ele>56.59999847412109375</ele>
        <time>2026-09-26T23:57:42.000Z</time>
        <extensions>
          <ns3:TrackPointExtension>
            <ns3:atemp>25.0</ns3:atemp>
            <ns3:hr>128</ns3:hr>
            <ns3:cad>86</ns3:cad>
          </ns3:TrackPointExtension>
        </extensions>
      </trkpt>
      <trkpt lat="39.90046511404216289520263671875" lon="116.31952271796762943267822265625">
        <ele>56.59999847412109375</ele>
        <time>2026-09-26T23:57:43.000Z</time>
        <extensions>
          <ns3:TrackPointExtension>
            <ns3:atemp>25.0</ns3:atemp>
            <ns3:hr>128</ns3:hr>
            <ns3:cad>86</ns3:cad>
          </ns3:TrackPointExtension>
        </extensions>
      </trkpt>
      <trkpt lat="39.90043913014233112335205078125" lon="116.31951718591153621673583984375">
        <ele>56.59999847412109375</ele>
        <time>2026-09-26T23:57:44.000Z</time>
        <extensions>
          <ns3:TrackPointExtension>
            <ns3:atemp>25.0</ns3:atemp>
            <ns3:hr>128</ns3:hr>
            <ns3:cad>86</ns3:cad>
          </ns3:TrackPointExtension>
        </extensions>
      </trkpt>
      <trkpt lat="39.9004112184047698974609375" lon="116.31952422671020030975341796875">
        <ele>56.59999847412109375</ele>
        <time>2026-09-26T23:57:45.000Z</time>
        <extensions>
          <ns3:TrackPointExtension>
            <ns3:atemp>25.0</ns3:atemp>
            <ns3:hr>128</ns3:hr>
            <ns3:cad>87</ns3:cad>
          </ns3:TrackPointExtension>
        </extensions>
      </trkpt>
      <trkpt lat="39.90038640797138214111328125" lon="116.31952523253858089447021484375">
        <ele>56.59999847412109375</ele>
        <time>2026-09-26T23:57:46.000Z</time>
        <extensions>
          <ns3:TrackPointExtension>
            <ns3:atemp>25.0</ns3:atemp>
            <ns3:hr>128</ns3:hr>
            <ns3:cad>86</ns3:cad>
          </ns3:TrackPointExtension>
        </extensions>
      </trkpt>
      <trkpt lat="39.9003575742244720458984375" lon="116.31952623836696147918701171875">
        <ele>56.59999847412109375</ele>
        <time>2026-09-26T23:57:47.000Z</time>
        <extensions>
          <ns3:TrackPointExtension>
            <ns3:atemp>25.0</ns3:atemp>
            <ns3:hr>128</ns3:hr>
            <ns3:cad>87</ns3:cad>
          </ns3:TrackPointExtension>
        </extensions>
      </trkpt>
      <trkpt lat="39.90033209323883056640625" lon="116.3195107318460941314697265625">
        <ele>56.59999847412109375</ele>
        <time>2026-09-26T23:57:48.000Z</time>
        <extensions>
          <ns3:TrackPointExtension>
            <ns3:atemp>25.0</ns3:atemp>
            <ns3:hr>129</ns3:hr>
            <ns3:cad>86</ns3:cad>
          </ns3:TrackPointExtension>
        </extensions>
      </trkpt>
      <trkpt lat="39.90030166693031787872314453125" lon="116.319488100707530975341796875">
        <ele>56.59999847412109375</ele>
        <time>2026-09-26T23:57:49.000Z</time>
        <extensions>
          <ns3:TrackPointExtension>
            <ns3:atemp>25.0</ns3:atemp>
            <ns3:hr>129</ns3:hr>
            <ns3:cad>87</ns3:cad>
          </ns3:TrackPointExtension>
        </extensions>
      </trkpt>
      <trkpt lat="39.90027450956404209136962890625" lon="116.31947435438632965087890625">
        <ele>56.59999847412109375</ele>
        <time>2026-09-26T23:57:50.000Z</time>
        <extensions>
          <ns3:TrackPointExtension>
            <ns3:atemp>25.0</ns3:atemp>
            <ns3:hr>129</ns3:hr>
            <ns3:cad>86</ns3:cad>
          </ns3:TrackPointExtension>
        </extensions>
      </trkpt>
      <trkpt lat="39.9002501182258129119873046875" lon="116.3194805569946765899658203125">
        <ele>56.59999847412109375</ele>
        <time>2026-09-26T23:57:51.000Z</time>
        <extensions>
          <ns3:TrackPointExtension>
            <ns3:atemp>25.0</ns3:atemp>
            <ns3:hr>129</ns3:hr>
            <ns3:cad>87</ns3:cad>
          </ns3:TrackPointExtension>
        </extensions>
      </trkpt>
      <trkpt lat="39.9002300016582012176513671875" lon="116.3194986619055271148681640625">
        <ele>56.59999847412109375</ele>
        <time>2026-09-26T23:57:52.000Z</time>
        <extensions>
          <ns3:TrackPointExtension>
            <ns3:atemp>25.0</ns3:atemp>
            <ns3:hr>129</ns3:hr>
            <ns3:cad>87</ns3:cad>
          </ns3:TrackPointExtension>
        </extensions>
      </trkpt>
      <trkpt lat="39.9002011679112911224365234375" lon="116.31950276903808116912841796875">
        <ele>56.59999847412109375</ele>
        <time>2026-09-26T23:57:53.000Z</time>
        <extensions>
          <ns3:TrackPointExtension>
            <ns3:atemp>25.0</ns3:atemp>
            <ns3:hr>129</ns3:hr>
            <ns3:cad>87</ns3:cad>
          </ns3:TrackPointExtension>
        </extensions>
      </trkpt>
      <trkpt lat="39.90017275325953960418701171875" lon="116.31950930692255496978759765625">
        <ele>56.59999847412109375</ele>
        <time>2026-09-26T23:57:54.000Z</time>
        <extensions>
          <ns3:TrackPointExtension>
            <ns3:atemp>25.0</ns3:atemp>
            <ns3:hr>129</ns3:hr>
            <ns3:cad>87</ns3:cad>
          </ns3:TrackPointExtension>
        </extensions>
      </trkpt>
      <trkpt lat="39.90014366805553436279296875" lon="116.319520287215709686279296875">
        <ele>56.59999847412109375</ele>
        <time>2026-09-26T23:57:55.000Z</time>
        <extensions>
          <ns3:TrackPointExtension>
            <ns3:atemp>25.0</ns3:atemp>
            <ns3:hr>129</ns3:hr>
            <ns3:cad>87</ns3:cad>
          </ns3:TrackPointExtension>
        </extensions>
      </trkpt>
      <trkpt lat="39.900117181241512298583984375" lon="116.319518946111202239990234375">
        <ele>56.59999847412109375</ele>
        <time>2026-09-26T23:57:56.000Z</time>
        <extensions>
          <ns3:TrackPointExtension>
            <ns3:atemp>25.0</ns3:atemp>
            <ns3:hr>130</ns3:hr>
            <ns3:cad>87</ns3:cad>
          </ns3:TrackPointExtension>
        </extensions>
      </trkpt>
      <trkpt lat="39.900085665285587310791015625" lon="116.3195355422794818878173828125">
        <ele>56.59999847412109375</ele>
        <time>2026-09-26T23:57:57.000Z</time>
        <extensions>
          <ns3:TrackPointExtension>
            <ns3:atemp>25.0</ns3:atemp>
            <ns3:hr>130</ns3:hr>
            <ns3:cad>87</ns3:cad>
          </ns3:TrackPointExtension>
        </extensions>
      </trkpt>
      <trkpt lat="39.900056160986423492431640625" lon="116.31954610347747802734375">
        <ele>56.59999847412109375</ele>
        <time>2026-09-26T23:57:58.000Z</time>
        <extensions>
          <ns3:TrackPointExtension>
            <ns3:atemp>25.0</ns3:atemp>
            <ns3:hr>130</ns3:hr>
            <ns3:cad>87</ns3:cad>
          </ns3:TrackPointExtension>
        </extensions>
      </trkpt>
      <trkpt lat="39.90002757869660854339599609375" lon="116.319549120962619781494140625">
        <ele>56.59999847412109375</ele>
        <time>2026-09-26T23:57:59.000Z</time>
        <extensions>
          <ns3:TrackPointExtension>
            <ns3:atemp>25.0</ns3:atemp>
            <ns3:hr>130</ns3:hr>
            <ns3:cad>87</ns3:cad>
          </ns3:TrackPointExtension>
        </extensions>
      </trkpt>
      <trkpt lat="39.89999857731163501739501953125" lon="116.3195549882948398590087890625">
        <ele>56.59999847412109375</ele>
        <time>2026-09-26T23:58:00.000Z</time>
        <extensions>
          <ns3:TrackPointExtension>
            <ns3:atemp>25.0</ns3:atemp>
            <ns3:hr>130</ns3:hr>
            <ns3:cad>87</ns3:cad>
          </ns3:TrackPointExtension>
        </extensions>
      </trkpt>
      <trkpt lat="39.899965636432170867919921875" lon="116.31956043653190135955810546875">
        <ele>56.59999847412109375</ele>
        <time>2026-09-26T23:58:01.000Z</time>
        <extensions>
          <ns3:TrackPointExtension>
            <ns3:atemp>25.0</ns3:atemp>
            <ns3:hr>130</ns3:hr>
            <ns3:cad>87</ns3:cad>
          </ns3:TrackPointExtension>
        </extensions>
      </trkpt>
      <trkpt lat="39.89993822760879993438720703125" lon="116.319564878940582275390625">
        <ele>56.59999847412109375</ele>
        <time>2026-09-26T23:58:02.000Z</time>
        <extensions>
          <ns3:TrackPointExtension>
            <ns3:atemp>25.0</ns3:atemp>
            <ns3:hr>130</ns3:hr>
            <ns3:cad>87</ns3:cad>
          </ns3:TrackPointExtension>
        </extensions>
      </trkpt>
      <trkpt lat="39.89991299808025360107421875" lon="116.31956823170185089111328125">
        <ele>56.59999847412109375</ele>
        <time>2026-09-26T23:58:03.000Z</time>
        <extensions>
          <ns3:TrackPointExtension>
            <ns3:atemp>25.0</ns3:atemp>
            <ns3:hr>130</ns3:hr>
            <ns3:cad>87</ns3:cad>
          </ns3:TrackPointExtension>
        </extensions>
      </trkpt>
      <trkpt lat="39.8998900316655635833740234375" lon="116.3195694051682949066162109375">
        <ele>56.40000152587890625</ele>
        <time>2026-09-26T23:58:04.000Z</time>
        <extensions>
          <ns3:TrackPointExtension>
            <ns3:atemp>25.0</ns3:atemp>
            <ns3:hr>130</ns3:hr>
            <ns3:cad>86</ns3:cad>
          </ns3:TrackPointExtension>
        </extensions>
      </trkpt>
      <trkpt lat="39.89987418986856937408447265625" lon="116.31957300938665866851806640625">
        <ele>56.40000152587890625</ele>
        <time>2026-09-26T23:58:05.000Z</time>
        <extensions>
          <ns3:TrackPointExtension>
            <ns3:atemp>25.0</ns3:atemp>
            <ns3:hr>130</ns3:hr>
            <ns3:cad>86</ns3:cad>
          </ns3:TrackPointExtension>
        </extensions>
      </trkpt>
      <trkpt lat="39.8998546600341796875" lon="116.31957334466278553009033203125">
        <ele>56.40000152587890625</ele>
        <time>2026-09-26T23:58:06.000Z</time>
        <extensions>
          <ns3:TrackPointExtension>
            <ns3:atemp>25.0</ns3:atemp>
            <ns3:hr>129</ns3:hr>
            <ns3:cad>86</ns3:cad>
          </ns3:TrackPointExtension>
        </extensions>
      </trkpt>
      <trkpt lat="39.8998350463807582855224609375" lon="116.31957015953958034515380859375">
        <ele>56.40000152587890625</ele>
        <time>2026-09-26T23:58:07.000Z</time>
        <extensions>
          <ns3:TrackPointExtension>
            <ns3:atemp>25.0</ns3:atemp>
            <ns3:hr>129</ns3:hr>
            <ns3:cad>86</ns3:cad>
          </ns3:TrackPointExtension>
        </extensions>
      </trkpt>
      <trkpt lat="39.8998159356415271759033203125" lon="116.31956756114959716796875">
        <ele>56.40000152587890625</ele>
        <time>2026-09-26T23:58:08.000Z</time>
        <extensions>
          <ns3:TrackPointExtension>
            <ns3:atemp>25.0</ns3:atemp>
            <ns3:hr>129</ns3:hr>
            <ns3:cad>87</ns3:cad>
          </ns3:TrackPointExtension>
        </extensions>
      </trkpt>
      <trkpt lat="39.89980042912065982818603515625" lon="116.31957435049116611480712890625">
        <ele>56.40000152587890625</ele>
        <time>2026-09-26T23:58:09.000Z</time>
        <extensions>
          <ns3:TrackPointExtension>
            <ns3:atemp>25.0</ns3:atemp>
            <ns3:hr>129</ns3:hr>
            <ns3:cad>87</ns3:cad>
          </ns3:TrackPointExtension>
        </extensions>
      </trkpt>
      <trkpt lat="39.89979229867458343505859375" lon="116.319577954709529876708984375">
        <ele>56.40000152587890625</ele>
        <time>2026-09-26T23:58:10.000Z</time>
        <extensions>
          <ns3:TrackPointExtension>
            <ns3:atemp>25.0</ns3:atemp>
            <ns3:hr>128</ns3:hr>
            <ns3:cad>87</ns3:cad>
          </ns3:TrackPointExtension>
        </extensions>
      </trkpt>
      <trkpt lat="39.89977964200079441070556640625" lon="116.31957988254725933074951171875">
        <ele>56.40000152587890625</ele>
        <time>2026-09-26T23:58:11.000Z</time>
        <extensions>
          <ns3:TrackPointExtension>
            <ns3:atemp>25.0</ns3:atemp>
            <ns3:hr>128</ns3:hr>
            <ns3:cad>86</ns3:cad>
          </ns3:TrackPointExtension>
        </extensions>
      </trkpt>
      <trkpt lat="39.8997824080288410186767578125" lon="116.3195791281759738922119140625">
        <ele>56.40000152587890625</ele>
        <time>2026-09-26T23:58:12.000Z</time>
        <extensions>
          <ns3:TrackPointExtension>
            <ns3:atemp>25.0</ns3:atemp>
            <ns3:hr>127</ns3:hr>
            <ns3:cad>86</ns3:cad>
          </ns3:TrackPointExtension>
        </extensions>
      </trkpt>
      <trkpt lat="39.89975751377642154693603515625" lon="116.31958776153624057769775390625">
        <ele>56.200000762939453125</ele>
        <time>2026-09-26T23:58:13.000Z</time>
        <extensions>
          <ns3:TrackPointExtension>
            <ns3:atemp>25.0</ns3:atemp>
            <ns3:hr>126</ns3:hr>
            <ns3:cad>86</ns3:cad>
          </ns3:TrackPointExtension>
        </extensions>
      </trkpt>
      <trkpt lat="39.8997371457517147064208984375" lon="116.3195871748030185699462890625">
        <ele>56.200000762939453125</ele>
        <time>2026-09-26T23:58:14.000Z</time>
        <extensions>
          <ns3:TrackPointExtension>
            <ns3:atemp>25.0</ns3:atemp>
            <ns3:hr>125</ns3:hr>
            <ns3:cad>87</ns3:cad>
          </ns3:TrackPointExtension>
        </extensions>
      </trkpt>
      <trkpt lat="39.89971183240413665771484375" lon="116.3195797987282276153564453125">
        <ele>56.200000762939453125</ele>
        <time>2026-09-26T23:58:15.000Z</time>
        <extensions>
          <ns3:TrackPointExtension>
            <ns3:atemp>25.0</ns3:atemp>
            <ns3:hr>125</ns3:hr>
            <ns3:cad>87</ns3:cad>
          </ns3:TrackPointExtension>
        </extensions>
      </trkpt>
      <trkpt lat="39.89968777634203433990478515625" lon="116.31957887671887874603271484375">
        <ele>56.200000762939453125</ele>
        <time>2026-09-26T23:58:16.000Z</time>
        <extensions>
          <ns3:TrackPointExtension>
            <ns3:atemp>25.0</ns3:atemp>
            <ns3:hr>125</ns3:hr>
            <ns3:cad>86</ns3:cad>
          </ns3:TrackPointExtension>
        </extensions>
      </trkpt>
      <trkpt lat="39.89966598339378833770751953125" lon="116.31957854144275188446044921875">
        <ele>56.200000762939453125</ele>
        <time>2026-09-26T23:58:17.000Z</time>
        <extensions>
          <ns3:TrackPointExtension>
            <ns3:atemp>25.0</ns3:atemp>
            <ns3:hr>125</ns3:hr>
            <ns3:cad>86</ns3:cad>
          </ns3:TrackPointExtension>
        </extensions>
      </trkpt>
      <trkpt lat="39.8996466211974620819091796875" lon="116.31957988254725933074951171875">
        <ele>56.200000762939453125</ele>
        <time>2026-09-26T23:58:18.000Z</time>
        <extensions>
          <ns3:TrackPointExtension>
            <ns3:atemp>25.0</ns3:atemp>
            <ns3:hr>126</ns3:hr>
            <ns3:cad>86</ns3:cad>
          </ns3:TrackPointExtension>
        </extensions>
      </trkpt>
      <trkpt lat="39.8996265046298503875732421875" lon="116.31958164274692535400390625">
        <ele>56.200000762939453125</ele>
        <time>2026-09-26T23:58:19.000Z</time>
        <extensions>
          <ns3:TrackPointExtension>
            <ns3:atemp>25.0</ns3:atemp>
            <ns3:hr>126</ns3:hr>
            <ns3:cad>86</ns3:cad>
          </ns3:TrackPointExtension>
        </extensions>
      </trkpt>
      <trkpt lat="39.8996013589203357696533203125" lon="116.3195876777172088623046875">
        <ele>56.200000762939453125</ele>
        <time>2026-09-26T23:58:20.000Z</time>
        <extensions>
          <ns3:TrackPointExtension>
            <ns3:atemp>25.0</ns3:atemp>
            <ns3:hr>126</ns3:hr>
            <ns3:cad>86</ns3:cad>
          </ns3:TrackPointExtension>
        </extensions>
      </trkpt>
      <trkpt lat="39.8995762132108211517333984375" lon="116.3195881806313991546630859375">
        <ele>56.200000762939453125</ele>
        <time>2026-09-26T23:58:21.000Z</time>
        <extensions>
          <ns3:TrackPointExtension>
            <ns3:atemp>25.0</ns3:atemp>
            <ns3:hr>126</ns3:hr>
            <ns3:cad>86</ns3:cad>
          </ns3:TrackPointExtension>
        </extensions>
      </trkpt>
      <trkpt lat="39.89955685101449489593505859375" lon="116.3195844925940036773681640625">
        <ele>56.200000762939453125</ele>
        <time>2026-09-26T23:58:22.000Z</time>
        <extensions>
          <ns3:TrackPointExtension>
            <ns3:atemp>25.0</ns3:atemp>
            <ns3:hr>126</ns3:hr>
            <ns3:cad>86</ns3:cad>
          </ns3:TrackPointExtension>
        </extensions>
      </trkpt>
      <trkpt lat="39.8995433561503887176513671875" lon="116.31957485340535640716552734375">
        <ele>56.200000762939453125</ele>
        <time>2026-09-26T23:58:23.000Z</time>
        <extensions>
          <ns3:TrackPointExtension>
            <ns3:atemp>25.0</ns3:atemp>
            <ns3:hr>127</ns3:hr>
            <ns3:cad>86</ns3:cad>
          </ns3:TrackPointExtension>
        </extensions>
      </trkpt>
      <trkpt lat="39.89953489042818546295166015625" lon="116.31956680677831172943115234375">
        <ele>56.200000762939453125</ele>
        <time>2026-09-26T23:58:24.000Z</time>
        <extensions>
          <ns3:TrackPointExtension>
            <ns3:atemp>25.0</ns3:atemp>
            <ns3:hr>127</ns3:hr>
            <ns3:cad>86</ns3:cad>
          </ns3:TrackPointExtension>
        </extensions>
      </trkpt>
      <trkpt lat="39.8995205573737621307373046875" lon="116.3195620290935039520263671875">
        <ele>56.200000762939453125</ele>
        <time>2026-09-26T23:58:25.000Z</time>
        <extensions>
          <ns3:TrackPointExtension>
            <ns3:atemp>25.0</ns3:atemp>
            <ns3:hr>128</ns3:hr>
            <ns3:cad>86</ns3:cad>
          </ns3:TrackPointExtension>
        </extensions>
      </trkpt>
      <trkpt lat="39.899497590959072113037109375" lon="116.31955490447580814361572265625">
        <ele>56.200000762939453125</ele>
        <time>2026-09-26T23:58:26.000Z</time>
        <extensions>
          <ns3:TrackPointExtension>
            <ns3:atemp>25.0</ns3:atemp>
            <ns3:hr>128</ns3:hr>
            <ns3:cad>87</ns3:cad>
          </ns3:TrackPointExtension>
        </extensions>
      </trkpt>
      <trkpt lat="39.899480827152729034423828125" lon="116.319543756544589996337890625">
        <ele>56.200000762939453125</ele>
        <time>2026-09-26T23:58:27.000Z</time>
        <extensions>
          <ns3:TrackPointExtension>
            <ns3:atemp>25.0</ns3:atemp>
            <ns3:hr>128</ns3:hr>
            <ns3:cad>87</ns3:cad>
          </ns3:TrackPointExtension>
        </extensions>
      </trkpt>
      <trkpt lat="39.8994709365069866180419921875" lon="116.31953495554625988006591796875">
        <ele>56.200000762939453125</ele>
        <time>2026-09-26T23:58:28.000Z</time>
        <extensions>
          <ns3:TrackPointExtension>
            <ns3:atemp>25.0</ns3:atemp>
            <ns3:hr>129</ns3:hr>
            <ns3:cad>87</ns3:cad>
          </ns3:TrackPointExtension>
        </extensions>
      </trkpt>
      <trkpt lat="39.8994545079767704010009765625" lon="116.31953411735594272613525390625">
        <ele>56.200000762939453125</ele>
        <time>2026-09-26T23:58:29.000Z</time>
        <extensions>
          <ns3:TrackPointExtension>
            <ns3:atemp>25.0</ns3:atemp>
            <ns3:hr>129</ns3:hr>
            <ns3:cad>87</ns3:cad>
          </ns3:TrackPointExtension>
        </extensions>
      </trkpt>
      <trkpt lat="39.8994370736181735992431640625" lon="116.31952724419534206390380859375">
        <ele>56.200000762939453125</ele>
        <time>2026-09-26T23:58:30.000Z</time>
        <extensions>
          <ns3:TrackPointExtension>
            <ns3:atemp>25.0</ns3:atemp>
            <ns3:hr>128</ns3:hr>
            <ns3:cad>86</ns3:cad>
          </ns3:TrackPointExtension>
        </extensions>
      </trkpt>
      <trkpt lat="39.8994176276028156280517578125" lon="116.31951048038899898529052734375">
        <ele>56.200000762939453125</ele>
        <time>2026-09-26T23:58:31.000Z</time>
        <extensions>
          <ns3:TrackPointExtension>
            <ns3:atemp>25.0</ns3:atemp>
            <ns3:hr>128</ns3:hr>
            <ns3:cad>86</ns3:cad>
          </ns3:TrackPointExtension>
        </extensions>
      </trkpt>
      <trkpt lat="39.89940111525356769561767578125" lon="116.31949254311621189117431640625">
        <ele>56.200000762939453125</ele>
        <time>2026-09-26T23:58:32.000Z</time>
        <extensions>
          <ns3:TrackPointExtension>
            <ns3:atemp>25.0</ns3:atemp>
            <ns3:hr>127</ns3:hr>
            <ns3:cad>87</ns3:cad>
          </ns3:TrackPointExtension>
        </extensions>
      </trkpt>
      <trkpt lat="39.89938468672335147857666015625" lon="116.31948583759367465972900390625">
        <ele>56.200000762939453125</ele>
        <time>2026-09-26T23:58:33.000Z</time>
        <extensions>
          <ns3:TrackPointExtension>
            <ns3:atemp>25.0</ns3:atemp>
            <ns3:hr>127</ns3:hr>
            <ns3:cad>87</ns3:cad>
          </ns3:TrackPointExtension>
        </extensions>
      </trkpt>
      <trkpt lat="39.89937077276408672332763671875" lon="116.3194855861365795135498046875">
        <ele>56.200000762939453125</ele>
        <time>2026-09-26T23:58:34.000Z</time>
        <extensions>
          <ns3:TrackPointExtension>
            <ns3:atemp>25.0</ns3:atemp>
            <ns3:hr>127</ns3:hr>
            <ns3:cad>87</ns3:cad>
          </ns3:TrackPointExtension>
        </extensions>
      </trkpt>
      <trkpt lat="39.8993499018251895904541015625" lon="116.31948374211788177490234375">
        <ele>56</ele>
        <time>2026-09-26T23:58:35.000Z</time>
        <extensions>
          <ns3:TrackPointExtension>
            <ns3:atemp>25.0</ns3:atemp>
            <ns3:hr>127</ns3:hr>
            <ns3:cad>88</ns3:cad>
          </ns3:TrackPointExtension>
        </extensions>
      </trkpt>
      <trkpt lat="39.8993354849517345428466796875" lon="116.319501511752605438232421875">
        <ele>56</ele>
        <time>2026-09-26T23:58:36.000Z</time>
        <extensions>
          <ns3:TrackPointExtension>
            <ns3:atemp>25.0</ns3:atemp>
            <ns3:hr>127</ns3:hr>
            <ns3:cad>88</ns3:cad>
          </ns3:TrackPointExtension>
        </extensions>
      </trkpt>
      <trkpt lat="39.89931511692702770233154296875" lon="116.31951718591153621673583984375">
        <ele>56</ele>
        <time>2026-09-26T23:58:37.000Z</time>
        <extensions>
          <ns3:TrackPointExtension>
            <ns3:atemp>25.0</ns3:atemp>
            <ns3:hr>127</ns3:hr>
            <ns3:cad>87</ns3:cad>
          </ns3:TrackPointExtension>
        </extensions>
      </trkpt>
      <trkpt lat="39.89928879775106906890869140625" lon="116.31952791474759578704833984375">
        <ele>56</ele>
        <time>2026-09-26T23:58:38.000Z</time>
        <extensions>
          <ns3:TrackPointExtension>
            <ns3:atemp>25.0</ns3:atemp>
            <ns3:hr>127</ns3:hr>
            <ns3:cad>87</ns3:cad>
          </ns3:TrackPointExtension>
        </extensions>
      </trkpt>
      <trkpt lat="39.89926331676542758941650390625" lon="116.31953981705009937286376953125">
        <ele>56</ele>
        <time>2026-09-26T23:58:39.000Z</time>
        <extensions>
          <ns3:TrackPointExtension>
            <ns3:atemp>25.0</ns3:atemp>
            <ns3:hr>127</ns3:hr>
            <ns3:cad>87</ns3:cad>
          </ns3:TrackPointExtension>
        </extensions>
      </trkpt>
      <trkpt lat="39.8992456309497356414794921875" lon="116.31955322809517383575439453125">
        <ele>55.799999237060546875</ele>
        <time>2026-09-26T23:58:40.000Z</time>
        <extensions>
          <ns3:TrackPointExtension>
            <ns3:atemp>25.0</ns3:atemp>
            <ns3:hr>127</ns3:hr>
            <ns3:cad>87</ns3:cad>
          </ns3:TrackPointExtension>
        </extensions>
      </trkpt>
      <trkpt lat="39.8992302082479000091552734375" lon="116.319561861455440521240234375">
        <ele>55.799999237060546875</ele>
        <time>2026-09-26T23:58:41.000Z</time>
        <extensions>
          <ns3:TrackPointExtension>
            <ns3:atemp>25.0</ns3:atemp>
            <ns3:hr>127</ns3:hr>
            <ns3:cad>87</ns3:cad>
          </ns3:TrackPointExtension>
        </extensions>
      </trkpt>
      <trkpt lat="39.8992167972028255462646484375" lon="116.319564543664455413818359375">
        <ele>55.799999237060546875</ele>
        <time>2026-09-26T23:58:42.000Z</time>
        <extensions>
          <ns3:TrackPointExtension>
            <ns3:atemp>25.0</ns3:atemp>
            <ns3:hr>127</ns3:hr>
            <ns3:cad>87</ns3:cad>
          </ns3:TrackPointExtension>
        </extensions>
      </trkpt>
      <trkpt lat="39.89920464344322681427001953125" lon="116.3195689022541046142578125">
        <ele>55.799999237060546875</ele>
        <time>2026-09-26T23:58:43.000Z</time>
        <extensions>
          <ns3:TrackPointExtension>
            <ns3:atemp>25.0</ns3:atemp>
            <ns3:hr>128</ns3:hr>
            <ns3:cad>87</ns3:cad>
          </ns3:TrackPointExtension>
        </extensions>
      </trkpt>
      <trkpt lat="39.89919005893170833587646484375" lon="116.31957217119634151458740234375">
        <ele>55.799999237060546875</ele>
        <time>2026-09-26T23:58:44.000Z</time>
        <extensions>
          <ns3:TrackPointExtension>
            <ns3:atemp>25.0</ns3:atemp>
            <ns3:hr>128</ns3:hr>
            <ns3:cad>87</ns3:cad>
          </ns3:TrackPointExtension>
        </extensions>
      </trkpt>
      <trkpt lat="39.89917430095374584197998046875" lon="116.319571919739246368408203125">
        <ele>55.799999237060546875</ele>
        <time>2026-09-26T23:58:45.000Z</time>
        <extensions>
          <ns3:TrackPointExtension>
            <ns3:atemp>25.0</ns3:atemp>
            <ns3:hr>128</ns3:hr>
            <ns3:cad>87</ns3:cad>
          </ns3:TrackPointExtension>
        </extensions>
      </trkpt>
      <trkpt lat="39.89915133453905582427978515625" lon="116.31957049481570720672607421875">
        <ele>55.799999237060546875</ele>
        <time>2026-09-26T23:58:46.000Z</time>
        <extensions>
          <ns3:TrackPointExtension>
            <ns3:atemp>25.0</ns3:atemp>
            <ns3:hr>128</ns3:hr>
            <ns3:cad>87</ns3:cad>
          </ns3:TrackPointExtension>
        </extensions>
      </trkpt>
      <trkpt lat="39.89913155324757099151611328125" lon="116.319569237530231475830078125">
        <ele>55.799999237060546875</ele>
        <time>2026-09-26T23:58:47.000Z</time>
        <extensions>
          <ns3:TrackPointExtension>
            <ns3:atemp>25.0</ns3:atemp>
            <ns3:hr>128</ns3:hr>
            <ns3:cad>87</ns3:cad>
          </ns3:TrackPointExtension>
        </extensions>
      </trkpt>
      <trkpt lat="39.899103641510009765625" lon="116.31958055309951305389404296875">
        <ele>55.799999237060546875</ele>
        <time>2026-09-26T23:58:48.000Z</time>
        <extensions>
          <ns3:TrackPointExtension>
            <ns3:atemp>25.0</ns3:atemp>
            <ns3:hr>128</ns3:hr>
            <ns3:cad>87</ns3:cad>
          </ns3:TrackPointExtension>
        </extensions>
      </trkpt>
      <trkpt lat="39.89908679388463497161865234375" lon="116.31957518868148326873779296875">
        <ele>55.59999847412109375</ele>
        <time>2026-09-26T23:58:49.000Z</time>
        <extensions>
          <ns3:TrackPointExtension>
            <ns3:atemp>25.0</ns3:atemp>
            <ns3:hr>128</ns3:hr>
            <ns3:cad>87</ns3:cad>
          </ns3:TrackPointExtension>
        </extensions>
      </trkpt>
      <trkpt lat="39.89905896596610546112060546875" lon="116.3195831514894962310791015625">
        <ele>55.59999847412109375</ele>
        <time>2026-09-26T23:58:50.000Z</time>
        <extensions>
          <ns3:TrackPointExtension>
            <ns3:atemp>25.0</ns3:atemp>
            <ns3:hr>129</ns3:hr>
            <ns3:cad>87</ns3:cad>
          </ns3:TrackPointExtension>
        </extensions>
      </trkpt>
      <trkpt lat="39.89902879111468791961669921875" lon="116.3195747695863246917724609375">
        <ele>55.59999847412109375</ele>
        <time>2026-09-26T23:58:51.000Z</time>
        <extensions>
          <ns3:TrackPointExtension>
            <ns3:atemp>25.0</ns3:atemp>
            <ns3:hr>129</ns3:hr>
            <ns3:cad>87</ns3:cad>
          </ns3:TrackPointExtension>
        </extensions>
      </trkpt>
      <trkpt lat="39.89899626933038234710693359375" lon="116.31957720033824443817138671875">
        <ele>55.59999847412109375</ele>
        <time>2026-09-26T23:58:52.000Z</time>
        <extensions>
          <ns3:TrackPointExtension>
            <ns3:atemp>25.0</ns3:atemp>
            <ns3:hr>128</ns3:hr>
            <ns3:cad>87</ns3:cad>
          </ns3:TrackPointExtension>
        </extensions>
      </trkpt>
      <trkpt lat="39.898961149156093597412109375" lon="116.31957502104341983795166015625">
        <ele>55.59999847412109375</ele>
        <time>2026-09-26T23:58:53.000Z</time>
        <extensions>
          <ns3:TrackPointExtension>
            <ns3:atemp>25.0</ns3:atemp>
            <ns3:hr>129</ns3:hr>
            <ns3:cad>86</ns3:cad>
          </ns3:TrackPointExtension>
        </extensions>
      </trkpt>
      <trkpt lat="39.89893130958080291748046875" lon="116.31958021782338619232177734375">
        <ele>55.59999847412109375</ele>
        <time>2026-09-26T23:58:54.000Z</time>
        <extensions>
          <ns3:TrackPointExtension>
            <ns3:atemp>25.0</ns3:atemp>
            <ns3:hr>129</ns3:hr>
            <ns3:cad>86</ns3:cad>
          </ns3:TrackPointExtension>
        </extensions>
      </trkpt>
      <trkpt lat="39.89890582859516143798828125" lon="116.3195844925940036773681640625">
        <ele>55.59999847412109375</ele>
        <time>2026-09-26T23:58:55.000Z</time>
        <extensions>
          <ns3:TrackPointExtension>
            <ns3:atemp>25.0</ns3:atemp>
            <ns3:hr>129</ns3:hr>
            <ns3:cad>86</ns3:cad>
          </ns3:TrackPointExtension>
        </extensions>
      </trkpt>
      <trkpt lat="39.8988821916282176971435546875" lon="116.319590024650096893310546875">
        <ele>55.59999847412109375</ele>
        <time>2026-09-26T23:58:56.000Z</time>
        <extensions>
          <ns3:TrackPointExtension>
            <ns3:atemp>25.0</ns3:atemp>
            <ns3:hr>129</ns3:hr>
            <ns3:cad>87</ns3:cad>
          </ns3:TrackPointExtension>
        </extensions>
      </trkpt>
      <trkpt lat="39.8988607339560985565185546875" lon="116.3196010887622833251953125">
        <ele>55.59999847412109375</ele>
        <time>2026-09-26T23:58:57.000Z</time>
        <extensions>
          <ns3:TrackPointExtension>
            <ns3:atemp>25.0</ns3:atemp>
            <ns3:hr>129</ns3:hr>
            <ns3:cad>87</ns3:cad>
          </ns3:TrackPointExtension>
        </extensions>
      </trkpt>
      <trkpt lat="39.89883936010301113128662109375" lon="116.3196160085499286651611328125">
        <ele>55.59999847412109375</ele>
        <time>2026-09-26T23:58:58.000Z</time>
        <extensions>
          <ns3:TrackPointExtension>
            <ns3:atemp>25.0</ns3:atemp>
            <ns3:hr>129</ns3:hr>
            <ns3:cad>87</ns3:cad>
          </ns3:TrackPointExtension>
        </extensions>
      </trkpt>
      <trkpt lat="39.89882293157279491424560546875" lon="116.31962765939533710479736328125">
        <ele>55.59999847412109375</ele>
        <time>2026-09-26T23:58:59.000Z</time>
        <extensions>
          <ns3:TrackPointExtension>
            <ns3:atemp>25.0</ns3:atemp>
            <ns3:hr>129</ns3:hr>
            <ns3:cad>86</ns3:cad>
          </ns3:TrackPointExtension>
        </extensions>
      </trkpt>
      <trkpt lat="39.89880046807229518890380859375" lon="116.3196287490427494049072265625">
        <ele>55.59999847412109375</ele>
        <time>2026-09-26T23:59:00.000Z</time>
        <extensions>
          <ns3:TrackPointExtension>
            <ns3:atemp>25.0</ns3:atemp>
            <ns3:hr>129</ns3:hr>
            <ns3:cad>86</ns3:cad>
          </ns3:TrackPointExtension>
        </extensions>
      </trkpt>
      <trkpt lat="39.8987745679914951324462890625" lon="116.319638304412364959716796875">
        <ele>55.59999847412109375</ele>
        <time>2026-09-26T23:59:01.000Z</time>
        <extensions>
          <ns3:TrackPointExtension>
            <ns3:atemp>25.0</ns3:atemp>
            <ns3:hr>129</ns3:hr>
            <ns3:cad>87</ns3:cad>
          </ns3:TrackPointExtension>
        </extensions>
      </trkpt>
      <trkpt lat="39.89874984137713909149169921875" lon="116.319642998278141021728515625">
        <ele>55.59999847412109375</ele>
        <time>2026-09-26T23:59:02.000Z</time>
        <extensions>
          <ns3:TrackPointExtension>
            <ns3:atemp>25.0</ns3:atemp>
            <ns3:hr>129</ns3:hr>
            <ns3:cad>87</ns3:cad>
          </ns3:TrackPointExtension>
        </extensions>
      </trkpt>
      <trkpt lat="39.89872469566762447357177734375" lon="116.31965540349483489990234375">
        <ele>55.59999847412109375</ele>
        <time>2026-09-26T23:59:03.000Z</time>
        <extensions>
          <ns3:TrackPointExtension>
            <ns3:atemp>25.0</ns3:atemp>
            <ns3:hr>129</ns3:hr>
            <ns3:cad>87</ns3:cad>
          </ns3:TrackPointExtension>
        </extensions>
      </trkpt>
      <trkpt lat="39.898693263530731201171875" lon="116.31965615786612033843994140625">
        <ele>55.59999847412109375</ele>
        <time>2026-09-26T23:59:04.000Z</time>
        <extensions>
          <ns3:TrackPointExtension>
            <ns3:atemp>25.0</ns3:atemp>
            <ns3:hr>129</ns3:hr>
            <ns3:cad>87</ns3:cad>
          </ns3:TrackPointExtension>
        </extensions>
      </trkpt>
      <trkpt lat="39.89867608062922954559326171875" lon="116.31965272128582000732421875">
        <ele>55.59999847412109375</ele>
        <time>2026-09-26T23:59:05.000Z</time>
        <extensions>
          <ns3:TrackPointExtension>
            <ns3:atemp>25.0</ns3:atemp>
            <ns3:hr>128</ns3:hr>
            <ns3:cad>86</ns3:cad>
          </ns3:TrackPointExtension>
        </extensions>
      </trkpt>
      <trkpt lat="39.89866183139383792877197265625" lon="116.31965297274291515350341796875">
        <ele>55.59999847412109375</ele>
        <time>2026-09-26T23:59:06.000Z</time>
        <extensions>
          <ns3:TrackPointExtension>
            <ns3:atemp>25.0</ns3:atemp>
            <ns3:hr>128</ns3:hr>
            <ns3:cad>86</ns3:cad>
          </ns3:TrackPointExtension>
        </extensions>
      </trkpt>
      <trkpt lat="39.89864833652973175048828125" lon="116.31965012289583683013916015625">
        <ele>55.59999847412109375</ele>
        <time>2026-09-26T23:59:07.000Z</time>
        <extensions>
          <ns3:TrackPointExtension>
            <ns3:atemp>25.0</ns3:atemp>
            <ns3:hr>128</ns3:hr>
            <ns3:cad>86</ns3:cad>
          </ns3:TrackPointExtension>
        </extensions>
      </trkpt>
      <trkpt lat="39.89861941896378993988037109375" lon="116.3196481950581073760986328125">
        <ele>55.59999847412109375</ele>
        <time>2026-09-26T23:59:08.000Z</time>
        <extensions>
          <ns3:TrackPointExtension>
            <ns3:atemp>25.0</ns3:atemp>
            <ns3:hr>128</ns3:hr>
            <ns3:cad>87</ns3:cad>
          </ns3:TrackPointExtension>
        </extensions>
      </trkpt>
      <trkpt lat="39.8985988833010196685791015625" lon="116.31965196691453456878662109375">
        <ele>55.59999847412109375</ele>
        <time>2026-09-26T23:59:09.000Z</time>
        <extensions>
          <ns3:TrackPointExtension>
            <ns3:atemp>25.0</ns3:atemp>
            <ns3:hr>128</ns3:hr>
            <ns3:cad>87</ns3:cad>
          </ns3:TrackPointExtension>
        </extensions>
      </trkpt>
      <trkpt lat="39.89857281558215618133544921875" lon="116.319651715457439422607421875">
        <ele>55.40000152587890625</ele>
        <time>2026-09-26T23:59:10.000Z</time>
        <extensions>
          <ns3:TrackPointExtension>
            <ns3:atemp>25.0</ns3:atemp>
            <ns3:hr>128</ns3:hr>
            <ns3:cad>86</ns3:cad>
          </ns3:TrackPointExtension>
        </extensions>
      </trkpt>
      <trkpt lat="39.8985472507774829864501953125" lon="116.319649703800678253173828125">
        <ele>55.40000152587890625</ele>
        <time>2026-09-26T23:59:11.000Z</time>
        <extensions>
          <ns3:TrackPointExtension>
            <ns3:atemp>25.0</ns3:atemp>
            <ns3:hr>128</ns3:hr>
            <ns3:cad>86</ns3:cad>
          </ns3:TrackPointExtension>
        </extensions>
      </trkpt>
      <trkpt lat="39.89852118305861949920654296875" lon="116.31964643485844135284423828125">
        <ele>55.40000152587890625</ele>
        <time>2026-09-26T23:59:12.000Z</time>
        <extensions>
          <ns3:TrackPointExtension>
            <ns3:atemp>25.0</ns3:atemp>
            <ns3:hr>128</ns3:hr>
            <ns3:cad>87</ns3:cad>
          </ns3:TrackPointExtension>
        </extensions>
      </trkpt>
      <trkpt lat="39.89849369041621685028076171875" lon="116.31963771767914295196533203125">
        <ele>55.40000152587890625</ele>
        <time>2026-09-26T23:59:13.000Z</time>
        <extensions>
          <ns3:TrackPointExtension>
            <ns3:atemp>25.0</ns3:atemp>
            <ns3:hr>128</ns3:hr>
            <ns3:cad>87</ns3:cad>
          </ns3:TrackPointExtension>
        </extensions>
      </trkpt>
      <trkpt lat="39.89847374148666858673095703125" lon="116.319635622203350067138671875">
        <ele>55.40000152587890625</ele>
        <time>2026-09-26T23:59:14.000Z</time>
        <extensions>
          <ns3:TrackPointExtension>
            <ns3:atemp>25.0</ns3:atemp>
            <ns3:hr>128</ns3:hr>
            <ns3:cad>87</ns3:cad>
          </ns3:TrackPointExtension>
        </extensions>
      </trkpt>
      <trkpt lat="39.89844356663525104522705078125" lon="116.3196337781846523284912109375">
        <ele>55.40000152587890625</ele>
        <time>2026-09-26T23:59:15.000Z</time>
        <extensions>
          <ns3:TrackPointExtension>
            <ns3:atemp>25.0</ns3:atemp>
            <ns3:hr>127</ns3:hr>
            <ns3:cad>87</ns3:cad>
          </ns3:TrackPointExtension>
        </extensions>
      </trkpt>
      <trkpt lat="39.89842797629535198211669921875" lon="116.31962732411921024322509765625">
        <ele>55.40000152587890625</ele>
        <time>2026-09-26T23:59:16.000Z</time>
        <extensions>
          <ns3:TrackPointExtension>
            <ns3:atemp>25.0</ns3:atemp>
            <ns3:hr>127</ns3:hr>
            <ns3:cad>87</ns3:cad>
          </ns3:TrackPointExtension>
        </extensions>
      </trkpt>
      <trkpt lat="39.89841322414577007293701171875" lon="116.3196133263409137725830078125">
        <ele>55.40000152587890625</ele>
        <time>2026-09-26T23:59:17.000Z</time>
        <extensions>
          <ns3:TrackPointExtension>
            <ns3:atemp>25.0</ns3:atemp>
            <ns3:hr>127</ns3:hr>
            <ns3:cad>87</ns3:cad>
          </ns3:TrackPointExtension>
        </extensions>
      </trkpt>
      <trkpt lat="39.89839327521622180938720703125" lon="116.3195876777172088623046875">
        <ele>55.40000152587890625</ele>
        <time>2026-09-26T23:59:18.000Z</time>
        <extensions>
          <ns3:TrackPointExtension>
            <ns3:atemp>25.0</ns3:atemp>
            <ns3:hr>127</ns3:hr>
            <ns3:cad>87</ns3:cad>
          </ns3:TrackPointExtension>
        </extensions>
      </trkpt>
      <trkpt lat="39.89837475121021270751953125" lon="116.3195576705038547515869140625">
        <ele>55.59999847412109375</ele>
        <time>2026-09-26T23:59:19.000Z</time>
        <extensions>
          <ns3:TrackPointExtension>
            <ns3:atemp>25.0</ns3:atemp>
            <ns3:hr>127</ns3:hr>
            <ns3:cad>87</ns3:cad>
          </ns3:TrackPointExtension>
        </extensions>
      </trkpt>
      <trkpt lat="39.89836058579385280609130859375" lon="116.31952255032956600189208984375">
        <ele>55.59999847412109375</ele>
        <time>2026-09-26T23:59:20.000Z</time>
        <extensions>
          <ns3:TrackPointExtension>
            <ns3:atemp>25.0</ns3:atemp>
            <ns3:hr>126</ns3:hr>
            <ns3:cad>87</ns3:cad>
          </ns3:TrackPointExtension>
        </extensions>
      </trkpt>
      <trkpt lat="39.8983485996723175048828125" lon="116.3194865919649600982666015625">
        <ele>55.59999847412109375</ele>
        <time>2026-09-26T23:59:21.000Z</time>
        <extensions>
          <ns3:TrackPointExtension>
            <ns3:atemp>25.0</ns3:atemp>
            <ns3:hr>126</ns3:hr>
            <ns3:cad>87</ns3:cad>
          </ns3:TrackPointExtension>
        </extensions>
      </trkpt>
      <trkpt lat="39.89833912812173366546630859375" lon="116.31945700384676456451416015625">
        <ele>55.59999847412109375</ele>
        <time>2026-09-26T23:59:22.000Z</time>
        <extensions>
          <ns3:TrackPointExtension>
            <ns3:atemp>25.0</ns3:atemp>
            <ns3:hr>126</ns3:hr>
            <ns3:cad>87</ns3:cad>
          </ns3:TrackPointExtension>
        </extensions>
      </trkpt>
      <trkpt lat="39.8983298242092132568359375" lon="116.3194309361279010772705078125">
        <ele>55.59999847412109375</ele>
        <time>2026-09-26T23:59:23.000Z</time>
        <extensions>
          <ns3:TrackPointExtension>
            <ns3:atemp>25.0</ns3:atemp>
            <ns3:hr>125</ns3:hr>
            <ns3:cad>87</ns3:cad>
          </ns3:TrackPointExtension>
        </extensions>
      </trkpt>
      <trkpt lat="39.89832135848701000213623046875" lon="116.31940335966646671295166015625">
        <ele>55.59999847412109375</ele>
        <time>2026-09-26T23:59:24.000Z</time>
        <extensions>
          <ns3:TrackPointExtension>
            <ns3:atemp>25.0</ns3:atemp>
            <ns3:hr>126</ns3:hr>
            <ns3:cad>87</ns3:cad>
          </ns3:TrackPointExtension>
        </extensions>
      </trkpt>
      <trkpt lat="39.8983159102499485015869140625" lon="116.31937670521438121795654296875">
        <ele>55.59999847412109375</ele>
        <time>2026-09-26T23:59:25.000Z</time>
        <extensions>
          <ns3:TrackPointExtension>
            <ns3:atemp>25.0</ns3:atemp>
            <ns3:hr>126</ns3:hr>
            <ns3:cad>87</ns3:cad>
          </ns3:TrackPointExtension>
        </extensions>
      </trkpt>
      <trkpt lat="39.89830979146063327789306640625" lon="116.31935357116162776947021484375">
        <ele>55.59999847412109375</ele>
        <time>2026-09-26T23:59:26.000Z</time>
        <extensions>
          <ns3:TrackPointExtension>
            <ns3:atemp>25.0</ns3:atemp>
            <ns3:hr>125</ns3:hr>
            <ns3:cad>87</ns3:cad>
          </ns3:TrackPointExtension>
        </extensions>
      </trkpt>
      <trkpt lat="39.8983065225183963775634765625" lon="116.31933085620403289794921875">
        <ele>55.59999847412109375</ele>
        <time>2026-09-26T23:59:27.000Z</time>
        <extensions>
          <ns3:TrackPointExtension>
            <ns3:atemp>25.0</ns3:atemp>
            <ns3:hr>125</ns3:hr>
            <ns3:cad>87</ns3:cad>
          </ns3:TrackPointExtension>
        </extensions>
      </trkpt>
      <trkpt lat="39.89829017780721187591552734375" lon="116.319307386875152587890625">
        <ele>55.59999847412109375</ele>
        <time>2026-09-26T23:59:28.000Z</time>
        <extensions>
          <ns3:TrackPointExtension>
            <ns3:atemp>25.0</ns3:atemp>
            <ns3:hr>126</ns3:hr>
            <ns3:cad>87</ns3:cad>
          </ns3:TrackPointExtension>
        </extensions>
      </trkpt>
      <trkpt lat="39.898275844752788543701171875" lon="116.31928123533725738525390625">
        <ele>55.799999237060546875</ele>
        <time>2026-09-26T23:59:29.000Z</time>
        <extensions>
          <ns3:TrackPointExtension>
            <ns3:atemp>25.0</ns3:atemp>
            <ns3:hr>127</ns3:hr>
            <ns3:cad>87</ns3:cad>
          </ns3:TrackPointExtension>
        </extensions>
      </trkpt>
      <trkpt lat="39.89827550947666168212890625" lon="116.31925717927515506744384765625">
        <ele>55.799999237060546875</ele>
        <time>2026-09-26T23:59:30.000Z</time>
        <extensions>
          <ns3:TrackPointExtension>
            <ns3:atemp>25.0</ns3:atemp>
            <ns3:hr>127</ns3:hr>
            <ns3:cad>87</ns3:cad>
          </ns3:TrackPointExtension>
        </extensions>
      </trkpt>
      <trkpt lat="39.8982756771147251129150390625" lon="116.3192270882427692413330078125">
        <ele>55.799999237060546875</ele>
        <time>2026-09-26T23:59:31.000Z</time>
        <extensions>
          <ns3:TrackPointExtension>
            <ns3:atemp>25.0</ns3:atemp>
            <ns3:hr>128</ns3:hr>
            <ns3:cad>87</ns3:cad>
          </ns3:TrackPointExtension>
        </extensions>
      </trkpt>
      <trkpt lat="39.89827609620988368988037109375" lon="116.319197081029415130615234375">
        <ele>55.799999237060546875</ele>
        <time>2026-09-26T23:59:32.000Z</time>
        <extensions>
          <ns3:TrackPointExtension>
            <ns3:atemp>25.0</ns3:atemp>
            <ns3:hr>129</ns3:hr>
            <ns3:cad>87</ns3:cad>
          </ns3:TrackPointExtension>
        </extensions>
      </trkpt>
      <trkpt lat="39.89827408455312252044677734375" lon="116.31916380487382411956787109375">
        <ele>55.799999237060546875</ele>
        <time>2026-09-26T23:59:33.000Z</time>
        <extensions>
          <ns3:TrackPointExtension>
            <ns3:atemp>25.0</ns3:atemp>
            <ns3:hr>129</ns3:hr>
            <ns3:cad>87</ns3:cad>
          </ns3:TrackPointExtension>
        </extensions>
      </trkpt>
      <trkpt lat="39.89828095771372318267822265625" lon="116.31913497112691402435302734375">
        <ele>55.799999237060546875</ele>
        <time>2026-09-26T23:59:34.000Z</time>
        <extensions>
          <ns3:TrackPointExtension>
            <ns3:atemp>25.0</ns3:atemp>
            <ns3:hr>131</ns3:hr>
            <ns3:cad>87</ns3:cad>
          </ns3:TrackPointExtension>
        </extensions>
      </trkpt>
      <trkpt lat="39.8982854001224040985107421875" lon="116.319097839295864105224609375">
        <ele>55.799999237060546875</ele>
        <time>2026-09-26T23:59:35.000Z</time>
        <extensions>
          <ns3:TrackPointExtension>
            <ns3:atemp>25.0</ns3:atemp>
            <ns3:hr>131</ns3:hr>
            <ns3:cad>87</ns3:cad>
          </ns3:TrackPointExtension>
        </extensions>
      </trkpt>
      <trkpt lat="39.89829168654978275299072265625" lon="116.31905651651322841644287109375">
        <ele>56</ele>
        <time>2026-09-26T23:59:36.000Z</time>
        <extensions>
          <ns3:TrackPointExtension>
            <ns3:atemp>25.0</ns3:atemp>
            <ns3:hr>130</ns3:hr>
            <ns3:cad>87</ns3:cad>
          </ns3:TrackPointExtension>
        </extensions>
      </trkpt>
      <trkpt lat="39.898295290768146514892578125" lon="116.31902785040438175201416015625">
        <ele>56</ele>
        <time>2026-09-26T23:59:37.000Z</time>
        <extensions>
          <ns3:TrackPointExtension>
            <ns3:atemp>25.0</ns3:atemp>
            <ns3:hr>131</ns3:hr>
            <ns3:cad>87</ns3:cad>
          </ns3:TrackPointExtension>
        </extensions>
      </trkpt>
      <trkpt lat="39.89829353056848049163818359375" lon="116.319001279771327972412109375">
        <ele>56</ele>
        <time>2026-09-26T23:59:38.000Z</time>
        <extensions>
          <ns3:TrackPointExtension>
            <ns3:atemp>25.0</ns3:atemp>
            <ns3:hr>131</ns3:hr>
            <ns3:cad>87</ns3:cad>
          </ns3:TrackPointExtension>
        </extensions>
      </trkpt>
      <trkpt lat="39.89829403348267078399658203125" lon="116.31897739134728908538818359375">
        <ele>56</ele>
        <time>2026-09-26T23:59:39.000Z</time>
        <extensions>
          <ns3:TrackPointExtension>
            <ns3:atemp>25.0</ns3:atemp>
            <ns3:hr>131</ns3:hr>
            <ns3:cad>87</ns3:cad>
          </ns3:TrackPointExtension>
        </extensions>
      </trkpt>
      <trkpt lat="39.8982988111674785614013671875" lon="116.31895610131323337554931640625">
        <ele>56</ele>
        <time>2026-09-26T23:59:40.000Z</time>
        <extensions>
          <ns3:TrackPointExtension>
            <ns3:atemp>25.0</ns3:atemp>
            <ns3:hr>130</ns3:hr>
            <ns3:cad>87</ns3:cad>
          </ns3:TrackPointExtension>
        </extensions>
      </trkpt>
      <trkpt lat="39.89829738624393939971923828125" lon="116.31893254816532135009765625">
        <ele>56</ele>
        <time>2026-09-26T23:59:41.000Z</time>
        <extensions>
          <ns3:TrackPointExtension>
            <ns3:atemp>25.0</ns3:atemp>
            <ns3:hr>131</ns3:hr>
            <ns3:cad>87</ns3:cad>
          </ns3:TrackPointExtension>
        </extensions>
      </trkpt>
      <trkpt lat="39.898297302424907684326171875" lon="116.31890195421874523162841796875">
        <ele>56</ele>
        <time>2026-09-26T23:59:42.000Z</time>
        <extensions>
          <ns3:TrackPointExtension>
            <ns3:atemp>25.0</ns3:atemp>
            <ns3:hr>131</ns3:hr>
            <ns3:cad>87</ns3:cad>
          </ns3:TrackPointExtension>
        </extensions>
      </trkpt>
      <trkpt lat="39.89830124191939830780029296875" lon="116.31886943243443965911865234375">
        <ele>56</ele>
        <time>2026-09-26T23:59:43.000Z</time>
        <extensions>
          <ns3:TrackPointExtension>
            <ns3:atemp>25.0</ns3:atemp>
            <ns3:hr>132</ns3:hr>
            <ns3:cad>87</ns3:cad>
          </ns3:TrackPointExtension>
        </extensions>
      </trkpt>
      <trkpt lat="39.89829738624393939971923828125" lon="116.3188462145626544952392578125">
        <ele>56</ele>
        <time>2026-09-26T23:59:44.000Z</time>
        <extensions>
          <ns3:TrackPointExtension>
            <ns3:atemp>25.0</ns3:atemp>
            <ns3:hr>132</ns3:hr>
            <ns3:cad>88</ns3:cad>
          </ns3:TrackPointExtension>
        </extensions>
      </trkpt>
      <trkpt lat="39.89829453639686107635498046875" lon="116.3188187219202518463134765625">
        <ele>56</ele>
        <time>2026-09-26T23:59:45.000Z</time>
        <extensions>
          <ns3:TrackPointExtension>
            <ns3:atemp>25.0</ns3:atemp>
            <ns3:hr>132</ns3:hr>
            <ns3:cad>88</ns3:cad>
          </ns3:TrackPointExtension>
        </extensions>
      </trkpt>
      <trkpt lat="39.89828615449368953704833984375" lon="116.3187945820391178131103515625">
        <ele>56</ele>
        <time>2026-09-26T23:59:46.000Z</time>
        <extensions>
          <ns3:TrackPointExtension>
            <ns3:atemp>25.0</ns3:atemp>
            <ns3:hr>131</ns3:hr>
            <ns3:cad>88</ns3:cad>
          </ns3:TrackPointExtension>
        </extensions>
      </trkpt>
      <trkpt lat="39.898277856409549713134765625" lon="116.31876884959638118743896484375">
        <ele>56</ele>
        <time>2026-09-26T23:59:47.000Z</time>
        <extensions>
          <ns3:TrackPointExtension>
            <ns3:atemp>25.0</ns3:atemp>
            <ns3:hr>131</ns3:hr>
            <ns3:cad>88</ns3:cad>
          </ns3:TrackPointExtension>
        </extensions>
      </trkpt>
      <trkpt lat="39.89827224053442478179931640625" lon="116.31874839775264263153076171875">
        <ele>56</ele>
        <time>2026-09-26T23:59:48.000Z</time>
        <extensions>
          <ns3:TrackPointExtension>
            <ns3:atemp>25.0</ns3:atemp>
            <ns3:hr>130</ns3:hr>
            <ns3:cad>88</ns3:cad>
          </ns3:TrackPointExtension>
        </extensions>
      </trkpt>
      <trkpt lat="39.8982756771147251129150390625" lon="116.31872140802443027496337890625">
        <ele>56</ele>
        <time>2026-09-26T23:59:49.000Z</time>
        <extensions>
          <ns3:TrackPointExtension>
            <ns3:atemp>25.0</ns3:atemp>
            <ns3:hr>130</ns3:hr>
            <ns3:cad>88</ns3:cad>
          </ns3:TrackPointExtension>
        </extensions>
      </trkpt>
      <trkpt lat="39.89827274344861507415771484375" lon="116.3186929933726787567138671875">
        <ele>56</ele>
        <time>2026-09-26T23:59:50.000Z</time>
        <extensions>
          <ns3:TrackPointExtension>
            <ns3:atemp>25.0</ns3:atemp>
            <ns3:hr>129</ns3:hr>
            <ns3:cad>88</ns3:cad>
          </ns3:TrackPointExtension>
        </extensions>
      </trkpt>
      <trkpt lat="39.8982693068683147430419921875" lon="116.318664662539958953857421875">
        <ele>56</ele>
        <time>2026-09-26T23:59:51.000Z</time>
        <extensions>
          <ns3:TrackPointExtension>
            <ns3:atemp>25.0</ns3:atemp>
            <ns3:hr>128</ns3:hr>
            <ns3:cad>89</ns3:cad>
          </ns3:TrackPointExtension>
        </extensions>
      </trkpt>
      <trkpt lat="39.89827257581055164337158203125" lon="116.31863373331725597381591796875">
        <ele>56</ele>
        <time>2026-09-26T23:59:52.000Z</time>
        <extensions>
          <ns3:TrackPointExtension>
            <ns3:atemp>25.0</ns3:atemp>
            <ns3:hr>128</ns3:hr>
            <ns3:cad>89</ns3:cad>
          </ns3:TrackPointExtension>
        </extensions>
      </trkpt>
      <trkpt lat="39.89827492274343967437744140625" lon="116.31859601475298404693603515625">
        <ele>56</ele>
        <time>2026-09-26T23:59:53.000Z</time>
        <extensions>
          <ns3:TrackPointExtension>
            <ns3:atemp>25.0</ns3:atemp>
            <ns3:hr>127</ns3:hr>
            <ns3:cad>89</ns3:cad>
          </ns3:TrackPointExtension>
        </extensions>
      </trkpt>
      <trkpt lat="39.89828263409435749053955078125" lon="116.31856801919639110565185546875">
        <ele>56</ele>
        <time>2026-09-26T23:59:54.000Z</time>
        <extensions>
          <ns3:TrackPointExtension>
            <ns3:atemp>25.0</ns3:atemp>
            <ns3:hr>128</ns3:hr>
            <ns3:cad>89</ns3:cad>
          </ns3:TrackPointExtension>
        </extensions>
      </trkpt>
      <trkpt lat="39.89829470403492450714111328125" lon="116.31854572333395481109619140625">
        <ele>56</ele>
        <time>2026-09-26T23:59:55.000Z</time>
        <extensions>
          <ns3:TrackPointExtension>
            <ns3:atemp>25.0</ns3:atemp>
            <ns3:hr>128</ns3:hr>
            <ns3:cad>88</ns3:cad>
          </ns3:TrackPointExtension>
        </extensions>
      </trkpt>
      <trkpt lat="39.898297972977161407470703125" lon="116.31852795369923114776611328125">
        <ele>56</ele>
        <time>2026-09-26T23:59:56.000Z</time>
        <extensions>
          <ns3:TrackPointExtension>
            <ns3:atemp>25.0</ns3:atemp>
            <ns3:hr>128</ns3:hr>
            <ns3:cad>88</ns3:cad>
          </ns3:TrackPointExtension>
        </extensions>
      </trkpt>
      <trkpt lat="39.898302666842937469482421875" lon="116.31851521320641040802001953125">
        <ele>56</ele>
        <time>2026-09-26T23:59:57.000Z</time>
        <extensions>
          <ns3:TrackPointExtension>
            <ns3:atemp>25.0</ns3:atemp>
            <ns3:hr>128</ns3:hr>
            <ns3:cad>88</ns3:cad>
          </ns3:TrackPointExtension>
        </extensions>
      </trkpt>
      <trkpt lat="39.89828866906464099884033203125" lon="116.31849761120975017547607421875">
        <ele>56</ele>
        <time>2026-09-26T23:59:58.000Z</time>
        <extensions>
          <ns3:TrackPointExtension>
            <ns3:atemp>25.0</ns3:atemp>
            <ns3:hr>128</ns3:hr>
            <ns3:cad>88</ns3:cad>
          </ns3:TrackPointExtension>
        </extensions>
      </trkpt>
      <trkpt lat="39.89826972596347332000732421875" lon="116.31847933866083621978759765625">
        <ele>56</ele>
        <time>2026-09-26T23:59:59.000Z</time>
        <extensions>
          <ns3:TrackPointExtension>
            <ns3:atemp>25.0</ns3:atemp>
            <ns3:hr>128</ns3:hr>
            <ns3:cad>88</ns3:cad>
          </ns3:TrackPointExtension>
        </extensions>
      </trkpt>
      <trkpt lat="39.89826335571706295013427734375" lon="116.31846450269222259521484375">
        <ele>56</ele>
        <time>2026-09-27T00:00:00.000Z</time>
        <extensions>
          <ns3:TrackPointExtension>
            <ns3:atemp>25.0</ns3:atemp>
            <ns3:hr>128</ns3:hr>
            <ns3:cad>88</ns3:cad>
          </ns3:TrackPointExtension>
        </extensions>
      </trkpt>
      <trkpt lat="39.89825849421322345733642578125" lon="116.3184412010014057159423828125">
        <ele>56</ele>
        <time>2026-09-27T00:00:01.000Z</time>
        <extensions>
          <ns3:TrackPointExtension>
            <ns3:atemp>25.0</ns3:atemp>
            <ns3:hr>128</ns3:hr>
            <ns3:cad>88</ns3:cad>
          </ns3:TrackPointExtension>
        </extensions>
      </trkpt>
      <trkpt lat="39.8982654511928558349609375" lon="116.31840842776000499725341796875">
        <ele>56</ele>
        <time>2026-09-27T00:00:02.000Z</time>
        <extensions>
          <ns3:TrackPointExtension>
            <ns3:atemp>25.0</ns3:atemp>
            <ns3:hr>128</ns3:hr>
            <ns3:cad>88</ns3:cad>
          </ns3:TrackPointExtension>
        </extensions>
      </trkpt>
      <trkpt lat="39.89827106706798076629638671875" lon="116.31837707944214344024658203125">
        <ele>56</ele>
        <time>2026-09-27T00:00:03.000Z</time>
        <extensions>
          <ns3:TrackPointExtension>
            <ns3:atemp>25.0</ns3:atemp>
            <ns3:hr>128</ns3:hr>
            <ns3:cad>88</ns3:cad>
          </ns3:TrackPointExtension>
        </extensions>
      </trkpt>
      <trkpt lat="39.8982708156108856201171875" lon="116.31834606640040874481201171875">
        <ele>56</ele>
        <time>2026-09-27T00:00:04.000Z</time>
        <extensions>
          <ns3:TrackPointExtension>
            <ns3:atemp>25.0</ns3:atemp>
            <ns3:hr>128</ns3:hr>
            <ns3:cad>88</ns3:cad>
          </ns3:TrackPointExtension>
        </extensions>
      </trkpt>
      <trkpt lat="39.89826587028801441192626953125" lon="116.31832041777670383453369140625">
        <ele>55.799999237060546875</ele>
        <time>2026-09-27T00:00:05.000Z</time>
        <extensions>
          <ns3:TrackPointExtension>
            <ns3:atemp>25.0</ns3:atemp>
            <ns3:hr>128</ns3:hr>
            <ns3:cad>88</ns3:cad>
          </ns3:TrackPointExtension>
        </extensions>
      </trkpt>
      <trkpt lat="39.898263104259967803955078125" lon="116.3182940147817134857177734375">
        <ele>55.799999237060546875</ele>
        <time>2026-09-27T00:00:06.000Z</time>
        <extensions>
          <ns3:TrackPointExtension>
            <ns3:atemp>25.0</ns3:atemp>
            <ns3:hr>128</ns3:hr>
            <ns3:cad>86</ns3:cad>
          </ns3:TrackPointExtension>
        </extensions>
      </trkpt>
      <trkpt lat="39.89826209843158721923828125" lon="116.31826710887253284454345703125">
        <ele>55.799999237060546875</ele>
        <time>2026-09-27T00:00:07.000Z</time>
        <extensions>
          <ns3:TrackPointExtension>
            <ns3:atemp>25.0</ns3:atemp>
            <ns3:hr>128</ns3:hr>
            <ns3:cad>86</ns3:cad>
          </ns3:TrackPointExtension>
        </extensions>
      </trkpt>
      <trkpt lat="39.89826746284961700439453125" lon="116.31823944859206676483154296875">
        <ele>55.799999237060546875</ele>
        <time>2026-09-27T00:00:08.000Z</time>
        <extensions>
          <ns3:TrackPointExtension>
            <ns3:atemp>25.0</ns3:atemp>
            <ns3:hr>129</ns3:hr>
            <ns3:cad>87</ns3:cad>
          </ns3:TrackPointExtension>
        </extensions>
      </trkpt>
      <trkpt lat="39.89827542565762996673583984375" lon="116.318212039768695831298828125">
        <ele>55.799999237060546875</ele>
        <time>2026-09-27T00:00:09.000Z</time>
        <extensions>
          <ns3:TrackPointExtension>
            <ns3:atemp>25.0</ns3:atemp>
            <ns3:hr>129</ns3:hr>
            <ns3:cad>87</ns3:cad>
          </ns3:TrackPointExtension>
        </extensions>
      </trkpt>
      <trkpt lat="39.89828498102724552154541015625" lon="116.31818546913564205169677734375">
        <ele>55.799999237060546875</ele>
        <time>2026-09-27T00:00:10.000Z</time>
        <extensions>
          <ns3:TrackPointExtension>
            <ns3:atemp>25.0</ns3:atemp>
            <ns3:hr>129</ns3:hr>
            <ns3:cad>87</ns3:cad>
          </ns3:TrackPointExtension>
        </extensions>
      </trkpt>
      <trkpt lat="39.89827693440020084381103515625" lon="116.31815680302679538726806640625">
        <ele>55.799999237060546875</ele>
        <time>2026-09-27T00:00:11.000Z</time>
        <extensions>
          <ns3:TrackPointExtension>
            <ns3:atemp>25.0</ns3:atemp>
            <ns3:hr>129</ns3:hr>
            <ns3:cad>87</ns3:cad>
          </ns3:TrackPointExtension>
        </extensions>
      </trkpt>
      <trkpt lat="39.898269809782505035400390625" lon="116.31812981329858303070068359375">
        <ele>55.59999847412109375</ele>
        <time>2026-09-27T00:00:12.000Z</time>
        <extensions>
          <ns3:TrackPointExtension>
            <ns3:atemp>25.0</ns3:atemp>
            <ns3:hr>129</ns3:hr>
            <ns3:cad>87</ns3:cad>
          </ns3:TrackPointExtension>
        </extensions>
      </trkpt>
      <trkpt lat="39.898267798125743865966796875" lon="116.318098716437816619873046875">
        <ele>55.59999847412109375</ele>
        <time>2026-09-27T00:00:13.000Z</time>
        <extensions>
          <ns3:TrackPointExtension>
            <ns3:atemp>25.0</ns3:atemp>
            <ns3:hr>128</ns3:hr>
            <ns3:cad>87</ns3:cad>
          </ns3:TrackPointExtension>
        </extensions>
      </trkpt>
      <trkpt lat="39.89827073179185390472412109375" lon="116.3180677033960819244384765625">
        <ele>55.59999847412109375</ele>
        <time>2026-09-27T00:00:14.000Z</time>
        <extensions>
          <ns3:TrackPointExtension>
            <ns3:atemp>25.0</ns3:atemp>
            <ns3:hr>128</ns3:hr>
            <ns3:cad>87</ns3:cad>
          </ns3:TrackPointExtension>
        </extensions>
      </trkpt>
      <trkpt lat="39.89827710203826427459716796875" lon="116.31803275085985660552978515625">
        <ele>55.59999847412109375</ele>
        <time>2026-09-27T00:00:15.000Z</time>
        <extensions>
          <ns3:TrackPointExtension>
            <ns3:atemp>25.0</ns3:atemp>
            <ns3:hr>128</ns3:hr>
            <ns3:cad>86</ns3:cad>
          </ns3:TrackPointExtension>
        </extensions>
      </trkpt>
      <trkpt lat="39.8982773534953594207763671875" lon="116.31799117662012577056884765625">
        <ele>55.59999847412109375</ele>
        <time>2026-09-27T00:00:16.000Z</time>
        <extensions>
          <ns3:TrackPointExtension>
            <ns3:atemp>25.0</ns3:atemp>
            <ns3:hr>128</ns3:hr>
            <ns3:cad>86</ns3:cad>
          </ns3:TrackPointExtension>
        </extensions>
      </trkpt>
      <trkpt lat="39.89828246645629405975341796875" lon="116.31795915775001049041748046875">
        <ele>55.59999847412109375</ele>
        <time>2026-09-27T00:00:17.000Z</time>
        <extensions>
          <ns3:TrackPointExtension>
            <ns3:atemp>25.0</ns3:atemp>
            <ns3:hr>128</ns3:hr>
            <ns3:cad>87</ns3:cad>
          </ns3:TrackPointExtension>
        </extensions>
      </trkpt>
      <trkpt lat="39.89828431047499179840087890625" lon="116.31793535314500331878662109375">
        <ele>55.59999847412109375</ele>
        <time>2026-09-27T00:00:18.000Z</time>
        <extensions>
          <ns3:TrackPointExtension>
            <ns3:atemp>25.0</ns3:atemp>
            <ns3:hr>127</ns3:hr>
            <ns3:cad>87</ns3:cad>
          </ns3:TrackPointExtension>
        </extensions>
      </trkpt>
      <trkpt lat="39.898286573588848114013671875" lon="116.31791071034967899322509765625">
        <ele>55.59999847412109375</ele>
        <time>2026-09-27T00:00:19.000Z</time>
        <extensions>
          <ns3:TrackPointExtension>
            <ns3:atemp>25.0</ns3:atemp>
            <ns3:hr>127</ns3:hr>
            <ns3:cad>87</ns3:cad>
          </ns3:TrackPointExtension>
        </extensions>
      </trkpt>
      <trkpt lat="39.8982974700629711151123046875" lon="116.31788237951695919036865234375">
        <ele>55.59999847412109375</ele>
        <time>2026-09-27T00:00:20.000Z</time>
        <extensions>
          <ns3:TrackPointExtension>
            <ns3:atemp>25.0</ns3:atemp>
            <ns3:hr>127</ns3:hr>
            <ns3:cad>87</ns3:cad>
          </ns3:TrackPointExtension>
        </extensions>
      </trkpt>
      <trkpt lat="39.89830191247165203094482421875" lon="116.3178591616451740264892578125">
        <ele>55.59999847412109375</ele>
        <time>2026-09-27T00:00:21.000Z</time>
        <extensions>
          <ns3:TrackPointExtension>
            <ns3:atemp>25.0</ns3:atemp>
            <ns3:hr>126</ns3:hr>
            <ns3:cad>87</ns3:cad>
          </ns3:TrackPointExtension>
        </extensions>
      </trkpt>
      <trkpt lat="39.89830861799418926239013671875" lon="116.3178393803536891937255859375">
        <ele>55.59999847412109375</ele>
        <time>2026-09-27T00:00:22.000Z</time>
        <extensions>
          <ns3:TrackPointExtension>
            <ns3:atemp>25.0</ns3:atemp>
            <ns3:hr>126</ns3:hr>
            <ns3:cad>87</ns3:cad>
          </ns3:TrackPointExtension>
        </extensions>
      </trkpt>
      <trkpt lat="39.89831171929836273193359375" lon="116.3178185932338237762451171875">
        <ele>55.40000152587890625</ele>
        <time>2026-09-27T00:00:23.000Z</time>
        <extensions>
          <ns3:TrackPointExtension>
            <ns3:atemp>25.0</ns3:atemp>
            <ns3:hr>126</ns3:hr>
            <ns3:cad>87</ns3:cad>
          </ns3:TrackPointExtension>
        </extensions>
      </trkpt>
      <trkpt lat="39.8983152396976947784423828125" lon="116.317796297371387481689453125">
        <ele>55.40000152587890625</ele>
        <time>2026-09-27T00:00:24.000Z</time>
        <extensions>
          <ns3:TrackPointExtension>
            <ns3:atemp>25.0</ns3:atemp>
            <ns3:hr>126</ns3:hr>
            <ns3:cad>87</ns3:cad>
          </ns3:TrackPointExtension>
        </extensions>
      </trkpt>
      <trkpt lat="39.89831666462123394012451171875" lon="116.31777240894734859466552734375">
        <ele>55.40000152587890625</ele>
        <time>2026-09-27T00:00:25.000Z</time>
        <extensions>
          <ns3:TrackPointExtension>
            <ns3:atemp>25.0</ns3:atemp>
            <ns3:hr>126</ns3:hr>
            <ns3:cad>87</ns3:cad>
          </ns3:TrackPointExtension>
        </extensions>
      </trkpt>
      <trkpt lat="39.89832169376313686370849609375" lon="116.3177518732845783233642578125">
        <ele>55.40000152587890625</ele>
        <time>2026-09-27T00:00:26.000Z</time>
        <extensions>
          <ns3:TrackPointExtension>
            <ns3:atemp>25.0</ns3:atemp>
            <ns3:hr>126</ns3:hr>
            <ns3:cad>87</ns3:cad>
          </ns3:TrackPointExtension>
        </extensions>
      </trkpt>
      <trkpt lat="39.89831984974443912506103515625" lon="116.31773033179342746734619140625">
        <ele>55.40000152587890625</ele>
        <time>2026-09-27T00:00:27.000Z</time>
        <extensions>
          <ns3:TrackPointExtension>
            <ns3:atemp>25.0</ns3:atemp>
            <ns3:hr>126</ns3:hr>
            <ns3:cad>87</ns3:cad>
          </ns3:TrackPointExtension>
        </extensions>
      </trkpt>
      <trkpt lat="39.8983336798846721649169921875" lon="116.31769982166588306427001953125">
        <ele>55.40000152587890625</ele>
        <time>2026-09-27T00:00:28.000Z</time>
        <extensions>
          <ns3:TrackPointExtension>
            <ns3:atemp>25.0</ns3:atemp>
            <ns3:hr>126</ns3:hr>
            <ns3:cad>87</ns3:cad>
          </ns3:TrackPointExtension>
        </extensions>
      </trkpt>
      <trkpt lat="39.89835237152874469757080078125" lon="116.317662186920642852783203125">
        <ele>55.40000152587890625</ele>
        <time>2026-09-27T00:00:29.000Z</time>
        <extensions>
          <ns3:TrackPointExtension>
            <ns3:atemp>25.0</ns3:atemp>
            <ns3:hr>126</ns3:hr>
            <ns3:cad>87</ns3:cad>
          </ns3:TrackPointExtension>
        </extensions>
      </trkpt>
      <trkpt lat="39.8983749188482761383056640625" lon="116.31762186996638774871826171875">
        <ele>55.200000762939453125</ele>
        <time>2026-09-27T00:00:30.000Z</time>
        <extensions>
          <ns3:TrackPointExtension>
            <ns3:atemp>25.0</ns3:atemp>
            <ns3:hr>126</ns3:hr>
            <ns3:cad>87</ns3:cad>
          </ns3:TrackPointExtension>
        </extensions>
      </trkpt>
      <trkpt lat="39.89838539622724056243896484375" lon="116.31760619580745697021484375">
        <ele>55.200000762939453125</ele>
        <time>2026-09-27T00:00:31.000Z</time>
        <extensions>
          <ns3:TrackPointExtension>
            <ns3:atemp>25.0</ns3:atemp>
            <ns3:hr>126</ns3:hr>
            <ns3:cad>87</ns3:cad>
          </ns3:TrackPointExtension>
        </extensions>
      </trkpt>
      <trkpt lat="39.89839620888233184814453125" lon="116.31758742034435272216796875">
        <ele>55.200000762939453125</ele>
        <time>2026-09-27T00:00:32.000Z</time>
        <extensions>
          <ns3:TrackPointExtension>
            <ns3:atemp>25.0</ns3:atemp>
            <ns3:hr>125</ns3:hr>
            <ns3:cad>87</ns3:cad>
          </ns3:TrackPointExtension>
        </extensions>
      </trkpt>
      <trkpt lat="39.8984087817370891571044921875" lon="116.31756956689059734344482421875">
        <ele>55.200000762939453125</ele>
        <time>2026-09-27T00:00:33.000Z</time>
        <extensions>
          <ns3:TrackPointExtension>
            <ns3:atemp>25.0</ns3:atemp>
            <ns3:hr>125</ns3:hr>
            <ns3:cad>87</ns3:cad>
          </ns3:TrackPointExtension>
        </extensions>
      </trkpt>
      <trkpt lat="39.89841900765895843505859375" lon="116.31754450500011444091796875">
        <ele>55.200000762939453125</ele>
        <time>2026-09-27T00:00:34.000Z</time>
        <extensions>
          <ns3:TrackPointExtension>
            <ns3:atemp>25.0</ns3:atemp>
            <ns3:hr>125</ns3:hr>
            <ns3:cad>87</ns3:cad>
          </ns3:TrackPointExtension>
        </extensions>
      </trkpt>
      <trkpt lat="39.89843602292239665985107421875" lon="116.31753117777407169342041015625">
        <ele>55</ele>
        <time>2026-09-27T00:00:35.000Z</time>
        <extensions>
          <ns3:TrackPointExtension>
            <ns3:atemp>25.0</ns3:atemp>
            <ns3:hr>125</ns3:hr>
            <ns3:cad>87</ns3:cad>
          </ns3:TrackPointExtension>
        </extensions>
      </trkpt>
      <trkpt lat="39.89845463074743747711181640625" lon="116.31751994602382183074951171875">
        <ele>55</ele>
        <time>2026-09-27T00:00:36.000Z</time>
        <extensions>
          <ns3:TrackPointExtension>
            <ns3:atemp>25.0</ns3:atemp>
            <ns3:hr>125</ns3:hr>
            <ns3:cad>87</ns3:cad>
          </ns3:TrackPointExtension>
        </extensions>
      </trkpt>
      <trkpt lat="39.89847265183925628662109375" lon="116.317512989044189453125">
        <ele>55</ele>
        <time>2026-09-27T00:00:37.000Z</time>
        <extensions>
          <ns3:TrackPointExtension>
            <ns3:atemp>25.0</ns3:atemp>
            <ns3:hr>125</ns3:hr>
            <ns3:cad>87</ns3:cad>
          </ns3:TrackPointExtension>
        </extensions>
      </trkpt>
      <trkpt lat="39.89849067293107509613037109375" lon="116.3174982368946075439453125">
        <ele>55</ele>
        <time>2026-09-27T00:00:38.000Z</time>
        <extensions>
          <ns3:TrackPointExtension>
            <ns3:atemp>25.0</ns3:atemp>
            <ns3:hr>125</ns3:hr>
            <ns3:cad>87</ns3:cad>
          </ns3:TrackPointExtension>
        </extensions>
      </trkpt>
      <trkpt lat="39.89851363934576511383056640625" lon="116.31748725660145282745361328125">
        <ele>55.200000762939453125</ele>
        <time>2026-09-27T00:00:39.000Z</time>
        <extensions>
          <ns3:TrackPointExtension>
            <ns3:atemp>25.0</ns3:atemp>
            <ns3:hr>125</ns3:hr>
            <ns3:cad>88</ns3:cad>
          </ns3:TrackPointExtension>
        </extensions>
      </trkpt>
      <trkpt lat="39.8985378630459308624267578125" lon="116.31747552193701267242431640625">
        <ele>55.200000762939453125</ele>
        <time>2026-09-27T00:00:40.000Z</time>
        <extensions>
          <ns3:TrackPointExtension>
            <ns3:atemp>25.0</ns3:atemp>
            <ns3:hr>125</ns3:hr>
            <ns3:cad>88</ns3:cad>
          </ns3:TrackPointExtension>
        </extensions>
      </trkpt>
      <trkpt lat="39.89856719970703125" lon="116.31746831350028514862060546875">
        <ele>55.200000762939453125</ele>
        <time>2026-09-27T00:00:41.000Z</time>
        <extensions>
          <ns3:TrackPointExtension>
            <ns3:atemp>25.0</ns3:atemp>
            <ns3:hr>125</ns3:hr>
            <ns3:cad>88</ns3:cad>
          </ns3:TrackPointExtension>
        </extensions>
      </trkpt>
      <trkpt lat="39.8985921777784824371337890625" lon="116.31746144033968448638916015625">
        <ele>55.200000762939453125</ele>
        <time>2026-09-27T00:00:42.000Z</time>
        <extensions>
          <ns3:TrackPointExtension>
            <ns3:atemp>25.0</ns3:atemp>
            <ns3:hr>126</ns3:hr>
            <ns3:cad>88</ns3:cad>
          </ns3:TrackPointExtension>
        </extensions>
      </trkpt>
      <trkpt lat="39.89861623384058475494384765625" lon="116.3174581713974475860595703125">
        <ele>55.200000762939453125</ele>
        <time>2026-09-27T00:00:43.000Z</time>
        <extensions>
          <ns3:TrackPointExtension>
            <ns3:atemp>25.0</ns3:atemp>
            <ns3:hr>126</ns3:hr>
            <ns3:cad>88</ns3:cad>
          </ns3:TrackPointExtension>
        </extensions>
      </trkpt>
      <trkpt lat="39.89864163100719451904296875" lon="116.31745222024619579315185546875">
        <ele>55.200000762939453125</ele>
        <time>2026-09-27T00:00:44.000Z</time>
        <extensions>
          <ns3:TrackPointExtension>
            <ns3:atemp>25.0</ns3:atemp>
            <ns3:hr>127</ns3:hr>
            <ns3:cad>87</ns3:cad>
          </ns3:TrackPointExtension>
        </extensions>
      </trkpt>
      <trkpt lat="39.8986649326980113983154296875" lon="116.31744584999978542327880859375">
        <ele>55.200000762939453125</ele>
        <time>2026-09-27T00:00:45.000Z</time>
        <extensions>
          <ns3:TrackPointExtension>
            <ns3:atemp>25.0</ns3:atemp>
            <ns3:hr>127</ns3:hr>
            <ns3:cad>87</ns3:cad>
          </ns3:TrackPointExtension>
        </extensions>
      </trkpt>
      <trkpt lat="39.89869116805493831634521484375" lon="116.317434869706630706787109375">
        <ele>55</ele>
        <time>2026-09-27T00:00:46.000Z</time>
        <extensions>
          <ns3:TrackPointExtension>
            <ns3:atemp>25.0</ns3:atemp>
            <ns3:hr>127</ns3:hr>
            <ns3:cad>87</ns3:cad>
          </ns3:TrackPointExtension>
        </extensions>
      </trkpt>
      <trkpt lat="39.8987118713557720184326171875" lon="116.31742858327925205230712890625">
        <ele>55</ele>
        <time>2026-09-27T00:00:47.000Z</time>
        <extensions>
          <ns3:TrackPointExtension>
            <ns3:atemp>25.0</ns3:atemp>
            <ns3:hr>128</ns3:hr>
            <ns3:cad>87</ns3:cad>
          </ns3:TrackPointExtension>
        </extensions>
      </trkpt>
      <trkpt lat="39.89873358048498630523681640625" lon="116.3174209557473659515380859375">
        <ele>55</ele>
        <time>2026-09-27T00:00:48.000Z</time>
        <extensions>
          <ns3:TrackPointExtension>
            <ns3:atemp>25.0</ns3:atemp>
            <ns3:hr>129</ns3:hr>
            <ns3:cad>87</ns3:cad>
          </ns3:TrackPointExtension>
        </extensions>
      </trkpt>
      <trkpt lat="39.89875906147062778472900390625" lon="116.317413412034511566162109375">
        <ele>55.200000762939453125</ele>
        <time>2026-09-27T00:00:49.000Z</time>
        <extensions>
          <ns3:TrackPointExtension>
            <ns3:atemp>25.0</ns3:atemp>
            <ns3:hr>129</ns3:hr>
            <ns3:cad>87</ns3:cad>
          </ns3:TrackPointExtension>
        </extensions>
      </trkpt>
      <trkpt lat="39.8987879790365695953369140625" lon="116.3174088858067989349365234375">
        <ele>55.200000762939453125</ele>
        <time>2026-09-27T00:00:50.000Z</time>
        <extensions>
          <ns3:TrackPointExtension>
            <ns3:atemp>25.0</ns3:atemp>
            <ns3:hr>129</ns3:hr>
            <ns3:cad>87</ns3:cad>
          </ns3:TrackPointExtension>
        </extensions>
      </trkpt>
      <trkpt lat="39.8988201655447483062744140625" lon="116.31740746088325977325439453125">
        <ele>55.200000762939453125</ele>
        <time>2026-09-27T00:00:51.000Z</time>
        <extensions>
          <ns3:TrackPointExtension>
            <ns3:atemp>25.0</ns3:atemp>
            <ns3:hr>128</ns3:hr>
            <ns3:cad>87</ns3:cad>
          </ns3:TrackPointExtension>
        </extensions>
      </trkpt>
      <trkpt lat="39.898852519690990447998046875" lon="116.31741886027157306671142578125">
        <ele>55.40000152587890625</ele>
        <time>2026-09-27T00:00:52.000Z</time>
        <extensions>
          <ns3:TrackPointExtension>
            <ns3:atemp>25.0</ns3:atemp>
            <ns3:hr>128</ns3:hr>
            <ns3:cad>87</ns3:cad>
          </ns3:TrackPointExtension>
        </extensions>
      </trkpt>
      <trkpt lat="39.89888546057045459747314453125" lon="116.31744869984686374664306640625">
        <ele>55.40000152587890625</ele>
        <time>2026-09-27T00:00:53.000Z</time>
        <extensions>
          <ns3:TrackPointExtension>
            <ns3:atemp>25.0</ns3:atemp>
            <ns3:hr>128</ns3:hr>
            <ns3:cad>87</ns3:cad>
          </ns3:TrackPointExtension>
        </extensions>
      </trkpt>
      <trkpt lat="39.89889032207429409027099609375" lon="116.31745624355971813201904296875">
        <ele>55.40000152587890625</ele>
        <time>2026-09-27T00:00:54.000Z</time>
        <extensions>
          <ns3:TrackPointExtension>
            <ns3:atemp>25.0</ns3:atemp>
            <ns3:hr>128</ns3:hr>
            <ns3:cad>87</ns3:cad>
          </ns3:TrackPointExtension>
        </extensions>
      </trkpt>
      <trkpt lat="39.89888948388397693634033203125" lon="116.3174544833600521087646484375">
        <ele>55.40000152587890625</ele>
        <time>2026-09-27T00:00:55.000Z</time>
        <extensions>
          <ns3:TrackPointExtension>
            <ns3:atemp>25.0</ns3:atemp>
            <ns3:hr>128</ns3:hr>
            <ns3:cad>87</ns3:cad>
          </ns3:TrackPointExtension>
        </extensions>
      </trkpt>
      <trkpt lat="39.898905493319034576416015625" lon="116.3174580037593841552734375">
        <ele>55.40000152587890625</ele>
        <time>2026-09-27T00:00:56.000Z</time>
        <extensions>
          <ns3:TrackPointExtension>
            <ns3:atemp>25.0</ns3:atemp>
            <ns3:hr>128</ns3:hr>
            <ns3:cad>87</ns3:cad>
          </ns3:TrackPointExtension>
        </extensions>
      </trkpt>
      <trkpt lat="39.8989321477711200714111328125" lon="116.31746429018676280975341796875">
        <ele>55.59999847412109375</ele>
        <time>2026-09-27T00:00:57.000Z</time>
        <extensions>
          <ns3:TrackPointExtension>
            <ns3:atemp>25.0</ns3:atemp>
            <ns3:hr>128</ns3:hr>
            <ns3:cad>87</ns3:cad>
          </ns3:TrackPointExtension>
        </extensions>
      </trkpt>
      <trkpt lat="39.89895218051970005035400390625" lon="116.3174551539123058319091796875">
        <ele>55.59999847412109375</ele>
        <time>2026-09-27T00:00:58.000Z</time>
        <extensions>
          <ns3:TrackPointExtension>
            <ns3:atemp>25.0</ns3:atemp>
            <ns3:hr>129</ns3:hr>
            <ns3:cad>87</ns3:cad>
          </ns3:TrackPointExtension>
        </extensions>
      </trkpt>
      <trkpt lat="39.8989641666412353515625" lon="116.3174444250762462615966796875">
        <ele>55.799999237060546875</ele>
        <time>2026-09-27T00:00:59.000Z</time>
        <extensions>
          <ns3:TrackPointExtension>
            <ns3:atemp>25.0</ns3:atemp>
            <ns3:hr>129</ns3:hr>
            <ns3:cad>87</ns3:cad>
          </ns3:TrackPointExtension>
        </extensions>
      </trkpt>
      <trkpt lat="39.8989817686378955841064453125" lon="116.31743931211531162261962890625">
        <ele>55.799999237060546875</ele>
        <time>2026-09-27T00:01:00.000Z</time>
        <extensions>
          <ns3:TrackPointExtension>
            <ns3:atemp>25.0</ns3:atemp>
            <ns3:hr>130</ns3:hr>
            <ns3:cad>87</ns3:cad>
          </ns3:TrackPointExtension>
        </extensions>
      </trkpt>
      <trkpt lat="39.898996017873287200927734375" lon="116.31744249723851680755615234375">
        <ele>55.799999237060546875</ele>
        <time>2026-09-27T00:01:01.000Z</time>
        <extensions>
          <ns3:TrackPointExtension>
            <ns3:atemp>25.0</ns3:atemp>
            <ns3:hr>130</ns3:hr>
            <ns3:cad>87</ns3:cad>
          </ns3:TrackPointExtension>
        </extensions>
      </trkpt>
      <trkpt lat="39.89901521243155002593994140625" lon="116.31744367070496082305908203125">
        <ele>55.799999237060546875</ele>
        <time>2026-09-27T00:01:02.000Z</time>
        <extensions>
          <ns3:TrackPointExtension>
            <ns3:atemp>25.0</ns3:atemp>
            <ns3:hr>130</ns3:hr>
            <ns3:cad>87</ns3:cad>
          </ns3:TrackPointExtension>
        </extensions>
      </trkpt>
      <trkpt lat="39.899032227694988250732421875" lon="116.31744325160980224609375">
        <ele>55.799999237060546875</ele>
        <time>2026-09-27T00:01:03.000Z</time>
        <extensions>
          <ns3:TrackPointExtension>
            <ns3:atemp>25.0</ns3:atemp>
            <ns3:hr>130</ns3:hr>
            <ns3:cad>87</ns3:cad>
          </ns3:TrackPointExtension>
        </extensions>
      </trkpt>
      <trkpt lat="39.899053685367107391357421875" lon="116.31744769401848316192626953125">
        <ele>56</ele>
        <time>2026-09-27T00:01:04.000Z</time>
        <extensions>
          <ns3:TrackPointExtension>
            <ns3:atemp>25.0</ns3:atemp>
            <ns3:hr>130</ns3:hr>
            <ns3:cad>87</ns3:cad>
          </ns3:TrackPointExtension>
        </extensions>
      </trkpt>
      <trkpt lat="39.8990749754011631011962890625" lon="116.3174501247704029083251953125">
        <ele>56</ele>
        <time>2026-09-27T00:01:05.000Z</time>
        <extensions>
          <ns3:TrackPointExtension>
            <ns3:atemp>25.0</ns3:atemp>
            <ns3:hr>130</ns3:hr>
            <ns3:cad>87</ns3:cad>
          </ns3:TrackPointExtension>
        </extensions>
      </trkpt>
      <trkpt lat="39.8991004563868045806884765625" lon="116.31745657883584499359130859375">
        <ele>56</ele>
        <time>2026-09-27T00:01:06.000Z</time>
        <extensions>
          <ns3:TrackPointExtension>
            <ns3:atemp>25.0</ns3:atemp>
            <ns3:hr>130</ns3:hr>
            <ns3:cad>87</ns3:cad>
          </ns3:TrackPointExtension>
        </extensions>
      </trkpt>
      <trkpt lat="39.89911797456443309783935546875" lon="116.3174645416438579559326171875">
        <ele>56</ele>
        <time>2026-09-27T00:01:07.000Z</time>
        <extensions>
          <ns3:TrackPointExtension>
            <ns3:atemp>25.0</ns3:atemp>
            <ns3:hr>130</ns3:hr>
            <ns3:cad>87</ns3:cad>
          </ns3:TrackPointExtension>
        </extensions>
      </trkpt>
      <trkpt lat="39.8991363309323787689208984375" lon="116.31746940314769744873046875">
        <ele>56</ele>
        <time>2026-09-27T00:01:08.000Z</time>
        <extensions>
          <ns3:TrackPointExtension>
            <ns3:atemp>25.0</ns3:atemp>
            <ns3:hr>131</ns3:hr>
            <ns3:cad>87</ns3:cad>
          </ns3:TrackPointExtension>
        </extensions>
      </trkpt>
      <trkpt lat="39.89914764650166034698486328125" lon="116.3174762763082981109619140625">
        <ele>56</ele>
        <time>2026-09-27T00:01:09.000Z</time>
        <extensions>
          <ns3:TrackPointExtension>
            <ns3:atemp>25.0</ns3:atemp>
            <ns3:hr>131</ns3:hr>
            <ns3:cad>87</ns3:cad>
          </ns3:TrackPointExtension>
        </extensions>
      </trkpt>
      <trkpt lat="39.899160973727703094482421875" lon="116.31748574785888195037841796875">
        <ele>56</ele>
        <time>2026-09-27T00:01:10.000Z</time>
        <extensions>
          <ns3:TrackPointExtension>
            <ns3:atemp>25.0</ns3:atemp>
            <ns3:hr>131</ns3:hr>
            <ns3:cad>87</ns3:cad>
          </ns3:TrackPointExtension>
        </extensions>
      </trkpt>
      <trkpt lat="39.89917002618312835693359375" lon="116.31750452332198619842529296875">
        <ele>56.200000762939453125</ele>
        <time>2026-09-27T00:01:11.000Z</time>
        <extensions>
          <ns3:TrackPointExtension>
            <ns3:atemp>25.0</ns3:atemp>
            <ns3:hr>131</ns3:hr>
            <ns3:cad>87</ns3:cad>
          </ns3:TrackPointExtension>
        </extensions>
      </trkpt>
      <trkpt lat="39.89918352104723453521728515625" lon="116.3175232149660587310791015625">
        <ele>56.200000762939453125</ele>
        <time>2026-09-27T00:01:12.000Z</time>
        <extensions>
          <ns3:TrackPointExtension>
            <ns3:atemp>25.0</ns3:atemp>
            <ns3:hr>132</ns3:hr>
            <ns3:cad>88</ns3:cad>
          </ns3:TrackPointExtension>
        </extensions>
      </trkpt>
      <trkpt lat="39.8991973511874675750732421875" lon="116.31753981113433837890625">
        <ele>56.200000762939453125</ele>
        <time>2026-09-27T00:01:13.000Z</time>
        <extensions>
          <ns3:TrackPointExtension>
            <ns3:atemp>25.0</ns3:atemp>
            <ns3:hr>131</ns3:hr>
            <ns3:cad>88</ns3:cad>
          </ns3:TrackPointExtension>
        </extensions>
      </trkpt>
      <trkpt lat="39.89921956323087215423583984375" lon="116.31755196489393711090087890625">
        <ele>56.200000762939453125</ele>
        <time>2026-09-27T00:01:14.000Z</time>
        <extensions>
          <ns3:TrackPointExtension>
            <ns3:atemp>25.0</ns3:atemp>
            <ns3:hr>131</ns3:hr>
            <ns3:cad>88</ns3:cad>
          </ns3:TrackPointExtension>
        </extensions>
      </trkpt>
      <trkpt lat="39.8992452956736087799072265625" lon="116.3175500370562076568603515625">
        <ele>56.200000762939453125</ele>
        <time>2026-09-27T00:01:15.000Z</time>
        <extensions>
          <ns3:TrackPointExtension>
            <ns3:atemp>25.0</ns3:atemp>
            <ns3:hr>131</ns3:hr>
            <ns3:cad>88</ns3:cad>
          </ns3:TrackPointExtension>
        </extensions>
      </trkpt>
      <trkpt lat="39.89927454851567745208740234375" lon="116.31754123605787754058837890625">
        <ele>56.200000762939453125</ele>
        <time>2026-09-27T00:01:16.000Z</time>
        <extensions>
          <ns3:TrackPointExtension>
            <ns3:atemp>25.0</ns3:atemp>
            <ns3:hr>131</ns3:hr>
            <ns3:cad>88</ns3:cad>
          </ns3:TrackPointExtension>
        </extensions>
      </trkpt>
      <trkpt lat="39.8993061482906341552734375" lon="116.31753645837306976318359375">
        <ele>56.200000762939453125</ele>
        <time>2026-09-27T00:01:17.000Z</time>
        <extensions>
          <ns3:TrackPointExtension>
            <ns3:atemp>25.0</ns3:atemp>
            <ns3:hr>130</ns3:hr>
            <ns3:cad>88</ns3:cad>
          </ns3:TrackPointExtension>
        </extensions>
      </trkpt>
      <trkpt lat="39.89933707751333713531494140625" lon="116.31752933375537395477294921875">
        <ele>56.200000762939453125</ele>
        <time>2026-09-27T00:01:18.000Z</time>
        <extensions>
          <ns3:TrackPointExtension>
            <ns3:atemp>25.0</ns3:atemp>
            <ns3:hr>130</ns3:hr>
            <ns3:cad>87</ns3:cad>
          </ns3:TrackPointExtension>
        </extensions>
      </trkpt>
      <trkpt lat="39.89936356432735919952392578125" lon="116.317533440887928009033203125">
        <ele>56.200000762939453125</ele>
        <time>2026-09-27T00:01:19.000Z</time>
        <extensions>
          <ns3:TrackPointExtension>
            <ns3:atemp>25.0</ns3:atemp>
            <ns3:hr>130</ns3:hr>
            <ns3:cad>87</ns3:cad>
          </ns3:TrackPointExtension>
        </extensions>
      </trkpt>
      <trkpt lat="39.89938016049563884735107421875" lon="116.317529417574405670166015625">
        <ele>56.200000762939453125</ele>
        <time>2026-09-27T00:01:20.000Z</time>
        <extensions>
          <ns3:TrackPointExtension>
            <ns3:atemp>25.0</ns3:atemp>
            <ns3:hr>130</ns3:hr>
            <ns3:cad>87</ns3:cad>
          </ns3:TrackPointExtension>
        </extensions>
      </trkpt>
      <trkpt lat="39.89940077997744083404541015625" lon="116.3175238855183124542236328125">
        <ele>56.200000762939453125</ele>
        <time>2026-09-27T00:01:21.000Z</time>
        <extensions>
          <ns3:TrackPointExtension>
            <ns3:atemp>25.0</ns3:atemp>
            <ns3:hr>130</ns3:hr>
            <ns3:cad>87</ns3:cad>
          </ns3:TrackPointExtension>
        </extensions>
      </trkpt>
      <trkpt lat="39.8994199745357036590576171875" lon="116.31751894019544124603271484375">
        <ele>56.200000762939453125</ele>
        <time>2026-09-27T00:01:22.000Z</time>
        <extensions>
          <ns3:TrackPointExtension>
            <ns3:atemp>25.0</ns3:atemp>
            <ns3:hr>130</ns3:hr>
            <ns3:cad>87</ns3:cad>
          </ns3:TrackPointExtension>
        </extensions>
      </trkpt>
      <trkpt lat="39.899437241256237030029296875" lon="116.3175165094435214996337890625">
        <ele>56.200000762939453125</ele>
        <time>2026-09-27T00:01:23.000Z</time>
        <extensions>
          <ns3:TrackPointExtension>
            <ns3:atemp>25.0</ns3:atemp>
            <ns3:hr>130</ns3:hr>
            <ns3:cad>86</ns3:cad>
          </ns3:TrackPointExtension>
        </extensions>
      </trkpt>
      <trkpt lat="39.8994558490812778472900390625" lon="116.31751340813934803009033203125">
        <ele>56.200000762939453125</ele>
        <time>2026-09-27T00:01:24.000Z</time>
        <extensions>
          <ns3:TrackPointExtension>
            <ns3:atemp>25.0</ns3:atemp>
            <ns3:hr>129</ns3:hr>
            <ns3:cad>86</ns3:cad>
          </ns3:TrackPointExtension>
        </extensions>
      </trkpt>
      <trkpt lat="39.8994766362011432647705078125" lon="116.31750955246388912200927734375">
        <ele>56.200000762939453125</ele>
        <time>2026-09-27T00:01:25.000Z</time>
        <extensions>
          <ns3:TrackPointExtension>
            <ns3:atemp>25.0</ns3:atemp>
            <ns3:hr>129</ns3:hr>
            <ns3:cad>87</ns3:cad>
          </ns3:TrackPointExtension>
        </extensions>
      </trkpt>
      <trkpt lat="39.8994957469403743743896484375" lon="116.3175074569880962371826171875">
        <ele>56.200000762939453125</ele>
        <time>2026-09-27T00:01:26.000Z</time>
        <extensions>
          <ns3:TrackPointExtension>
            <ns3:atemp>25.0</ns3:atemp>
            <ns3:hr>129</ns3:hr>
            <ns3:cad>87</ns3:cad>
          </ns3:TrackPointExtension>
        </extensions>
      </trkpt>
      <trkpt lat="39.89951611496508121490478515625" lon="116.31749580614268779754638671875">
        <ele>56.200000762939453125</ele>
        <time>2026-09-27T00:01:27.000Z</time>
        <extensions>
          <ns3:TrackPointExtension>
            <ns3:atemp>25.0</ns3:atemp>
            <ns3:hr>129</ns3:hr>
            <ns3:cad>87</ns3:cad>
          </ns3:TrackPointExtension>
        </extensions>
      </trkpt>
      <trkpt lat="39.899522401392459869384765625" lon="116.31749127991497516632080078125">
        <ele>56.40000152587890625</ele>
        <time>2026-09-27T00:01:28.000Z</time>
        <extensions>
          <ns3:TrackPointExtension>
            <ns3:atemp>25.0</ns3:atemp>
            <ns3:hr>128</ns3:hr>
            <ns3:cad>87</ns3:cad>
          </ns3:TrackPointExtension>
        </extensions>
      </trkpt>
      <trkpt lat="39.89954276941716670989990234375" lon="116.31748859770596027374267578125">
        <ele>56.40000152587890625</ele>
        <time>2026-09-27T00:01:29.000Z</time>
        <extensions>
          <ns3:TrackPointExtension>
            <ns3:atemp>25.0</ns3:atemp>
            <ns3:hr>128</ns3:hr>
            <ns3:cad>87</ns3:cad>
          </ns3:TrackPointExtension>
        </extensions>
      </trkpt>
      <trkpt lat="39.899552576243877410888671875" lon="116.3174930401146411895751953125">
        <ele>56.40000152587890625</ele>
        <time>2026-09-27T00:01:30.000Z</time>
        <extensions>
          <ns3:TrackPointExtension>
            <ns3:atemp>25.0</ns3:atemp>
            <ns3:hr>128</ns3:hr>
            <ns3:cad>87</ns3:cad>
          </ns3:TrackPointExtension>
        </extensions>
      </trkpt>
      <trkpt lat="39.8995663225650787353515625" lon="116.31750385276973247528076171875">
        <ele>56.40000152587890625</ele>
        <time>2026-09-27T00:01:31.000Z</time>
        <extensions>
          <ns3:TrackPointExtension>
            <ns3:atemp>25.0</ns3:atemp>
            <ns3:hr>128</ns3:hr>
            <ns3:cad>87</ns3:cad>
          </ns3:TrackPointExtension>
        </extensions>
      </trkpt>
      <trkpt lat="39.89957981742918491363525390625" lon="116.3175118155777454376220703125">
        <ele>56.40000152587890625</ele>
        <time>2026-09-27T00:01:32.000Z</time>
        <extensions>
          <ns3:TrackPointExtension>
            <ns3:atemp>25.0</ns3:atemp>
            <ns3:hr>128</ns3:hr>
            <ns3:cad>87</ns3:cad>
          </ns3:TrackPointExtension>
        </extensions>
      </trkpt>
      <trkpt lat="39.89959456957876682281494140625" lon="116.31751692853868007659912109375">
        <ele>56.40000152587890625</ele>
        <time>2026-09-27T00:01:33.000Z</time>
        <extensions>
          <ns3:TrackPointExtension>
            <ns3:atemp>25.0</ns3:atemp>
            <ns3:hr>128</ns3:hr>
            <ns3:cad>87</ns3:cad>
          </ns3:TrackPointExtension>
        </extensions>
      </trkpt>
      <trkpt lat="39.899615608155727386474609375" lon="116.3175322674214839935302734375">
        <ele>56.40000152587890625</ele>
        <time>2026-09-27T00:01:34.000Z</time>
        <extensions>
          <ns3:TrackPointExtension>
            <ns3:atemp>25.0</ns3:atemp>
            <ns3:hr>128</ns3:hr>
            <ns3:cad>87</ns3:cad>
          </ns3:TrackPointExtension>
        </extensions>
      </trkpt>
      <trkpt lat="39.89963698200881481170654296875" lon="116.31753218360245227813720703125">
        <ele>56.59999847412109375</ele>
        <time>2026-09-27T00:01:35.000Z</time>
        <extensions>
          <ns3:TrackPointExtension>
            <ns3:atemp>25.0</ns3:atemp>
            <ns3:hr>127</ns3:hr>
            <ns3:cad>87</ns3:cad>
          </ns3:TrackPointExtension>
        </extensions>
      </trkpt>
      <trkpt lat="39.89966749213635921478271484375" lon="116.31752975285053253173828125">
        <ele>56.59999847412109375</ele>
        <time>2026-09-27T00:01:36.000Z</time>
        <extensions>
          <ns3:TrackPointExtension>
            <ns3:atemp>25.0</ns3:atemp>
            <ns3:hr>127</ns3:hr>
            <ns3:cad>87</ns3:cad>
          </ns3:TrackPointExtension>
        </extensions>
      </trkpt>
      <trkpt lat="39.8996962420642375946044921875" lon="116.3175279088318347930908203125">
        <ele>56.59999847412109375</ele>
        <time>2026-09-27T00:01:37.000Z</time>
        <extensions>
          <ns3:TrackPointExtension>
            <ns3:atemp>25.0</ns3:atemp>
            <ns3:hr>126</ns3:hr>
            <ns3:cad>87</ns3:cad>
          </ns3:TrackPointExtension>
        </extensions>
      </trkpt>
      <trkpt lat="39.89971644245088100433349609375" lon="116.317520700395107269287109375">
        <ele>56.59999847412109375</ele>
        <time>2026-09-27T00:01:38.000Z</time>
        <extensions>
          <ns3:TrackPointExtension>
            <ns3:atemp>25.0</ns3:atemp>
            <ns3:hr>126</ns3:hr>
            <ns3:cad>87</ns3:cad>
          </ns3:TrackPointExtension>
        </extensions>
      </trkpt>
      <trkpt lat="39.899741671979427337646484375" lon="116.3175205327570438385009765625">
        <ele>56.59999847412109375</ele>
        <time>2026-09-27T00:01:39.000Z</time>
        <extensions>
          <ns3:TrackPointExtension>
            <ns3:atemp>25.0</ns3:atemp>
            <ns3:hr>125</ns3:hr>
            <ns3:cad>87</ns3:cad>
          </ns3:TrackPointExtension>
        </extensions>
      </trkpt>
      <trkpt lat="39.8997629620134830474853515625" lon="116.31751474924385547637939453125">
        <ele>56.59999847412109375</ele>
        <time>2026-09-27T00:01:40.000Z</time>
        <extensions>
          <ns3:TrackPointExtension>
            <ns3:atemp>25.0</ns3:atemp>
            <ns3:hr>125</ns3:hr>
            <ns3:cad>87</ns3:cad>
          </ns3:TrackPointExtension>
        </extensions>
      </trkpt>
      <trkpt lat="39.89978282712399959564208984375" lon="116.31751223467290401458740234375">
        <ele>56.59999847412109375</ele>
        <time>2026-09-27T00:01:41.000Z</time>
        <extensions>
          <ns3:TrackPointExtension>
            <ns3:atemp>25.0</ns3:atemp>
            <ns3:hr>125</ns3:hr>
            <ns3:cad>87</ns3:cad>
          </ns3:TrackPointExtension>
        </extensions>
      </trkpt>
      <trkpt lat="39.8998077213764190673828125" lon="116.31751374341547489166259765625">
        <ele>56.59999847412109375</ele>
        <time>2026-09-27T00:01:42.000Z</time>
        <extensions>
          <ns3:TrackPointExtension>
            <ns3:atemp>25.0</ns3:atemp>
            <ns3:hr>125</ns3:hr>
            <ns3:cad>87</ns3:cad>
          </ns3:TrackPointExtension>
        </extensions>
      </trkpt>
      <trkpt lat="39.8998320288956165313720703125" lon="116.31752095185220241546630859375">
        <ele>56.59999847412109375</ele>
        <time>2026-09-27T00:01:43.000Z</time>
        <extensions>
          <ns3:TrackPointExtension>
            <ns3:atemp>25.0</ns3:atemp>
            <ns3:hr>125</ns3:hr>
            <ns3:cad>87</ns3:cad>
          </ns3:TrackPointExtension>
        </extensions>
      </trkpt>
      <trkpt lat="39.89985776133835315704345703125" lon="116.3175222091376781463623046875">
        <ele>56.59999847412109375</ele>
        <time>2026-09-27T00:01:44.000Z</time>
        <extensions>
          <ns3:TrackPointExtension>
            <ns3:atemp>25.0</ns3:atemp>
            <ns3:hr>125</ns3:hr>
            <ns3:cad>87</ns3:cad>
          </ns3:TrackPointExtension>
        </extensions>
      </trkpt>
      <trkpt lat="39.89988357760012149810791015625" lon="116.31752304732799530029296875">
        <ele>56.59999847412109375</ele>
        <time>2026-09-27T00:01:45.000Z</time>
        <extensions>
          <ns3:TrackPointExtension>
            <ns3:atemp>25.0</ns3:atemp>
            <ns3:hr>125</ns3:hr>
            <ns3:cad>87</ns3:cad>
          </ns3:TrackPointExtension>
        </extensions>
      </trkpt>
      <trkpt lat="39.8999081365764141082763671875" lon="116.317519359290599822998046875">
        <ele>56.59999847412109375</ele>
        <time>2026-09-27T00:01:46.000Z</time>
        <extensions>
          <ns3:TrackPointExtension>
            <ns3:atemp>25.0</ns3:atemp>
            <ns3:hr>125</ns3:hr>
            <ns3:cad>87</ns3:cad>
          </ns3:TrackPointExtension>
        </extensions>
      </trkpt>
      <trkpt lat="39.899930767714977264404296875" lon="116.317518688738346099853515625">
        <ele>56.59999847412109375</ele>
        <time>2026-09-27T00:01:47.000Z</time>
        <extensions>
          <ns3:TrackPointExtension>
            <ns3:atemp>25.0</ns3:atemp>
            <ns3:hr>125</ns3:hr>
            <ns3:cad>87</ns3:cad>
          </ns3:TrackPointExtension>
        </extensions>
      </trkpt>
      <trkpt lat="39.899952895939350128173828125" lon="116.3175116479396820068359375">
        <ele>56.59999847412109375</ele>
        <time>2026-09-27T00:01:48.000Z</time>
        <extensions>
          <ns3:TrackPointExtension>
            <ns3:atemp>25.0</ns3:atemp>
            <ns3:hr>125</ns3:hr>
            <ns3:cad>87</ns3:cad>
          </ns3:TrackPointExtension>
        </extensions>
      </trkpt>
      <trkpt lat="39.89997443743050098419189453125" lon="116.31750519387423992156982421875">
        <ele>56.59999847412109375</ele>
        <time>2026-09-27T00:01:49.000Z</time>
        <extensions>
          <ns3:TrackPointExtension>
            <ns3:atemp>25.0</ns3:atemp>
            <ns3:hr>125</ns3:hr>
            <ns3:cad>87</ns3:cad>
          </ns3:TrackPointExtension>
        </extensions>
      </trkpt>
      <trkpt lat="39.89999874494969844818115234375" lon="116.3175027631223201751708984375">
        <ele>56.799999237060546875</ele>
        <time>2026-09-27T00:01:50.000Z</time>
        <extensions>
          <ns3:TrackPointExtension>
            <ns3:atemp>25.0</ns3:atemp>
            <ns3:hr>125</ns3:hr>
            <ns3:cad>87</ns3:cad>
          </ns3:TrackPointExtension>
        </extensions>
      </trkpt>
      <trkpt lat="39.90002472884953022003173828125" lon="116.3174987398087978363037109375">
        <ele>56.799999237060546875</ele>
        <time>2026-09-27T00:01:51.000Z</time>
        <extensions>
          <ns3:TrackPointExtension>
            <ns3:atemp>25.0</ns3:atemp>
            <ns3:hr>126</ns3:hr>
            <ns3:cad>87</ns3:cad>
          </ns3:TrackPointExtension>
        </extensions>
      </trkpt>
      <trkpt lat="39.90005037747323513031005859375" lon="116.31749832071363925933837890625">
        <ele>56.799999237060546875</ele>
        <time>2026-09-27T00:01:52.000Z</time>
        <extensions>
          <ns3:TrackPointExtension>
            <ns3:atemp>24.0</ns3:atemp>
            <ns3:hr>126</ns3:hr>
            <ns3:cad>87</ns3:cad>
          </ns3:TrackPointExtension>
        </extensions>
      </trkpt>
      <trkpt lat="39.900073595345020294189453125" lon="116.31750066764652729034423828125">
        <ele>56.799999237060546875</ele>
        <time>2026-09-27T00:01:53.000Z</time>
        <extensions>
          <ns3:TrackPointExtension>
            <ns3:atemp>24.0</ns3:atemp>
            <ns3:hr>127</ns3:hr>
            <ns3:cad>86</ns3:cad>
          </ns3:TrackPointExtension>
        </extensions>
      </trkpt>
      <trkpt lat="39.90010016597807407379150390625" lon="116.31749697960913181304931640625">
        <ele>56.799999237060546875</ele>
        <time>2026-09-27T00:01:54.000Z</time>
        <extensions>
          <ns3:TrackPointExtension>
            <ns3:atemp>24.0</ns3:atemp>
            <ns3:hr>127</ns3:hr>
            <ns3:cad>86</ns3:cad>
          </ns3:TrackPointExtension>
        </extensions>
      </trkpt>
      <trkpt lat="39.90012623369693756103515625" lon="116.31749513559043407440185546875">
        <ele>56.799999237060546875</ele>
        <time>2026-09-27T00:01:55.000Z</time>
        <extensions>
          <ns3:TrackPointExtension>
            <ns3:atemp>24.0</ns3:atemp>
            <ns3:hr>127</ns3:hr>
            <ns3:cad>86</ns3:cad>
          </ns3:TrackPointExtension>
        </extensions>
      </trkpt>
      <trkpt lat="39.9001505412161350250244140625" lon="116.317489854991436004638671875">
        <ele>57</ele>
        <time>2026-09-27T00:01:56.000Z</time>
        <extensions>
          <ns3:TrackPointExtension>
            <ns3:atemp>24.0</ns3:atemp>
            <ns3:hr>127</ns3:hr>
            <ns3:cad>86</ns3:cad>
          </ns3:TrackPointExtension>
        </extensions>
      </trkpt>
      <trkpt lat="39.9001743458211421966552734375" lon="116.3174916990101337432861328125">
        <ele>57</ele>
        <time>2026-09-27T00:01:57.000Z</time>
        <extensions>
          <ns3:TrackPointExtension>
            <ns3:atemp>24.0</ns3:atemp>
            <ns3:hr>127</ns3:hr>
            <ns3:cad>86</ns3:cad>
          </ns3:TrackPointExtension>
        </extensions>
      </trkpt>
      <trkpt lat="39.90019873715937137603759765625" lon="116.31749354302883148193359375">
        <ele>57</ele>
        <time>2026-09-27T00:01:58.000Z</time>
        <extensions>
          <ns3:TrackPointExtension>
            <ns3:atemp>24.0</ns3:atemp>
            <ns3:hr>127</ns3:hr>
            <ns3:cad>87</ns3:cad>
          </ns3:TrackPointExtension>
        </extensions>
      </trkpt>
      <trkpt lat="39.9002253077924251556396484375" lon="116.317493207752704620361328125">
        <ele>57</ele>
        <time>2026-09-27T00:01:59.000Z</time>
        <extensions>
          <ns3:TrackPointExtension>
            <ns3:atemp>24.0</ns3:atemp>
            <ns3:hr>127</ns3:hr>
            <ns3:cad>87</ns3:cad>
          </ns3:TrackPointExtension>
        </extensions>
      </trkpt>
      <trkpt lat="39.90024961531162261962890625" lon="116.31749530322849750518798828125">
        <ele>57</ele>
        <time>2026-09-27T00:02:00.000Z</time>
        <extensions>
          <ns3:TrackPointExtension>
            <ns3:atemp>24.0</ns3:atemp>
            <ns3:hr>127</ns3:hr>
            <ns3:cad>87</ns3:cad>
          </ns3:TrackPointExtension>
        </extensions>
      </trkpt>
      <trkpt lat="39.900275766849517822265625" lon="116.31750083528459072113037109375">
        <ele>57</ele>
        <time>2026-09-27T00:02:01.000Z</time>
        <extensions>
          <ns3:TrackPointExtension>
            <ns3:atemp>24.0</ns3:atemp>
            <ns3:hr>127</ns3:hr>
            <ns3:cad>87</ns3:cad>
          </ns3:TrackPointExtension>
        </extensions>
      </trkpt>
      <trkpt lat="39.90029831416904926300048828125" lon="116.3175022602081298828125">
        <ele>57</ele>
        <time>2026-09-27T00:02:02.000Z</time>
        <extensions>
          <ns3:TrackPointExtension>
            <ns3:atemp>24.0</ns3:atemp>
            <ns3:hr>127</ns3:hr>
            <ns3:cad>87</ns3:cad>
          </ns3:TrackPointExtension>
        </extensions>
      </trkpt>
      <trkpt lat="39.90032094530761241912841796875" lon="116.31750385276973247528076171875">
        <ele>57</ele>
        <time>2026-09-27T00:02:03.000Z</time>
        <extensions>
          <ns3:TrackPointExtension>
            <ns3:atemp>24.0</ns3:atemp>
            <ns3:hr>127</ns3:hr>
            <ns3:cad>87</ns3:cad>
          </ns3:TrackPointExtension>
        </extensions>
      </trkpt>
      <trkpt lat="39.9003441631793975830078125" lon="116.31750150583684444427490234375">
        <ele>57</ele>
        <time>2026-09-27T00:02:04.000Z</time>
        <extensions>
          <ns3:TrackPointExtension>
            <ns3:atemp>24.0</ns3:atemp>
            <ns3:hr>127</ns3:hr>
            <ns3:cad>87</ns3:cad>
          </ns3:TrackPointExtension>
        </extensions>
      </trkpt>
      <trkpt lat="39.90036872215569019317626953125" lon="116.31750334985554218292236328125">
        <ele>57</ele>
        <time>2026-09-27T00:02:05.000Z</time>
        <extensions>
          <ns3:TrackPointExtension>
            <ns3:atemp>24.0</ns3:atemp>
            <ns3:hr>126</ns3:hr>
            <ns3:cad>88</ns3:cad>
          </ns3:TrackPointExtension>
        </extensions>
      </trkpt>
      <trkpt lat="39.9003939516842365264892578125" lon="116.31750167347490787506103515625">
        <ele>57</ele>
        <time>2026-09-27T00:02:06.000Z</time>
        <extensions>
          <ns3:TrackPointExtension>
            <ns3:atemp>24.0</ns3:atemp>
            <ns3:hr>126</ns3:hr>
            <ns3:cad>88</ns3:cad>
          </ns3:TrackPointExtension>
        </extensions>
      </trkpt>
      <trkpt lat="39.9004187621176242828369140625" lon="116.31749865598976612091064453125">
        <ele>57</ele>
        <time>2026-09-27T00:02:07.000Z</time>
        <extensions>
          <ns3:TrackPointExtension>
            <ns3:atemp>24.0</ns3:atemp>
            <ns3:hr>126</ns3:hr>
            <ns3:cad>88</ns3:cad>
          </ns3:TrackPointExtension>
        </extensions>
      </trkpt>
      <trkpt lat="39.9004405550658702850341796875" lon="116.3175020925700664520263671875">
        <ele>57</ele>
        <time>2026-09-27T00:02:08.000Z</time>
        <extensions>
          <ns3:TrackPointExtension>
            <ns3:atemp>24.0</ns3:atemp>
            <ns3:hr>126</ns3:hr>
            <ns3:cad>88</ns3:cad>
          </ns3:TrackPointExtension>
        </extensions>
      </trkpt>
      <trkpt lat="39.90046528168022632598876953125" lon="116.31749798543751239776611328125">
        <ele>57</ele>
        <time>2026-09-27T00:02:09.000Z</time>
        <extensions>
          <ns3:TrackPointExtension>
            <ns3:atemp>24.0</ns3:atemp>
            <ns3:hr>126</ns3:hr>
            <ns3:cad>88</ns3:cad>
          </ns3:TrackPointExtension>
        </extensions>
      </trkpt>
      <trkpt lat="39.9004915170371532440185546875" lon="116.317493207752704620361328125">
        <ele>57</ele>
        <time>2026-09-27T00:02:10.000Z</time>
        <extensions>
          <ns3:TrackPointExtension>
            <ns3:atemp>24.0</ns3:atemp>
            <ns3:hr>126</ns3:hr>
            <ns3:cad>88</ns3:cad>
          </ns3:TrackPointExtension>
        </extensions>
      </trkpt>
      <trkpt lat="39.9005129747092723846435546875" lon="116.31748910062015056610107421875">
        <ele>57</ele>
        <time>2026-09-27T00:02:11.000Z</time>
        <extensions>
          <ns3:TrackPointExtension>
            <ns3:atemp>24.0</ns3:atemp>
            <ns3:hr>126</ns3:hr>
            <ns3:cad>87</ns3:cad>
          </ns3:TrackPointExtension>
        </extensions>
      </trkpt>
      <trkpt lat="39.90053317509591579437255859375" lon="116.31748507730662822723388671875">
        <ele>57</ele>
        <time>2026-09-27T00:02:12.000Z</time>
        <extensions>
          <ns3:TrackPointExtension>
            <ns3:atemp>24.0</ns3:atemp>
            <ns3:hr>125</ns3:hr>
            <ns3:cad>87</ns3:cad>
          </ns3:TrackPointExtension>
        </extensions>
      </trkpt>
      <trkpt lat="39.9005520343780517578125" lon="116.317488849163055419921875">
        <ele>57</ele>
        <time>2026-09-27T00:02:13.000Z</time>
        <extensions>
          <ns3:TrackPointExtension>
            <ns3:atemp>24.0</ns3:atemp>
            <ns3:hr>125</ns3:hr>
            <ns3:cad>87</ns3:cad>
          </ns3:TrackPointExtension>
        </extensions>
      </trkpt>
      <trkpt lat="39.90057022310793399810791015625" lon="116.31749245338141918182373046875">
        <ele>56.799999237060546875</ele>
        <time>2026-09-27T00:02:14.000Z</time>
        <extensions>
          <ns3:TrackPointExtension>
            <ns3:atemp>24.0</ns3:atemp>
            <ns3:hr>125</ns3:hr>
            <ns3:cad>87</ns3:cad>
          </ns3:TrackPointExtension>
        </extensions>
      </trkpt>
      <trkpt lat="39.90059402771294116973876953125" lon="116.317494548857212066650390625">
        <ele>56.799999237060546875</ele>
        <time>2026-09-27T00:02:15.000Z</time>
        <extensions>
          <ns3:TrackPointExtension>
            <ns3:atemp>24.0</ns3:atemp>
            <ns3:hr>125</ns3:hr>
            <ns3:cad>87</ns3:cad>
          </ns3:TrackPointExtension>
        </extensions>
      </trkpt>
      <trkpt lat="39.90061841905117034912109375" lon="116.317494213581085205078125">
        <ele>56.799999237060546875</ele>
        <time>2026-09-27T00:02:16.000Z</time>
        <extensions>
          <ns3:TrackPointExtension>
            <ns3:atemp>24.0</ns3:atemp>
            <ns3:hr>125</ns3:hr>
            <ns3:cad>87</ns3:cad>
          </ns3:TrackPointExtension>
        </extensions>
      </trkpt>
      <trkpt lat="39.90064297802746295928955078125" lon="116.3174947164952754974365234375">
        <ele>56.799999237060546875</ele>
        <time>2026-09-27T00:02:17.000Z</time>
        <extensions>
          <ns3:TrackPointExtension>
            <ns3:atemp>24.0</ns3:atemp>
            <ns3:hr>125</ns3:hr>
            <ns3:cad>87</ns3:cad>
          </ns3:TrackPointExtension>
        </extensions>
      </trkpt>
      <trkpt lat="39.90065739490091800689697265625" lon="116.31749463267624378204345703125">
        <ele>56.799999237060546875</ele>
        <time>2026-09-27T00:02:18.000Z</time>
        <extensions>
          <ns3:TrackPointExtension>
            <ns3:atemp>24.0</ns3:atemp>
            <ns3:hr>125</ns3:hr>
            <ns3:cad>87</ns3:cad>
          </ns3:TrackPointExtension>
        </extensions>
      </trkpt>
      <trkpt lat="39.9006742425262928009033203125" lon="116.31749899126589298248291015625">
        <ele>56.799999237060546875</ele>
        <time>2026-09-27T00:02:19.000Z</time>
        <extensions>
          <ns3:TrackPointExtension>
            <ns3:atemp>24.0</ns3:atemp>
            <ns3:hr>125</ns3:hr>
            <ns3:cad>87</ns3:cad>
          </ns3:TrackPointExtension>
        </extensions>
      </trkpt>
      <trkpt lat="39.900700561702251434326171875" lon="116.3175034336745738983154296875">
        <ele>56.799999237060546875</ele>
        <time>2026-09-27T00:02:20.000Z</time>
        <extensions>
          <ns3:TrackPointExtension>
            <ns3:atemp>24.0</ns3:atemp>
            <ns3:hr>125</ns3:hr>
            <ns3:cad>87</ns3:cad>
          </ns3:TrackPointExtension>
        </extensions>
      </trkpt>
      <trkpt lat="39.9007275514304637908935546875" lon="116.317503936588764190673828125">
        <ele>56.799999237060546875</ele>
        <time>2026-09-27T00:02:21.000Z</time>
        <extensions>
          <ns3:TrackPointExtension>
            <ns3:atemp>24.0</ns3:atemp>
            <ns3:hr>125</ns3:hr>
            <ns3:cad>87</ns3:cad>
          </ns3:TrackPointExtension>
        </extensions>
      </trkpt>
      <trkpt lat="39.9007490091025829315185546875" lon="116.3175024278461933135986328125">
        <ele>56.799999237060546875</ele>
        <time>2026-09-27T00:02:22.000Z</time>
        <extensions>
          <ns3:TrackPointExtension>
            <ns3:atemp>24.0</ns3:atemp>
            <ns3:hr>125</ns3:hr>
            <ns3:cad>87</ns3:cad>
          </ns3:TrackPointExtension>
        </extensions>
      </trkpt>
      <trkpt lat="39.900766946375370025634765625" lon="116.31750871427357196807861328125">
        <ele>56.799999237060546875</ele>
        <time>2026-09-27T00:02:23.000Z</time>
        <extensions>
          <ns3:TrackPointExtension>
            <ns3:atemp>24.0</ns3:atemp>
            <ns3:hr>125</ns3:hr>
            <ns3:cad>87</ns3:cad>
          </ns3:TrackPointExtension>
        </extensions>
      </trkpt>
      <trkpt lat="39.900781027972698211669921875" lon="116.31751441396772861480712890625">
        <ele>56.799999237060546875</ele>
        <time>2026-09-27T00:02:24.000Z</time>
        <extensions>
          <ns3:TrackPointExtension>
            <ns3:atemp>24.0</ns3:atemp>
            <ns3:hr>125</ns3:hr>
            <ns3:cad>87</ns3:cad>
          </ns3:TrackPointExtension>
        </extensions>
      </trkpt>
      <trkpt lat="39.9007915891706943511962890625" lon="116.31752413697540760040283203125">
        <ele>56.799999237060546875</ele>
        <time>2026-09-27T00:02:25.000Z</time>
        <extensions>
          <ns3:TrackPointExtension>
            <ns3:atemp>24.0</ns3:atemp>
            <ns3:hr>125</ns3:hr>
            <ns3:cad>87</ns3:cad>
          </ns3:TrackPointExtension>
        </extensions>
      </trkpt>
      <trkpt lat="39.90080558694899082183837890625" lon="116.317530758678913116455078125">
        <ele>56.799999237060546875</ele>
        <time>2026-09-27T00:02:26.000Z</time>
        <extensions>
          <ns3:TrackPointExtension>
            <ns3:atemp>24.0</ns3:atemp>
            <ns3:hr>125</ns3:hr>
            <ns3:cad>87</ns3:cad>
          </ns3:TrackPointExtension>
        </extensions>
      </trkpt>
      <trkpt lat="39.90082754753530025482177734375" lon="116.31753017194569110870361328125">
        <ele>56.799999237060546875</ele>
        <time>2026-09-27T00:02:27.000Z</time>
        <extensions>
          <ns3:TrackPointExtension>
            <ns3:atemp>24.0</ns3:atemp>
            <ns3:hr>125</ns3:hr>
            <ns3:cad>87</ns3:cad>
          </ns3:TrackPointExtension>
        </extensions>
      </trkpt>
      <trkpt lat="39.9008542858064174652099609375" lon="116.31752631627023220062255859375">
        <ele>56.59999847412109375</ele>
        <time>2026-09-27T00:02:28.000Z</time>
        <extensions>
          <ns3:TrackPointExtension>
            <ns3:atemp>24.0</ns3:atemp>
            <ns3:hr>125</ns3:hr>
            <ns3:cad>87</ns3:cad>
          </ns3:TrackPointExtension>
        </extensions>
      </trkpt>
      <trkpt lat="39.9008744023740291595458984375" lon="116.31751097738742828369140625">
        <ele>56.59999847412109375</ele>
        <time>2026-09-27T00:02:29.000Z</time>
        <extensions>
          <ns3:TrackPointExtension>
            <ns3:atemp>24.0</ns3:atemp>
            <ns3:hr>125</ns3:hr>
            <ns3:cad>87</ns3:cad>
          </ns3:TrackPointExtension>
        </extensions>
      </trkpt>
      <trkpt lat="39.900890998542308807373046875" lon="116.31749949418008327484130859375">
        <ele>56.59999847412109375</ele>
        <time>2026-09-27T00:02:30.000Z</time>
        <extensions>
          <ns3:TrackPointExtension>
            <ns3:atemp>24.0</ns3:atemp>
            <ns3:hr>125</ns3:hr>
            <ns3:cad>88</ns3:cad>
          </ns3:TrackPointExtension>
        </extensions>
      </trkpt>
      <trkpt lat="39.90090315230190753936767578125" lon="116.3174900226294994354248046875">
        <ele>56.59999847412109375</ele>
        <time>2026-09-27T00:02:31.000Z</time>
        <extensions>
          <ns3:TrackPointExtension>
            <ns3:atemp>24.0</ns3:atemp>
            <ns3:hr>125</ns3:hr>
            <ns3:cad>88</ns3:cad>
          </ns3:TrackPointExtension>
        </extensions>
      </trkpt>
      <trkpt lat="39.90091572515666484832763671875" lon="116.31748340092599391937255859375">
        <ele>56.59999847412109375</ele>
        <time>2026-09-27T00:02:32.000Z</time>
        <extensions>
          <ns3:TrackPointExtension>
            <ns3:atemp>24.0</ns3:atemp>
            <ns3:hr>125</ns3:hr>
            <ns3:cad>88</ns3:cad>
          </ns3:TrackPointExtension>
        </extensions>
      </trkpt>
      <trkpt lat="39.9009354226291179656982421875" lon="116.31747971288859844207763671875">
        <ele>56.59999847412109375</ele>
        <time>2026-09-27T00:02:33.000Z</time>
        <extensions>
          <ns3:TrackPointExtension>
            <ns3:atemp>24.0</ns3:atemp>
            <ns3:hr>125</ns3:hr>
            <ns3:cad>88</ns3:cad>
          </ns3:TrackPointExtension>
        </extensions>
      </trkpt>
      <trkpt lat="39.9009578861296176910400390625" lon="116.31747636012732982635498046875">
        <ele>56.59999847412109375</ele>
        <time>2026-09-27T00:02:34.000Z</time>
        <extensions>
          <ns3:TrackPointExtension>
            <ns3:atemp>24.0</ns3:atemp>
            <ns3:hr>125</ns3:hr>
            <ns3:cad>88</ns3:cad>
          </ns3:TrackPointExtension>
        </extensions>
      </trkpt>
      <trkpt lat="39.90097322501242160797119140625" lon="116.3174588419497013092041015625">
        <ele>56.59999847412109375</ele>
        <time>2026-09-27T00:02:35.000Z</time>
        <extensions>
          <ns3:TrackPointExtension>
            <ns3:atemp>24.0</ns3:atemp>
            <ns3:hr>126</ns3:hr>
            <ns3:cad>87</ns3:cad>
          </ns3:TrackPointExtension>
        </extensions>
      </trkpt>
      <trkpt lat="39.90098990499973297119140625" lon="116.3174538128077983856201171875">
        <ele>56.59999847412109375</ele>
        <time>2026-09-27T00:02:36.000Z</time>
        <extensions>
          <ns3:TrackPointExtension>
            <ns3:atemp>24.0</ns3:atemp>
            <ns3:hr>126</ns3:hr>
            <ns3:cad>87</ns3:cad>
          </ns3:TrackPointExtension>
        </extensions>
      </trkpt>
      <trkpt lat="39.9010051600635051727294921875" lon="116.3174472749233245849609375">
        <ele>56.59999847412109375</ele>
        <time>2026-09-27T00:02:37.000Z</time>
        <extensions>
          <ns3:TrackPointExtension>
            <ns3:atemp>24.0</ns3:atemp>
            <ns3:hr>126</ns3:hr>
            <ns3:cad>87</ns3:cad>
          </ns3:TrackPointExtension>
        </extensions>
      </trkpt>
      <trkpt lat="39.90102116949856281280517578125" lon="116.31744786165654659271240234375">
        <ele>56.59999847412109375</ele>
        <time>2026-09-27T00:02:38.000Z</time>
        <extensions>
          <ns3:TrackPointExtension>
            <ns3:atemp>24.0</ns3:atemp>
            <ns3:hr>126</ns3:hr>
            <ns3:cad>87</ns3:cad>
          </ns3:TrackPointExtension>
        </extensions>
      </trkpt>
      <trkpt lat="39.90103474818170070648193359375" lon="116.3174551539123058319091796875">
        <ele>56.59999847412109375</ele>
        <time>2026-09-27T00:02:39.000Z</time>
        <extensions>
          <ns3:TrackPointExtension>
            <ns3:atemp>24.0</ns3:atemp>
            <ns3:hr>126</ns3:hr>
            <ns3:cad>87</ns3:cad>
          </ns3:TrackPointExtension>
        </extensions>
      </trkpt>
      <trkpt lat="39.90105285309255123138427734375" lon="116.31745842285454273223876953125">
        <ele>56.59999847412109375</ele>
        <time>2026-09-27T00:02:40.000Z</time>
        <extensions>
          <ns3:TrackPointExtension>
            <ns3:atemp>24.0</ns3:atemp>
            <ns3:hr>125</ns3:hr>
            <ns3:cad>87</ns3:cad>
          </ns3:TrackPointExtension>
        </extensions>
      </trkpt>
      <trkpt lat="39.9010789208114147186279296875" lon="116.31746135652065277099609375">
        <ele>56.59999847412109375</ele>
        <time>2026-09-27T00:02:41.000Z</time>
        <extensions>
          <ns3:TrackPointExtension>
            <ns3:atemp>24.0</ns3:atemp>
            <ns3:hr>125</ns3:hr>
            <ns3:cad>86</ns3:cad>
          </ns3:TrackPointExtension>
        </extensions>
      </trkpt>
      <trkpt lat="39.901109598577022552490234375" lon="116.317467056214809417724609375">
        <ele>56.59999847412109375</ele>
        <time>2026-09-27T00:02:42.000Z</time>
        <extensions>
          <ns3:TrackPointExtension>
            <ns3:atemp>24.0</ns3:atemp>
            <ns3:hr>125</ns3:hr>
            <ns3:cad>86</ns3:cad>
          </ns3:TrackPointExtension>
        </extensions>
      </trkpt>
      <trkpt lat="39.9011473171412944793701171875" lon="116.3174725882709026336669921875">
        <ele>56.40000152587890625</ele>
        <time>2026-09-27T00:02:43.000Z</time>
        <extensions>
          <ns3:TrackPointExtension>
            <ns3:atemp>24.0</ns3:atemp>
            <ns3:hr>125</ns3:hr>
            <ns3:cad>86</ns3:cad>
          </ns3:TrackPointExtension>
        </extensions>
      </trkpt>
      <trkpt lat="39.90117321722209453582763671875" lon="116.31747920997440814971923828125">
        <ele>56.40000152587890625</ele>
        <time>2026-09-27T00:02:44.000Z</time>
        <extensions>
          <ns3:TrackPointExtension>
            <ns3:atemp>24.0</ns3:atemp>
            <ns3:hr>125</ns3:hr>
            <ns3:cad>86</ns3:cad>
          </ns3:TrackPointExtension>
        </extensions>
      </trkpt>
      <trkpt lat="39.901177324354648590087890625" lon="116.31749681197106838226318359375">
        <ele>56.40000152587890625</ele>
        <time>2026-09-27T00:02:45.000Z</time>
        <extensions>
          <ns3:TrackPointExtension>
            <ns3:atemp>24.0</ns3:atemp>
            <ns3:hr>126</ns3:hr>
            <ns3:cad>86</ns3:cad>
          </ns3:TrackPointExtension>
        </extensions>
      </trkpt>
      <trkpt lat="39.9011848680675029754638671875" lon="116.31751541979610919952392578125">
        <ele>56.40000152587890625</ele>
        <time>2026-09-27T00:02:46.000Z</time>
        <extensions>
          <ns3:TrackPointExtension>
            <ns3:atemp>24.0</ns3:atemp>
            <ns3:hr>125</ns3:hr>
            <ns3:cad>87</ns3:cad>
          </ns3:TrackPointExtension>
        </extensions>
      </trkpt>
      <trkpt lat="39.9011939205229282379150390625" lon="116.3175438344478607177734375">
        <ele>56.40000152587890625</ele>
        <time>2026-09-27T00:02:47.000Z</time>
        <extensions>
          <ns3:TrackPointExtension>
            <ns3:atemp>24.0</ns3:atemp>
            <ns3:hr>126</ns3:hr>
            <ns3:cad>87</ns3:cad>
          </ns3:TrackPointExtension>
        </extensions>
      </trkpt>
      <trkpt lat="39.9011872150003910064697265625" lon="116.31757275201380252838134765625">
        <ele>56.40000152587890625</ele>
        <time>2026-09-27T00:02:48.000Z</time>
        <extensions>
          <ns3:TrackPointExtension>
            <ns3:atemp>24.0</ns3:atemp>
            <ns3:hr>126</ns3:hr>
            <ns3:cad>86</ns3:cad>
          </ns3:TrackPointExtension>
        </extensions>
      </trkpt>
      <trkpt lat="39.901165254414081573486328125" lon="116.31759957410395145416259765625">
        <ele>56.40000152587890625</ele>
        <time>2026-09-27T00:02:49.000Z</time>
        <extensions>
          <ns3:TrackPointExtension>
            <ns3:atemp>24.0</ns3:atemp>
            <ns3:hr>126</ns3:hr>
            <ns3:cad>86</ns3:cad>
          </ns3:TrackPointExtension>
        </extensions>
      </trkpt>
      <trkpt lat="39.9011516757309436798095703125" lon="116.31763209588825702667236328125">
        <ele>56.200000762939453125</ele>
        <time>2026-09-27T00:02:50.000Z</time>
        <extensions>
          <ns3:TrackPointExtension>
            <ns3:atemp>24.0</ns3:atemp>
            <ns3:hr>126</ns3:hr>
            <ns3:cad>86</ns3:cad>
          </ns3:TrackPointExtension>
        </extensions>
      </trkpt>
      <trkpt lat="39.90113876760005950927734375" lon="116.31766495294868946075439453125">
        <ele>56.200000762939453125</ele>
        <time>2026-09-27T00:02:51.000Z</time>
        <extensions>
          <ns3:TrackPointExtension>
            <ns3:atemp>24.0</ns3:atemp>
            <ns3:hr>126</ns3:hr>
            <ns3:cad>87</ns3:cad>
          </ns3:TrackPointExtension>
        </extensions>
      </trkpt>
      <trkpt lat="39.90110884420573711395263671875" lon="116.31769227795302867889404296875">
        <ele>56.200000762939453125</ele>
        <time>2026-09-27T00:02:52.000Z</time>
        <extensions>
          <ns3:TrackPointExtension>
            <ns3:atemp>24.0</ns3:atemp>
            <ns3:hr>126</ns3:hr>
            <ns3:cad>87</ns3:cad>
          </ns3:TrackPointExtension>
        </extensions>
      </trkpt>
      <trkpt lat="39.90109979175031185150146484375" lon="116.31772630847990512847900390625">
        <ele>56.200000762939453125</ele>
        <time>2026-09-27T00:02:53.000Z</time>
        <extensions>
          <ns3:TrackPointExtension>
            <ns3:atemp>24.0</ns3:atemp>
            <ns3:hr>126</ns3:hr>
            <ns3:cad>87</ns3:cad>
          </ns3:TrackPointExtension>
        </extensions>
      </trkpt>
      <trkpt lat="39.9010661803185939788818359375" lon="116.31775765679776668548583984375">
        <ele>56.200000762939453125</ele>
        <time>2026-09-27T00:02:54.000Z</time>
        <extensions>
          <ns3:TrackPointExtension>
            <ns3:atemp>24.0</ns3:atemp>
            <ns3:hr>126</ns3:hr>
            <ns3:cad>87</ns3:cad>
          </ns3:TrackPointExtension>
        </extensions>
      </trkpt>
      <trkpt lat="39.90105134434998035430908203125" lon="116.31778246723115444183349609375">
        <ele>56</ele>
        <time>2026-09-27T00:02:55.000Z</time>
        <extensions>
          <ns3:TrackPointExtension>
            <ns3:atemp>24.0</ns3:atemp>
            <ns3:hr>126</ns3:hr>
            <ns3:cad>88</ns3:cad>
          </ns3:TrackPointExtension>
        </extensions>
      </trkpt>
      <trkpt lat="39.90106492303311824798583984375" lon="116.3178256340324878692626953125">
        <ele>56</ele>
        <time>2026-09-27T00:02:56.000Z</time>
        <extensions>
          <ns3:TrackPointExtension>
            <ns3:atemp>24.0</ns3:atemp>
            <ns3:hr>127</ns3:hr>
            <ns3:cad>88</ns3:cad>
          </ns3:TrackPointExtension>
        </extensions>
      </trkpt>
      <trkpt lat="39.90107305347919464111328125" lon="116.3178621791303157806396484375">
        <ele>56</ele>
        <time>2026-09-27T00:02:57.000Z</time>
        <extensions>
          <ns3:TrackPointExtension>
            <ns3:atemp>24.0</ns3:atemp>
            <ns3:hr>127</ns3:hr>
            <ns3:cad>88</ns3:cad>
          </ns3:TrackPointExtension>
        </extensions>
      </trkpt>
      <trkpt lat="39.90108084864914417266845703125" lon="116.31789855659008026123046875">
        <ele>56</ele>
        <time>2026-09-27T00:02:58.000Z</time>
        <extensions>
          <ns3:TrackPointExtension>
            <ns3:atemp>24.0</ns3:atemp>
            <ns3:hr>128</ns3:hr>
            <ns3:cad>88</ns3:cad>
          </ns3:TrackPointExtension>
        </extensions>
      </trkpt>
      <trkpt lat="39.9010859616100788116455078125" lon="116.31792713887989521026611328125">
        <ele>56</ele>
        <time>2026-09-27T00:02:59.000Z</time>
        <extensions>
          <ns3:TrackPointExtension>
            <ns3:atemp>24.0</ns3:atemp>
            <ns3:hr>129</ns3:hr>
            <ns3:cad>88</ns3:cad>
          </ns3:TrackPointExtension>
        </extensions>
      </trkpt>
      <trkpt lat="39.9010909907519817352294921875" lon="116.3179567269980907440185546875">
        <ele>55.799999237060546875</ele>
        <time>2026-09-27T00:03:00.000Z</time>
        <extensions>
          <ns3:TrackPointExtension>
            <ns3:atemp>24.0</ns3:atemp>
            <ns3:hr>129</ns3:hr>
            <ns3:cad>88</ns3:cad>
          </ns3:TrackPointExtension>
        </extensions>
      </trkpt>
      <trkpt lat="39.90109593607485294342041015625" lon="116.3179842196404933929443359375">
        <ele>55.799999237060546875</ele>
        <time>2026-09-27T00:03:01.000Z</time>
        <extensions>
          <ns3:TrackPointExtension>
            <ns3:atemp>24.0</ns3:atemp>
            <ns3:hr>130</ns3:hr>
            <ns3:cad>88</ns3:cad>
          </ns3:TrackPointExtension>
        </extensions>
      </trkpt>
      <trkpt lat="39.9011044017970561981201171875" lon="116.31800978444516658782958984375">
        <ele>55.799999237060546875</ele>
        <time>2026-09-27T00:03:02.000Z</time>
        <extensions>
          <ns3:TrackPointExtension>
            <ns3:atemp>24.0</ns3:atemp>
            <ns3:hr>131</ns3:hr>
            <ns3:cad>88</ns3:cad>
          </ns3:TrackPointExtension>
        </extensions>
      </trkpt>
      <trkpt lat="39.90107171237468719482421875" lon="116.3180234469473361968994140625">
        <ele>55.799999237060546875</ele>
        <time>2026-09-27T00:03:03.000Z</time>
        <extensions>
          <ns3:TrackPointExtension>
            <ns3:atemp>24.0</ns3:atemp>
            <ns3:hr>131</ns3:hr>
            <ns3:cad>88</ns3:cad>
          </ns3:TrackPointExtension>
        </extensions>
      </trkpt>
      <trkpt lat="39.90101949311792850494384765625" lon="116.31804984994232654571533203125">
        <ele>55.799999237060546875</ele>
        <time>2026-09-27T00:03:04.000Z</time>
        <extensions>
          <ns3:TrackPointExtension>
            <ns3:atemp>24.0</ns3:atemp>
            <ns3:hr>131</ns3:hr>
            <ns3:cad>87</ns3:cad>
          </ns3:TrackPointExtension>
        </extensions>
      </trkpt>
      <trkpt lat="39.9010051600635051727294921875" lon="116.31808094680309295654296875">
        <ele>55.799999237060546875</ele>
        <time>2026-09-27T00:03:05.000Z</time>
        <extensions>
          <ns3:TrackPointExtension>
            <ns3:atemp>24.0</ns3:atemp>
            <ns3:hr>131</ns3:hr>
            <ns3:cad>87</ns3:cad>
          </ns3:TrackPointExtension>
        </extensions>
      </trkpt>
      <trkpt lat="39.9010205827653408050537109375" lon="116.3181069307029247283935546875">
        <ele>55.799999237060546875</ele>
        <time>2026-09-27T00:03:06.000Z</time>
        <extensions>
          <ns3:TrackPointExtension>
            <ns3:atemp>24.0</ns3:atemp>
            <ns3:hr>131</ns3:hr>
            <ns3:cad>87</ns3:cad>
          </ns3:TrackPointExtension>
        </extensions>
      </trkpt>
      <trkpt lat="39.9010065011680126190185546875" lon="116.3181354291737079620361328125">
        <ele>55.799999237060546875</ele>
        <time>2026-09-27T00:03:07.000Z</time>
        <extensions>
          <ns3:TrackPointExtension>
            <ns3:atemp>24.0</ns3:atemp>
            <ns3:hr>131</ns3:hr>
            <ns3:cad>87</ns3:cad>
          </ns3:TrackPointExtension>
        </extensions>
      </trkpt>
      <trkpt lat="39.90101396106183528900146484375" lon="116.3181696273386478424072265625">
        <ele>55.799999237060546875</ele>
        <time>2026-09-27T00:03:08.000Z</time>
        <extensions>
          <ns3:TrackPointExtension>
            <ns3:atemp>24.0</ns3:atemp>
            <ns3:hr>131</ns3:hr>
            <ns3:cad>87</ns3:cad>
          </ns3:TrackPointExtension>
        </extensions>
      </trkpt>
      <trkpt lat="39.9009974487125873565673828125" lon="116.318199634552001953125">
        <ele>55.799999237060546875</ele>
        <time>2026-09-27T00:03:09.000Z</time>
        <extensions>
          <ns3:TrackPointExtension>
            <ns3:atemp>24.0</ns3:atemp>
            <ns3:hr>131</ns3:hr>
            <ns3:cad>87</ns3:cad>
          </ns3:TrackPointExtension>
        </extensions>
      </trkpt>
      <trkpt lat="39.9010334908962249755859375" lon="116.31823525764048099517822265625">
        <ele>55.799999237060546875</ele>
        <time>2026-09-27T00:03:10.000Z</time>
        <extensions>
          <ns3:TrackPointExtension>
            <ns3:atemp>24.0</ns3:atemp>
            <ns3:hr>131</ns3:hr>
            <ns3:cad>87</ns3:cad>
          </ns3:TrackPointExtension>
        </extensions>
      </trkpt>
      <trkpt lat="39.90106609649956226348876953125" lon="116.3182749040424823760986328125">
        <ele>55.799999237060546875</ele>
        <time>2026-09-27T00:03:11.000Z</time>
        <extensions>
          <ns3:TrackPointExtension>
            <ns3:atemp>24.0</ns3:atemp>
            <ns3:hr>131</ns3:hr>
            <ns3:cad>87</ns3:cad>
          </ns3:TrackPointExtension>
        </extensions>
      </trkpt>
      <trkpt lat="39.9010735563933849334716796875" lon="116.3183136284351348876953125">
        <ele>55.799999237060546875</ele>
        <time>2026-09-27T00:03:12.000Z</time>
        <extensions>
          <ns3:TrackPointExtension>
            <ns3:atemp>24.0</ns3:atemp>
            <ns3:hr>131</ns3:hr>
            <ns3:cad>87</ns3:cad>
          </ns3:TrackPointExtension>
        </extensions>
      </trkpt>
      <trkpt lat="39.901089482009410858154296875" lon="116.318350844085216522216796875">
        <ele>55.799999237060546875</ele>
        <time>2026-09-27T00:03:13.000Z</time>
        <extensions>
          <ns3:TrackPointExtension>
            <ns3:atemp>24.0</ns3:atemp>
            <ns3:hr>131</ns3:hr>
            <ns3:cad>87</ns3:cad>
          </ns3:TrackPointExtension>
        </extensions>
      </trkpt>
      <trkpt lat="39.9011030606925487518310546875" lon="116.3183724693953990936279296875">
        <ele>55.799999237060546875</ele>
        <time>2026-09-27T00:03:14.000Z</time>
        <extensions>
          <ns3:TrackPointExtension>
            <ns3:atemp>24.0</ns3:atemp>
            <ns3:hr>131</ns3:hr>
            <ns3:cad>87</ns3:cad>
          </ns3:TrackPointExtension>
        </extensions>
      </trkpt>
      <trkpt lat="39.901115633547306060791015625" lon="116.31841597147285938262939453125">
        <ele>55.799999237060546875</ele>
        <time>2026-09-27T00:03:15.000Z</time>
        <extensions>
          <ns3:TrackPointExtension>
            <ns3:atemp>24.0</ns3:atemp>
            <ns3:hr>131</ns3:hr>
            <ns3:cad>87</ns3:cad>
          </ns3:TrackPointExtension>
        </extensions>
      </trkpt>
      <trkpt lat="39.90112091414630413055419921875" lon="116.31844312883913516998291015625">
        <ele>55.799999237060546875</ele>
        <time>2026-09-27T00:03:16.000Z</time>
        <extensions>
          <ns3:TrackPointExtension>
            <ns3:atemp>24.0</ns3:atemp>
            <ns3:hr>131</ns3:hr>
            <ns3:cad>87</ns3:cad>
          </ns3:TrackPointExtension>
        </extensions>
      </trkpt>
      <trkpt lat="39.90112175233662128448486328125" lon="116.3184717111289501190185546875">
        <ele>55.799999237060546875</ele>
        <time>2026-09-27T00:03:17.000Z</time>
        <extensions>
          <ns3:TrackPointExtension>
            <ns3:atemp>24.0</ns3:atemp>
            <ns3:hr>131</ns3:hr>
            <ns3:cad>87</ns3:cad>
          </ns3:TrackPointExtension>
        </extensions>
      </trkpt>
      <trkpt lat="39.90112560801208019256591796875" lon="116.318504400551319122314453125">
        <ele>55.799999237060546875</ele>
        <time>2026-09-27T00:03:18.000Z</time>
        <extensions>
          <ns3:TrackPointExtension>
            <ns3:atemp>24.0</ns3:atemp>
            <ns3:hr>131</ns3:hr>
            <ns3:cad>87</ns3:cad>
          </ns3:TrackPointExtension>
        </extensions>
      </trkpt>
      <trkpt lat="39.9011315591633319854736328125" lon="116.3185367546975612640380859375">
        <ele>55.799999237060546875</ele>
        <time>2026-09-27T00:03:19.000Z</time>
        <extensions>
          <ns3:TrackPointExtension>
            <ns3:atemp>24.0</ns3:atemp>
            <ns3:hr>131</ns3:hr>
            <ns3:cad>87</ns3:cad>
          </ns3:TrackPointExtension>
        </extensions>
      </trkpt>
      <trkpt lat="39.901152513921260833740234375" lon="116.31858277134597301483154296875">
        <ele>55.59999847412109375</ele>
        <time>2026-09-27T00:03:20.000Z</time>
        <extensions>
          <ns3:TrackPointExtension>
            <ns3:atemp>24.0</ns3:atemp>
            <ns3:hr>131</ns3:hr>
            <ns3:cad>87</ns3:cad>
          </ns3:TrackPointExtension>
        </extensions>
      </trkpt>
      <trkpt lat="39.90117824636399745941162109375" lon="116.31861948408186435699462890625">
        <ele>55.59999847412109375</ele>
        <time>2026-09-27T00:03:21.000Z</time>
        <extensions>
          <ns3:TrackPointExtension>
            <ns3:atemp>24.0</ns3:atemp>
            <ns3:hr>131</ns3:hr>
            <ns3:cad>87</ns3:cad>
          </ns3:TrackPointExtension>
        </extensions>
      </trkpt>
      <trkpt lat="39.9011945910751819610595703125" lon="116.31865887902677059173583984375">
        <ele>55.59999847412109375</ele>
        <time>2026-09-27T00:03:22.000Z</time>
        <extensions>
          <ns3:TrackPointExtension>
            <ns3:atemp>24.0</ns3:atemp>
            <ns3:hr>131</ns3:hr>
            <ns3:cad>87</ns3:cad>
          </ns3:TrackPointExtension>
        </extensions>
      </trkpt>
      <trkpt lat="39.9011892266571521759033203125" lon="116.3186886347830295562744140625">
        <ele>55.59999847412109375</ele>
        <time>2026-09-27T00:03:23.000Z</time>
        <extensions>
          <ns3:TrackPointExtension>
            <ns3:atemp>24.0</ns3:atemp>
            <ns3:hr>130</ns3:hr>
            <ns3:cad>87</ns3:cad>
          </ns3:TrackPointExtension>
        </extensions>
      </trkpt>
      <trkpt lat="39.9011942557990550994873046875" lon="116.3187251798808574676513671875">
        <ele>55.59999847412109375</ele>
        <time>2026-09-27T00:03:24.000Z</time>
        <extensions>
          <ns3:TrackPointExtension>
            <ns3:atemp>24.0</ns3:atemp>
            <ns3:hr>130</ns3:hr>
            <ns3:cad>88</ns3:cad>
          </ns3:TrackPointExtension>
        </extensions>
      </trkpt>
      <trkpt lat="39.9011979438364505767822265625" lon="116.31875879131257534027099609375">
        <ele>55.59999847412109375</ele>
        <time>2026-09-27T00:03:25.000Z</time>
        <extensions>
          <ns3:TrackPointExtension>
            <ns3:atemp>24.0</ns3:atemp>
            <ns3:hr>129</ns3:hr>
            <ns3:cad>88</ns3:cad>
          </ns3:TrackPointExtension>
        </extensions>
      </trkpt>
      <trkpt lat="39.90120640955865383148193359375" lon="116.318794079124927520751953125">
        <ele>55.59999847412109375</ele>
        <time>2026-09-27T00:03:26.000Z</time>
        <extensions>
          <ns3:TrackPointExtension>
            <ns3:atemp>24.0</ns3:atemp>
            <ns3:hr>129</ns3:hr>
            <ns3:cad>88</ns3:cad>
          </ns3:TrackPointExtension>
        </extensions>
      </trkpt>
      <trkpt lat="39.90121479146182537078857421875" lon="116.31882769055664539337158203125">
        <ele>55.59999847412109375</ele>
        <time>2026-09-27T00:03:27.000Z</time>
        <extensions>
          <ns3:TrackPointExtension>
            <ns3:atemp>24.0</ns3:atemp>
            <ns3:hr>128</ns3:hr>
            <ns3:cad>88</ns3:cad>
          </ns3:TrackPointExtension>
        </extensions>
      </trkpt>
      <trkpt lat="39.90121898241341114044189453125" lon="116.31885551847517490386962890625">
        <ele>55.59999847412109375</ele>
        <time>2026-09-27T00:03:28.000Z</time>
        <extensions>
          <ns3:TrackPointExtension>
            <ns3:atemp>24.0</ns3:atemp>
            <ns3:hr>127</ns3:hr>
            <ns3:cad>88</ns3:cad>
          </ns3:TrackPointExtension>
        </extensions>
      </trkpt>
      <trkpt lat="39.9012284539639949798583984375" lon="116.31888686679303646087646484375">
        <ele>55.59999847412109375</ele>
        <time>2026-09-27T00:03:29.000Z</time>
        <extensions>
          <ns3:TrackPointExtension>
            <ns3:atemp>24.0</ns3:atemp>
            <ns3:hr>127</ns3:hr>
            <ns3:cad>86</ns3:cad>
          </ns3:TrackPointExtension>
        </extensions>
      </trkpt>
      <trkpt lat="39.9012378416955471038818359375" lon="116.3189119286835193634033203125">
        <ele>55.59999847412109375</ele>
        <time>2026-09-27T00:03:30.000Z</time>
        <extensions>
          <ns3:TrackPointExtension>
            <ns3:atemp>24.0</ns3:atemp>
            <ns3:hr>126</ns3:hr>
            <ns3:cad>86</ns3:cad>
          </ns3:TrackPointExtension>
        </extensions>
      </trkpt>
      <trkpt lat="39.901242367923259735107421875" lon="116.31893883459270000457763671875">
        <ele>55.59999847412109375</ele>
        <time>2026-09-27T00:03:31.000Z</time>
        <extensions>
          <ns3:TrackPointExtension>
            <ns3:atemp>24.0</ns3:atemp>
            <ns3:hr>125</ns3:hr>
            <ns3:cad>87</ns3:cad>
          </ns3:TrackPointExtension>
        </extensions>
      </trkpt>
      <trkpt lat="39.901235997676849365234375" lon="116.3189642317593097686767578125">
        <ele>55.59999847412109375</ele>
        <time>2026-09-27T00:03:32.000Z</time>
        <extensions>
          <ns3:TrackPointExtension>
            <ns3:atemp>24.0</ns3:atemp>
            <ns3:hr>125</ns3:hr>
            <ns3:cad>87</ns3:cad>
          </ns3:TrackPointExtension>
        </extensions>
      </trkpt>
      <trkpt lat="39.90122258663177490234375" lon="116.318996585905551910400390625">
        <ele>55.59999847412109375</ele>
        <time>2026-09-27T00:03:33.000Z</time>
        <extensions>
          <ns3:TrackPointExtension>
            <ns3:atemp>24.0</ns3:atemp>
            <ns3:hr>125</ns3:hr>
            <ns3:cad>87</ns3:cad>
          </ns3:TrackPointExtension>
        </extensions>
      </trkpt>
      <trkpt lat="39.9012123607099056243896484375" lon="116.3190255872905254364013671875">
        <ele>55.59999847412109375</ele>
        <time>2026-09-27T00:03:34.000Z</time>
        <extensions>
          <ns3:TrackPointExtension>
            <ns3:atemp>24.0</ns3:atemp>
            <ns3:hr>126</ns3:hr>
            <ns3:cad>88</ns3:cad>
          </ns3:TrackPointExtension>
        </extensions>
      </trkpt>
      <trkpt lat="39.90120825357735157012939453125" lon="116.31905450485646724700927734375">
        <ele>55.59999847412109375</ele>
        <time>2026-09-27T00:03:35.000Z</time>
        <extensions>
          <ns3:TrackPointExtension>
            <ns3:atemp>24.0</ns3:atemp>
            <ns3:hr>126</ns3:hr>
            <ns3:cad>88</ns3:cad>
          </ns3:TrackPointExtension>
        </extensions>
      </trkpt>
      <trkpt lat="39.90120314061641693115234375" lon="116.31908141076564788818359375">
        <ele>55.40000152587890625</ele>
        <time>2026-09-27T00:03:36.000Z</time>
        <extensions>
          <ns3:TrackPointExtension>
            <ns3:atemp>24.0</ns3:atemp>
            <ns3:hr>126</ns3:hr>
            <ns3:cad>88</ns3:cad>
          </ns3:TrackPointExtension>
        </extensions>
      </trkpt>
      <trkpt lat="39.9011925794184207916259765625" lon="116.3191070593893527984619140625">
        <ele>55.59999847412109375</ele>
        <time>2026-09-27T00:03:37.000Z</time>
        <extensions>
          <ns3:TrackPointExtension>
            <ns3:atemp>24.0</ns3:atemp>
            <ns3:hr>126</ns3:hr>
            <ns3:cad>88</ns3:cad>
          </ns3:TrackPointExtension>
        </extensions>
      </trkpt>
      <trkpt lat="39.9011863768100738525390625" lon="116.31913413293659687042236328125">
        <ele>55.59999847412109375</ele>
        <time>2026-09-27T00:03:38.000Z</time>
        <extensions>
          <ns3:TrackPointExtension>
            <ns3:atemp>24.0</ns3:atemp>
            <ns3:hr>126</ns3:hr>
            <ns3:cad>88</ns3:cad>
          </ns3:TrackPointExtension>
        </extensions>
      </trkpt>
      <trkpt lat="39.9011888913810253143310546875" lon="116.319165565073490142822265625">
        <ele>55.40000152587890625</ele>
        <time>2026-09-27T00:03:39.000Z</time>
        <extensions>
          <ns3:TrackPointExtension>
            <ns3:atemp>24.0</ns3:atemp>
            <ns3:hr>126</ns3:hr>
            <ns3:cad>88</ns3:cad>
          </ns3:TrackPointExtension>
        </extensions>
      </trkpt>
      <trkpt lat="39.90119668655097484588623046875" lon="116.31919867359101772308349609375">
        <ele>55.40000152587890625</ele>
        <time>2026-09-27T00:03:40.000Z</time>
        <extensions>
          <ns3:TrackPointExtension>
            <ns3:atemp>24.0</ns3:atemp>
            <ns3:hr>127</ns3:hr>
            <ns3:cad>87</ns3:cad>
          </ns3:TrackPointExtension>
        </extensions>
      </trkpt>
      <trkpt lat="39.9011962674558162689208984375" lon="116.31923186592757701873779296875">
        <ele>55.59999847412109375</ele>
        <time>2026-09-27T00:03:41.000Z</time>
        <extensions>
          <ns3:TrackPointExtension>
            <ns3:atemp>24.0</ns3:atemp>
            <ns3:hr>127</ns3:hr>
            <ns3:cad>87</ns3:cad>
          </ns3:TrackPointExtension>
        </extensions>
      </trkpt>
      <trkpt lat="39.90119777619838714599609375" lon="116.319262124598026275634765625">
        <ele>55.40000152587890625</ele>
        <time>2026-09-27T00:03:42.000Z</time>
        <extensions>
          <ns3:TrackPointExtension>
            <ns3:atemp>24.0</ns3:atemp>
            <ns3:hr>127</ns3:hr>
            <ns3:cad>87</ns3:cad>
          </ns3:TrackPointExtension>
        </extensions>
      </trkpt>
      <trkpt lat="39.9011944234371185302734375" lon="116.3192897848784923553466796875">
        <ele>55.40000152587890625</ele>
        <time>2026-09-27T00:03:43.000Z</time>
        <extensions>
          <ns3:TrackPointExtension>
            <ns3:atemp>24.0</ns3:atemp>
            <ns3:hr>128</ns3:hr>
            <ns3:cad>87</ns3:cad>
          </ns3:TrackPointExtension>
        </extensions>
      </trkpt>
      <trkpt lat="39.90118729881942272186279296875" lon="116.31932012736797332763671875">
        <ele>55.40000152587890625</ele>
        <time>2026-09-27T00:03:44.000Z</time>
        <extensions>
          <ns3:TrackPointExtension>
            <ns3:atemp>24.0</ns3:atemp>
            <ns3:hr>128</ns3:hr>
            <ns3:cad>87</ns3:cad>
          </ns3:TrackPointExtension>
        </extensions>
      </trkpt>
      <trkpt lat="39.9011955969035625457763671875" lon="116.3193477876484394073486328125">
        <ele>55.40000152587890625</ele>
        <time>2026-09-27T00:03:45.000Z</time>
        <extensions>
          <ns3:TrackPointExtension>
            <ns3:atemp>24.0</ns3:atemp>
            <ns3:hr>128</ns3:hr>
            <ns3:cad>87</ns3:cad>
          </ns3:TrackPointExtension>
        </extensions>
      </trkpt>
      <trkpt lat="39.9011882208287715911865234375" lon="116.3193731009960174560546875">
        <ele>55.59999847412109375</ele>
        <time>2026-09-27T00:03:46.000Z</time>
        <extensions>
          <ns3:TrackPointExtension>
            <ns3:atemp>24.0</ns3:atemp>
            <ns3:hr>129</ns3:hr>
            <ns3:cad>87</ns3:cad>
          </ns3:TrackPointExtension>
        </extensions>
      </trkpt>
      <trkpt lat="39.9011805094778537750244140625" lon="116.31939045153558254241943359375">
        <ele>55.59999847412109375</ele>
        <time>2026-09-27T00:03:47.000Z</time>
        <extensions>
          <ns3:TrackPointExtension>
            <ns3:atemp>24.0</ns3:atemp>
            <ns3:hr>130</ns3:hr>
            <ns3:cad>86</ns3:cad>
          </ns3:TrackPointExtension>
        </extensions>
      </trkpt>
      <trkpt lat="39.90116986446082592010498046875" lon="116.31940252147614955902099609375">
        <ele>55.59999847412109375</ele>
        <time>2026-09-27T00:03:48.000Z</time>
        <extensions>
          <ns3:TrackPointExtension>
            <ns3:atemp>24.0</ns3:atemp>
            <ns3:hr>130</ns3:hr>
            <ns3:cad>86</ns3:cad>
          </ns3:TrackPointExtension>
        </extensions>
      </trkpt>
      <trkpt lat="39.90116450004279613494873046875" lon="116.319411657750606536865234375">
        <ele>55.59999847412109375</ele>
        <time>2026-09-27T00:03:49.000Z</time>
        <extensions>
          <ns3:TrackPointExtension>
            <ns3:atemp>24.0</ns3:atemp>
            <ns3:hr>130</ns3:hr>
            <ns3:cad>86</ns3:cad>
          </ns3:TrackPointExtension>
        </extensions>
      </trkpt>
      <trkpt lat="39.90114907734096050262451171875" lon="116.31941794417798519134521484375">
        <ele>55.799999237060546875</ele>
        <time>2026-09-27T00:03:50.000Z</time>
        <extensions>
          <ns3:TrackPointExtension>
            <ns3:atemp>24.0</ns3:atemp>
            <ns3:hr>130</ns3:hr>
            <ns3:cad>85</ns3:cad>
          </ns3:TrackPointExtension>
        </extensions>
      </trkpt>
      <trkpt lat="39.90113348700106143951416015625" lon="116.31942146457731723785400390625">
        <ele>55.799999237060546875</ele>
        <time>2026-09-27T00:03:51.000Z</time>
        <extensions>
          <ns3:TrackPointExtension>
            <ns3:atemp>24.0</ns3:atemp>
            <ns3:hr>130</ns3:hr>
            <ns3:cad>85</ns3:cad>
          </ns3:TrackPointExtension>
        </extensions>
      </trkpt>
      <trkpt lat="39.90110817365348339080810546875" lon="116.31941978819668292999267578125">
        <ele>56</ele>
        <time>2026-09-27T00:03:52.000Z</time>
        <extensions>
          <ns3:TrackPointExtension>
            <ns3:atemp>24.0</ns3:atemp>
            <ns3:hr>130</ns3:hr>
            <ns3:cad>85</ns3:cad>
          </ns3:TrackPointExtension>
        </extensions>
      </trkpt>
      <trkpt lat="39.9010899849236011505126953125" lon="116.31941190920770168304443359375">
        <ele>56</ele>
        <time>2026-09-27T00:03:53.000Z</time>
        <extensions>
          <ns3:TrackPointExtension>
            <ns3:atemp>24.0</ns3:atemp>
            <ns3:hr>130</ns3:hr>
            <ns3:cad>85</ns3:cad>
          </ns3:TrackPointExtension>
        </extensions>
      </trkpt>
      <trkpt lat="39.90106726996600627899169921875" lon="116.31940654478967189788818359375">
        <ele>56</ele>
        <time>2026-09-27T00:03:54.000Z</time>
        <extensions>
          <ns3:TrackPointExtension>
            <ns3:atemp>24.0</ns3:atemp>
            <ns3:hr>130</ns3:hr>
            <ns3:cad>85</ns3:cad>
          </ns3:TrackPointExtension>
        </extensions>
      </trkpt>
      <trkpt lat="39.90105687640607357025146484375" lon="116.31940553896129131317138671875">
        <ele>56.200000762939453125</ele>
        <time>2026-09-27T00:03:55.000Z</time>
        <extensions>
          <ns3:TrackPointExtension>
            <ns3:atemp>24.0</ns3:atemp>
            <ns3:hr>129</ns3:hr>
            <ns3:cad>85</ns3:cad>
          </ns3:TrackPointExtension>
        </extensions>
      </trkpt>
      <trkpt lat="39.90104447118937969207763671875" lon="116.31940319202840328216552734375">
        <ele>56.40000152587890625</ele>
        <time>2026-09-27T00:03:56.000Z</time>
        <extensions>
          <ns3:TrackPointExtension>
            <ns3:atemp>24.0</ns3:atemp>
            <ns3:hr>129</ns3:hr>
            <ns3:cad>85</ns3:cad>
          </ns3:TrackPointExtension>
        </extensions>
      </trkpt>
      <trkpt lat="39.90102745592594146728515625" lon="116.31940620951354503631591796875">
        <ele>56.59999847412109375</ele>
        <time>2026-09-27T00:03:57.000Z</time>
        <extensions>
          <ns3:TrackPointExtension>
            <ns3:atemp>24.0</ns3:atemp>
            <ns3:hr>129</ns3:hr>
            <ns3:cad>85</ns3:cad>
          </ns3:TrackPointExtension>
        </extensions>
      </trkpt>
      <trkpt lat="39.9010115303099155426025390625" lon="116.31940738297998905181884765625">
        <ele>56.799999237060546875</ele>
        <time>2026-09-27T00:03:58.000Z</time>
        <extensions>
          <ns3:TrackPointExtension>
            <ns3:atemp>24.0</ns3:atemp>
            <ns3:hr>129</ns3:hr>
            <ns3:cad>86</ns3:cad>
          </ns3:TrackPointExtension>
        </extensions>
      </trkpt>
      <trkpt lat="39.9009971134364604949951171875" lon="116.31941928528249263763427734375">
        <ele>56.799999237060546875</ele>
        <time>2026-09-27T00:03:59.000Z</time>
        <extensions>
          <ns3:TrackPointExtension>
            <ns3:atemp>24.0</ns3:atemp>
            <ns3:hr>129</ns3:hr>
            <ns3:cad>86</ns3:cad>
          </ns3:TrackPointExtension>
        </extensions>
      </trkpt>
      <trkpt lat="39.9009806849062442779541015625" lon="116.31943487562239170074462890625">
        <ele>56.799999237060546875</ele>
        <time>2026-09-27T00:04:00.000Z</time>
        <extensions>
          <ns3:TrackPointExtension>
            <ns3:atemp>24.0</ns3:atemp>
            <ns3:hr>129</ns3:hr>
            <ns3:cad>86</ns3:cad>
          </ns3:TrackPointExtension>
        </extensions>
      </trkpt>
      <trkpt lat="39.9009691178798675537109375" lon="116.3194463588297367095947265625">
        <ele>56.799999237060546875</ele>
        <time>2026-09-27T00:04:01.000Z</time>
        <extensions>
          <ns3:TrackPointExtension>
            <ns3:atemp>24.0</ns3:atemp>
            <ns3:hr>129</ns3:hr>
            <ns3:cad>86</ns3:cad>
          </ns3:TrackPointExtension>
        </extensions>
      </trkpt>
      <trkpt lat="39.9009528569877147674560546875" lon="116.31946840323507785797119140625">
        <ele>57</ele>
        <time>2026-09-27T00:04:02.000Z</time>
        <extensions>
          <ns3:TrackPointExtension>
            <ns3:atemp>24.0</ns3:atemp>
            <ns3:hr>129</ns3:hr>
            <ns3:cad>86</ns3:cad>
          </ns3:TrackPointExtension>
        </extensions>
      </trkpt>
      <trkpt lat="39.90094472654163837432861328125" lon="116.31947929970920085906982421875">
        <ele>57</ele>
        <time>2026-09-27T00:04:03.000Z</time>
        <extensions>
          <ns3:TrackPointExtension>
            <ns3:atemp>24.0</ns3:atemp>
            <ns3:hr>129</ns3:hr>
            <ns3:cad>87</ns3:cad>
          </ns3:TrackPointExtension>
        </extensions>
      </trkpt>
      <trkpt lat="39.90092880092561244964599609375" lon="116.31948332302272319793701171875">
        <ele>57</ele>
        <time>2026-09-27T00:04:04.000Z</time>
        <extensions>
          <ns3:TrackPointExtension>
            <ns3:atemp>24.0</ns3:atemp>
            <ns3:hr>129</ns3:hr>
            <ns3:cad>87</ns3:cad>
          </ns3:TrackPointExtension>
        </extensions>
      </trkpt>
      <trkpt lat="39.9009168148040771484375" lon="116.31949715316295623779296875">
        <ele>57</ele>
        <time>2026-09-27T00:04:05.000Z</time>
        <extensions>
          <ns3:TrackPointExtension>
            <ns3:atemp>24.0</ns3:atemp>
            <ns3:hr>130</ns3:hr>
            <ns3:cad>87</ns3:cad>
          </ns3:TrackPointExtension>
        </extensions>
      </trkpt>
      <trkpt lat="39.90090717561542987823486328125" lon="116.3195127435028553009033203125">
        <ele>57</ele>
        <time>2026-09-27T00:04:06.000Z</time>
        <extensions>
          <ns3:TrackPointExtension>
            <ns3:atemp>24.0</ns3:atemp>
            <ns3:hr>130</ns3:hr>
            <ns3:cad>87</ns3:cad>
          </ns3:TrackPointExtension>
        </extensions>
      </trkpt>
      <trkpt lat="39.90088722668588161468505859375" lon="116.3195164315402507781982421875">
        <ele>57</ele>
        <time>2026-09-27T00:04:07.000Z</time>
        <extensions>
          <ns3:TrackPointExtension>
            <ns3:atemp>24.0</ns3:atemp>
            <ns3:hr>130</ns3:hr>
            <ns3:cad>87</ns3:cad>
          </ns3:TrackPointExtension>
        </extensions>
      </trkpt>
      <trkpt lat="39.90086509846150875091552734375" lon="116.319519616663455963134765625">
        <ele>57</ele>
        <time>2026-09-27T00:04:08.000Z</time>
        <extensions>
          <ns3:TrackPointExtension>
            <ns3:atemp>24.0</ns3:atemp>
            <ns3:hr>130</ns3:hr>
            <ns3:cad>87</ns3:cad>
          </ns3:TrackPointExtension>
        </extensions>
      </trkpt>
      <trkpt lat="39.9008395336568355560302734375" lon="116.31952355615794658660888671875">
        <ele>57</ele>
        <time>2026-09-27T00:04:09.000Z</time>
        <extensions>
          <ns3:TrackPointExtension>
            <ns3:atemp>24.0</ns3:atemp>
            <ns3:hr>130</ns3:hr>
            <ns3:cad>86</ns3:cad>
          </ns3:TrackPointExtension>
        </extensions>
      </trkpt>
      <trkpt lat="39.90082168020308017730712890625" lon="116.3195228017866611480712890625">
        <ele>57</ele>
        <time>2026-09-27T00:04:10.000Z</time>
        <extensions>
          <ns3:TrackPointExtension>
            <ns3:atemp>24.0</ns3:atemp>
            <ns3:hr>130</ns3:hr>
            <ns3:cad>86</ns3:cad>
          </ns3:TrackPointExtension>
        </extensions>
      </trkpt>
      <trkpt lat="39.9007759988307952880859375" lon="116.31953797303140163421630859375">
        <ele>57</ele>
        <time>2026-09-27T00:04:11.000Z</time>
        <extensions>
          <ns3:TrackPointExtension>
            <ns3:atemp>24.0</ns3:atemp>
            <ns3:hr>130</ns3:hr>
            <ns3:cad>86</ns3:cad>
          </ns3:TrackPointExtension>
        </extensions>
      </trkpt>
      <trkpt lat="39.90073375403881072998046875" lon="116.31953562609851360321044921875">
        <ele>57</ele>
        <time>2026-09-27T00:04:12.000Z</time>
        <extensions>
          <ns3:TrackPointExtension>
            <ns3:atemp>24.0</ns3:atemp>
            <ns3:hr>131</ns3:hr>
            <ns3:cad>86</ns3:cad>
          </ns3:TrackPointExtension>
        </extensions>
      </trkpt>
      <trkpt lat="39.9007215164601802825927734375" lon="116.3195342011749744415283203125">
        <ele>57</ele>
        <time>2026-09-27T00:04:13.000Z</time>
        <extensions>
          <ns3:TrackPointExtension>
            <ns3:atemp>24.0</ns3:atemp>
            <ns3:hr>131</ns3:hr>
            <ns3:cad>86</ns3:cad>
          </ns3:TrackPointExtension>
        </extensions>
      </trkpt>
      <trkpt lat="39.90070567466318607330322265625" lon="116.319527328014373779296875">
        <ele>57</ele>
        <time>2026-09-27T00:04:14.000Z</time>
        <extensions>
          <ns3:TrackPointExtension>
            <ns3:atemp>24.0</ns3:atemp>
            <ns3:hr>131</ns3:hr>
            <ns3:cad>87</ns3:cad>
          </ns3:TrackPointExtension>
        </extensions>
      </trkpt>
      <trkpt lat="39.9006883241236209869384765625" lon="116.31951953284442424774169921875">
        <ele>57</ele>
        <time>2026-09-27T00:04:15.000Z</time>
        <extensions>
          <ns3:TrackPointExtension>
            <ns3:atemp>24.0</ns3:atemp>
            <ns3:hr>131</ns3:hr>
            <ns3:cad>87</ns3:cad>
          </ns3:TrackPointExtension>
        </extensions>
      </trkpt>
      <trkpt lat="39.90067474544048309326171875" lon="116.319506876170635223388671875">
        <ele>57</ele>
        <time>2026-09-27T00:04:16.000Z</time>
        <extensions>
          <ns3:TrackPointExtension>
            <ns3:atemp>24.0</ns3:atemp>
            <ns3:hr>131</ns3:hr>
            <ns3:cad>86</ns3:cad>
          </ns3:TrackPointExtension>
        </extensions>
      </trkpt>
      <trkpt lat="39.900662004947662353515625" lon="116.3194983266294002532958984375">
        <ele>57</ele>
        <time>2026-09-27T00:04:17.000Z</time>
        <extensions>
          <ns3:TrackPointExtension>
            <ns3:atemp>24.0</ns3:atemp>
            <ns3:hr>131</ns3:hr>
            <ns3:cad>86</ns3:cad>
          </ns3:TrackPointExtension>
        </extensions>
      </trkpt>
      <trkpt lat="39.90065722726285457611083984375" lon="116.31949069909751415252685546875">
        <ele>57</ele>
        <time>2026-09-27T00:04:18.000Z</time>
        <extensions>
          <ns3:TrackPointExtension>
            <ns3:atemp>24.0</ns3:atemp>
            <ns3:hr>131</ns3:hr>
            <ns3:cad>86</ns3:cad>
          </ns3:TrackPointExtension>
        </extensions>
      </trkpt>
      <trkpt lat="39.90064985118806362152099609375" lon="116.3194805569946765899658203125">
        <ele>57</ele>
        <time>2026-09-27T00:04:19.000Z</time>
        <extensions>
          <ns3:TrackPointExtension>
            <ns3:atemp>24.0</ns3:atemp>
            <ns3:hr>131</ns3:hr>
            <ns3:cad>86</ns3:cad>
          </ns3:TrackPointExtension>
        </extensions>
      </trkpt>
      <trkpt lat="39.900634177029132843017578125" lon="116.3194755278527736663818359375">
        <ele>57</ele>
        <time>2026-09-27T00:04:20.000Z</time>
        <extensions>
          <ns3:TrackPointExtension>
            <ns3:atemp>24.0</ns3:atemp>
            <ns3:hr>131</ns3:hr>
            <ns3:cad>87</ns3:cad>
          </ns3:TrackPointExtension>
        </extensions>
      </trkpt>
      <trkpt lat="39.9006071873009204864501953125" lon="116.31948240101337432861328125">
        <ele>57</ele>
        <time>2026-09-27T00:04:21.000Z</time>
        <extensions>
          <ns3:TrackPointExtension>
            <ns3:atemp>24.0</ns3:atemp>
            <ns3:hr>131</ns3:hr>
            <ns3:cad>87</ns3:cad>
          </ns3:TrackPointExtension>
        </extensions>
      </trkpt>
      <trkpt lat="39.90058958530426025390625" lon="116.3194872625172138214111328125">
        <ele>57</ele>
        <time>2026-09-27T00:04:22.000Z</time>
        <extensions>
          <ns3:TrackPointExtension>
            <ns3:atemp>24.0</ns3:atemp>
            <ns3:hr>131</ns3:hr>
            <ns3:cad>87</ns3:cad>
          </ns3:TrackPointExtension>
        </extensions>
      </trkpt>
      <trkpt lat="39.90057290531694889068603515625" lon="116.31948910653591156005859375">
        <ele>57</ele>
        <time>2026-09-27T00:04:23.000Z</time>
        <extensions>
          <ns3:TrackPointExtension>
            <ns3:atemp>24.0</ns3:atemp>
            <ns3:hr>131</ns3:hr>
            <ns3:cad>87</ns3:cad>
          </ns3:TrackPointExtension>
        </extensions>
      </trkpt>
      <trkpt lat="39.90056955255568027496337890625" lon="116.31949623115360736846923828125">
        <ele>57</ele>
        <time>2026-09-27T00:04:24.000Z</time>
        <extensions>
          <ns3:TrackPointExtension>
            <ns3:atemp>24.0</ns3:atemp>
            <ns3:hr>130</ns3:hr>
            <ns3:cad>87</ns3:cad>
          </ns3:TrackPointExtension>
        </extensions>
      </trkpt>
      <trkpt lat="39.90055714733898639678955078125" lon="116.31950922310352325439453125">
        <ele>57</ele>
        <time>2026-09-27T00:04:25.000Z</time>
        <extensions>
          <ns3:TrackPointExtension>
            <ns3:atemp>24.0</ns3:atemp>
            <ns3:hr>130</ns3:hr>
            <ns3:cad>87</ns3:cad>
          </ns3:TrackPointExtension>
        </extensions>
      </trkpt>
      <trkpt lat="39.90054574795067310333251953125" lon="116.3195241428911685943603515625">
        <ele>57</ele>
        <time>2026-09-27T00:04:26.000Z</time>
        <extensions>
          <ns3:TrackPointExtension>
            <ns3:atemp>24.0</ns3:atemp>
            <ns3:hr>130</ns3:hr>
            <ns3:cad>87</ns3:cad>
          </ns3:TrackPointExtension>
        </extensions>
      </trkpt>
      <trkpt lat="39.900526888668537139892578125" lon="116.31953814066946506500244140625">
        <ele>57</ele>
        <time>2026-09-27T00:04:27.000Z</time>
        <extensions>
          <ns3:TrackPointExtension>
            <ns3:atemp>24.0</ns3:atemp>
            <ns3:hr>130</ns3:hr>
            <ns3:cad>87</ns3:cad>
          </ns3:TrackPointExtension>
        </extensions>
      </trkpt>
      <trkpt lat="39.900514818727970123291015625" lon="116.319553814828395843505859375">
        <ele>57</ele>
        <time>2026-09-27T00:04:28.000Z</time>
        <extensions>
          <ns3:TrackPointExtension>
            <ns3:atemp>24.0</ns3:atemp>
            <ns3:hr>130</ns3:hr>
            <ns3:cad>87</ns3:cad>
          </ns3:TrackPointExtension>
        </extensions>
      </trkpt>
      <trkpt lat="39.90049839019775390625" lon="116.31956663914024829864501953125">
        <ele>57</ele>
        <time>2026-09-27T00:04:29.000Z</time>
        <extensions>
          <ns3:TrackPointExtension>
            <ns3:atemp>24.0</ns3:atemp>
            <ns3:hr>130</ns3:hr>
            <ns3:cad>87</ns3:cad>
          </ns3:TrackPointExtension>
        </extensions>
      </trkpt>
      <trkpt lat="39.90047768689692020416259765625" lon="116.3195777870714664459228515625">
        <ele>57</ele>
        <time>2026-09-27T00:04:30.000Z</time>
        <extensions>
          <ns3:TrackPointExtension>
            <ns3:atemp>24.0</ns3:atemp>
            <ns3:hr>130</ns3:hr>
            <ns3:cad>87</ns3:cad>
          </ns3:TrackPointExtension>
        </extensions>
      </trkpt>
      <trkpt lat="39.90045874379575252532958984375" lon="116.31958901882171630859375">
        <ele>57</ele>
        <time>2026-09-27T00:04:31.000Z</time>
        <extensions>
          <ns3:TrackPointExtension>
            <ns3:atemp>24.0</ns3:atemp>
            <ns3:hr>130</ns3:hr>
            <ns3:cad>87</ns3:cad>
          </ns3:TrackPointExtension>
        </extensions>
      </trkpt>
      <trkpt lat="39.900433681905269622802734375" lon="116.31959396414458751678466796875">
        <ele>57</ele>
        <time>2026-09-27T00:04:32.000Z</time>
        <extensions>
          <ns3:TrackPointExtension>
            <ns3:atemp>24.0</ns3:atemp>
            <ns3:hr>130</ns3:hr>
            <ns3:cad>87</ns3:cad>
          </ns3:TrackPointExtension>
        </extensions>
      </trkpt>
      <trkpt lat="39.9004211090505123138427734375" lon="116.3195824809372425079345703125">
        <ele>57</ele>
        <time>2026-09-27T00:04:33.000Z</time>
        <extensions>
          <ns3:TrackPointExtension>
            <ns3:atemp>24.0</ns3:atemp>
            <ns3:hr>130</ns3:hr>
            <ns3:cad>88</ns3:cad>
          </ns3:TrackPointExtension>
        </extensions>
      </trkpt>
      <trkpt lat="39.90039520896971225738525390625" lon="116.31957493722438812255859375">
        <ele>57</ele>
        <time>2026-09-27T00:04:34.000Z</time>
        <extensions>
          <ns3:TrackPointExtension>
            <ns3:atemp>24.0</ns3:atemp>
            <ns3:hr>129</ns3:hr>
            <ns3:cad>88</ns3:cad>
          </ns3:TrackPointExtension>
        </extensions>
      </trkpt>
      <trkpt lat="39.9003681354224681854248046875" lon="116.31956781260669231414794921875">
        <ele>57</ele>
        <time>2026-09-27T00:04:35.000Z</time>
        <extensions>
          <ns3:TrackPointExtension>
            <ns3:atemp>24.0</ns3:atemp>
            <ns3:hr>129</ns3:hr>
            <ns3:cad>88</ns3:cad>
          </ns3:TrackPointExtension>
        </extensions>
      </trkpt>
      <trkpt lat="39.9003483541309833526611328125" lon="116.31955490447580814361572265625">
        <ele>56.799999237060546875</ele>
        <time>2026-09-27T00:04:36.000Z</time>
        <extensions>
          <ns3:TrackPointExtension>
            <ns3:atemp>24.0</ns3:atemp>
            <ns3:hr>129</ns3:hr>
            <ns3:cad>88</ns3:cad>
          </ns3:TrackPointExtension>
        </extensions>
      </trkpt>
      <trkpt lat="39.90033008158206939697265625" lon="116.3195402361452579498291015625">
        <ele>57</ele>
        <time>2026-09-27T00:04:37.000Z</time>
        <extensions>
          <ns3:TrackPointExtension>
            <ns3:atemp>24.0</ns3:atemp>
            <ns3:hr>129</ns3:hr>
            <ns3:cad>88</ns3:cad>
          </ns3:TrackPointExtension>
        </extensions>
      </trkpt>
      <trkpt lat="39.90029982291162014007568359375" lon="116.3195181079208850860595703125">
        <ele>56.799999237060546875</ele>
        <time>2026-09-27T00:04:38.000Z</time>
        <extensions>
          <ns3:TrackPointExtension>
            <ns3:atemp>24.0</ns3:atemp>
            <ns3:hr>129</ns3:hr>
            <ns3:cad>88</ns3:cad>
          </ns3:TrackPointExtension>
        </extensions>
      </trkpt>
      <trkpt lat="39.90027668885886669158935546875" lon="116.31951550953090190887451171875">
        <ele>56.799999237060546875</ele>
        <time>2026-09-27T00:04:39.000Z</time>
        <extensions>
          <ns3:TrackPointExtension>
            <ns3:atemp>24.0</ns3:atemp>
            <ns3:hr>129</ns3:hr>
            <ns3:cad>88</ns3:cad>
          </ns3:TrackPointExtension>
        </extensions>
      </trkpt>
      <trkpt lat="39.90024919621646404266357421875" lon="116.319501511752605438232421875">
        <ele>56.799999237060546875</ele>
        <time>2026-09-27T00:04:40.000Z</time>
        <extensions>
          <ns3:TrackPointExtension>
            <ns3:atemp>24.0</ns3:atemp>
            <ns3:hr>129</ns3:hr>
            <ns3:cad>88</ns3:cad>
          </ns3:TrackPointExtension>
        </extensions>
      </trkpt>
      <trkpt lat="39.9002169258892536163330078125" lon="116.3194979913532733917236328125">
        <ele>56.799999237060546875</ele>
        <time>2026-09-27T00:04:41.000Z</time>
        <extensions>
          <ns3:TrackPointExtension>
            <ns3:atemp>24.0</ns3:atemp>
            <ns3:hr>129</ns3:hr>
            <ns3:cad>88</ns3:cad>
          </ns3:TrackPointExtension>
        </extensions>
      </trkpt>
      <trkpt lat="39.90019328892230987548828125" lon="116.31949254311621189117431640625">
        <ele>56.799999237060546875</ele>
        <time>2026-09-27T00:04:42.000Z</time>
        <extensions>
          <ns3:TrackPointExtension>
            <ns3:atemp>24.0</ns3:atemp>
            <ns3:hr>129</ns3:hr>
            <ns3:cad>88</ns3:cad>
          </ns3:TrackPointExtension>
        </extensions>
      </trkpt>
      <trkpt lat="39.90016437135636806488037109375" lon="116.31949807517230510711669921875">
        <ele>56.799999237060546875</ele>
        <time>2026-09-27T00:04:43.000Z</time>
        <extensions>
          <ns3:TrackPointExtension>
            <ns3:atemp>24.0</ns3:atemp>
            <ns3:hr>129</ns3:hr>
            <ns3:cad>88</ns3:cad>
          </ns3:TrackPointExtension>
        </extensions>
      </trkpt>
      <trkpt lat="39.90013436414301395416259765625" lon="116.31950385868549346923828125">
        <ele>56.799999237060546875</ele>
        <time>2026-09-27T00:04:44.000Z</time>
        <extensions>
          <ns3:TrackPointExtension>
            <ns3:atemp>24.0</ns3:atemp>
            <ns3:hr>129</ns3:hr>
            <ns3:cad>88</ns3:cad>
          </ns3:TrackPointExtension>
        </extensions>
      </trkpt>
      <trkpt lat="39.90011307410895824432373046875" lon="116.319508217275142669677734375">
        <ele>56.799999237060546875</ele>
        <time>2026-09-27T00:04:45.000Z</time>
        <extensions>
          <ns3:TrackPointExtension>
            <ns3:atemp>24.0</ns3:atemp>
            <ns3:hr>129</ns3:hr>
            <ns3:cad>88</ns3:cad>
          </ns3:TrackPointExtension>
        </extensions>
      </trkpt>
      <trkpt lat="39.90009144879877567291259765625" lon="116.31951324641704559326171875">
        <ele>56.799999237060546875</ele>
        <time>2026-09-27T00:04:46.000Z</time>
        <extensions>
          <ns3:TrackPointExtension>
            <ns3:atemp>24.0</ns3:atemp>
            <ns3:hr>129</ns3:hr>
            <ns3:cad>88</ns3:cad>
          </ns3:TrackPointExtension>
        </extensions>
      </trkpt>
      <trkpt lat="39.9000616930425167083740234375" lon="116.31951198913156986236572265625">
        <ele>56.799999237060546875</ele>
        <time>2026-09-27T00:04:47.000Z</time>
        <extensions>
          <ns3:TrackPointExtension>
            <ns3:atemp>24.0</ns3:atemp>
            <ns3:hr>129</ns3:hr>
            <ns3:cad>88</ns3:cad>
          </ns3:TrackPointExtension>
        </extensions>
      </trkpt>
      <trkpt lat="39.9000278301537036895751953125" lon="116.31951592862606048583984375">
        <ele>56.59999847412109375</ele>
        <time>2026-09-27T00:04:48.000Z</time>
        <extensions>
          <ns3:TrackPointExtension>
            <ns3:atemp>24.0</ns3:atemp>
            <ns3:hr>129</ns3:hr>
            <ns3:cad>88</ns3:cad>
          </ns3:TrackPointExtension>
        </extensions>
      </trkpt>
      <trkpt lat="39.89999036304652690887451171875" lon="116.3195204548537731170654296875">
        <ele>56.59999847412109375</ele>
        <time>2026-09-27T00:04:49.000Z</time>
        <extensions>
          <ns3:TrackPointExtension>
            <ns3:atemp>24.0</ns3:atemp>
            <ns3:hr>130</ns3:hr>
            <ns3:cad>88</ns3:cad>
          </ns3:TrackPointExtension>
        </extensions>
      </trkpt>
      <trkpt lat="39.8999547399580478668212890625" lon="116.31951383315026760101318359375">
        <ele>56.59999847412109375</ele>
        <time>2026-09-27T00:04:50.000Z</time>
        <extensions>
          <ns3:TrackPointExtension>
            <ns3:atemp>24.0</ns3:atemp>
            <ns3:hr>130</ns3:hr>
            <ns3:cad>88</ns3:cad>
          </ns3:TrackPointExtension>
        </extensions>
      </trkpt>
      <trkpt lat="39.899920709431171417236328125" lon="116.3195006735622882843017578125">
        <ele>56.59999847412109375</ele>
        <time>2026-09-27T00:04:51.000Z</time>
        <extensions>
          <ns3:TrackPointExtension>
            <ns3:atemp>24.0</ns3:atemp>
            <ns3:hr>130</ns3:hr>
            <ns3:cad>88</ns3:cad>
          </ns3:TrackPointExtension>
        </extensions>
      </trkpt>
      <trkpt lat="39.89989078603684902191162109375" lon="116.31949447095394134521484375">
        <ele>56.59999847412109375</ele>
        <time>2026-09-27T00:04:52.000Z</time>
        <extensions>
          <ns3:TrackPointExtension>
            <ns3:atemp>24.0</ns3:atemp>
            <ns3:hr>131</ns3:hr>
            <ns3:cad>88</ns3:cad>
          </ns3:TrackPointExtension>
        </extensions>
      </trkpt>
      <trkpt lat="39.899867735803127288818359375" lon="116.3194949738681316375732421875">
        <ele>56.40000152587890625</ele>
        <time>2026-09-27T00:04:53.000Z</time>
        <extensions>
          <ns3:TrackPointExtension>
            <ns3:atemp>24.0</ns3:atemp>
            <ns3:hr>131</ns3:hr>
            <ns3:cad>88</ns3:cad>
          </ns3:TrackPointExtension>
        </extensions>
      </trkpt>
      <trkpt lat="39.89984887652099132537841796875" lon="116.31950092501938343048095703125">
        <ele>56.40000152587890625</ele>
        <time>2026-09-27T00:04:54.000Z</time>
        <extensions>
          <ns3:TrackPointExtension>
            <ns3:atemp>24.0</ns3:atemp>
            <ns3:hr>132</ns3:hr>
            <ns3:cad>88</ns3:cad>
          </ns3:TrackPointExtension>
        </extensions>
      </trkpt>
      <trkpt lat="39.89983848296105861663818359375" lon="116.31950117647647857666015625">
        <ele>56.40000152587890625</ele>
        <time>2026-09-27T00:04:55.000Z</time>
        <extensions>
          <ns3:TrackPointExtension>
            <ns3:atemp>24.0</ns3:atemp>
            <ns3:hr>132</ns3:hr>
            <ns3:cad>88</ns3:cad>
          </ns3:TrackPointExtension>
        </extensions>
      </trkpt>
      <trkpt lat="39.8998102359473705291748046875" lon="116.31951752118766307830810546875">
        <ele>56.40000152587890625</ele>
        <time>2026-09-27T00:04:56.000Z</time>
        <extensions>
          <ns3:TrackPointExtension>
            <ns3:atemp>24.0</ns3:atemp>
            <ns3:hr>132</ns3:hr>
            <ns3:cad>88</ns3:cad>
          </ns3:TrackPointExtension>
        </extensions>
      </trkpt>
      <trkpt lat="39.89979120902717113494873046875" lon="116.31953059695661067962646484375">
        <ele>56.40000152587890625</ele>
        <time>2026-09-27T00:04:57.000Z</time>
        <extensions>
          <ns3:TrackPointExtension>
            <ns3:atemp>24.0</ns3:atemp>
            <ns3:hr>132</ns3:hr>
            <ns3:cad>88</ns3:cad>
          </ns3:TrackPointExtension>
        </extensions>
      </trkpt>
      <trkpt lat="39.89976857788860797882080078125" lon="116.3195415772497653961181640625">
        <ele>56.40000152587890625</ele>
        <time>2026-09-27T00:04:58.000Z</time>
        <extensions>
          <ns3:TrackPointExtension>
            <ns3:atemp>24.0</ns3:atemp>
            <ns3:hr>132</ns3:hr>
            <ns3:cad>88</ns3:cad>
          </ns3:TrackPointExtension>
        </extensions>
      </trkpt>
      <trkpt lat="39.8997445218265056610107421875" lon="116.31954384036362171173095703125">
        <ele>56.40000152587890625</ele>
        <time>2026-09-27T00:04:59.000Z</time>
        <extensions>
          <ns3:TrackPointExtension>
            <ns3:atemp>24.0</ns3:atemp>
            <ns3:hr>131</ns3:hr>
            <ns3:cad>88</ns3:cad>
          </ns3:TrackPointExtension>
        </extensions>
      </trkpt>
      <trkpt lat="39.89971945993602275848388671875" lon="116.31954954005777835845947265625">
        <ele>56.40000152587890625</ele>
        <time>2026-09-27T00:05:00.000Z</time>
        <extensions>
          <ns3:TrackPointExtension>
            <ns3:atemp>24.0</ns3:atemp>
            <ns3:hr>131</ns3:hr>
            <ns3:cad>88</ns3:cad>
          </ns3:TrackPointExtension>
        </extensions>
      </trkpt>
      <trkpt lat="39.8997006006538867950439453125" lon="116.319555155932903289794921875">
        <ele>56.40000152587890625</ele>
        <time>2026-09-27T00:05:01.000Z</time>
        <extensions>
          <ns3:TrackPointExtension>
            <ns3:atemp>24.0</ns3:atemp>
            <ns3:hr>131</ns3:hr>
            <ns3:cad>88</ns3:cad>
          </ns3:TrackPointExtension>
        </extensions>
      </trkpt>
      <trkpt lat="39.89968190900981426239013671875" lon="116.319555826485157012939453125">
        <ele>56.40000152587890625</ele>
        <time>2026-09-27T00:05:02.000Z</time>
        <extensions>
          <ns3:TrackPointExtension>
            <ns3:atemp>24.0</ns3:atemp>
            <ns3:hr>131</ns3:hr>
            <ns3:cad>88</ns3:cad>
          </ns3:TrackPointExtension>
        </extensions>
      </trkpt>
      <trkpt lat="39.89965877495706081390380859375" lon="116.31955440156161785125732421875">
        <ele>56.40000152587890625</ele>
        <time>2026-09-27T00:05:03.000Z</time>
        <extensions>
          <ns3:TrackPointExtension>
            <ns3:atemp>24.0</ns3:atemp>
            <ns3:hr>130</ns3:hr>
            <ns3:cad>87</ns3:cad>
          </ns3:TrackPointExtension>
        </extensions>
      </trkpt>
      <trkpt lat="39.8996355570852756500244140625" lon="116.31954870186746120452880859375">
        <ele>56.40000152587890625</ele>
        <time>2026-09-27T00:05:04.000Z</time>
        <extensions>
          <ns3:TrackPointExtension>
            <ns3:atemp>24.0</ns3:atemp>
            <ns3:hr>129</ns3:hr>
            <ns3:cad>87</ns3:cad>
          </ns3:TrackPointExtension>
        </extensions>
      </trkpt>
      <trkpt lat="39.89961451850831508636474609375" lon="116.3195519708096981048583984375">
        <ele>56.40000152587890625</ele>
        <time>2026-09-27T00:05:05.000Z</time>
        <extensions>
          <ns3:TrackPointExtension>
            <ns3:atemp>24.0</ns3:atemp>
            <ns3:hr>129</ns3:hr>
            <ns3:cad>87</ns3:cad>
          </ns3:TrackPointExtension>
        </extensions>
      </trkpt>
      <trkpt lat="39.89959021098911762237548828125" lon="116.31955272518098354339599609375">
        <ele>56.40000152587890625</ele>
        <time>2026-09-27T00:05:06.000Z</time>
        <extensions>
          <ns3:TrackPointExtension>
            <ns3:atemp>24.0</ns3:atemp>
            <ns3:hr>128</ns3:hr>
            <ns3:cad>87</ns3:cad>
          </ns3:TrackPointExtension>
        </extensions>
      </trkpt>
      <trkpt lat="39.89956171251833438873291015625" lon="116.31955423392355442047119140625">
        <ele>56.40000152587890625</ele>
        <time>2026-09-27T00:05:07.000Z</time>
        <extensions>
          <ns3:TrackPointExtension>
            <ns3:atemp>24.0</ns3:atemp>
            <ns3:hr>127</ns3:hr>
            <ns3:cad>87</ns3:cad>
          </ns3:TrackPointExtension>
        </extensions>
      </trkpt>
      <trkpt lat="39.89953120239078998565673828125" lon="116.31957133300602436065673828125">
        <ele>56.40000152587890625</ele>
        <time>2026-09-27T00:05:08.000Z</time>
        <extensions>
          <ns3:TrackPointExtension>
            <ns3:atemp>24.0</ns3:atemp>
            <ns3:hr>127</ns3:hr>
            <ns3:cad>87</ns3:cad>
          </ns3:TrackPointExtension>
        </extensions>
      </trkpt>
      <trkpt lat="39.8995208926498889923095703125" lon="116.31957870908081531524658203125">
        <ele>56.40000152587890625</ele>
        <time>2026-09-27T00:05:09.000Z</time>
        <extensions>
          <ns3:TrackPointExtension>
            <ns3:atemp>24.0</ns3:atemp>
            <ns3:hr>127</ns3:hr>
            <ns3:cad>88</ns3:cad>
          </ns3:TrackPointExtension>
        </extensions>
      </trkpt>
      <trkpt lat="39.89951477386057376861572265625" lon="116.31958558224141597747802734375">
        <ele>56.40000152587890625</ele>
        <time>2026-09-27T00:05:10.000Z</time>
        <extensions>
          <ns3:TrackPointExtension>
            <ns3:atemp>24.0</ns3:atemp>
            <ns3:hr>127</ns3:hr>
            <ns3:cad>88</ns3:cad>
          </ns3:TrackPointExtension>
        </extensions>
      </trkpt>
      <trkpt lat="39.89951594732701778411865234375" lon="116.31958340294659137725830078125">
        <ele>56.40000152587890625</ele>
        <time>2026-09-27T00:05:11.000Z</time>
        <extensions>
          <ns3:TrackPointExtension>
            <ns3:atemp>24.0</ns3:atemp>
            <ns3:hr>127</ns3:hr>
            <ns3:cad>88</ns3:cad>
          </ns3:TrackPointExtension>
        </extensions>
      </trkpt>
      <trkpt lat="39.89952416159212589263916015625" lon="116.3195811398327350616455078125">
        <ele>56.200000762939453125</ele>
        <time>2026-09-27T00:05:12.000Z</time>
        <extensions>
          <ns3:TrackPointExtension>
            <ns3:atemp>24.0</ns3:atemp>
            <ns3:hr>126</ns3:hr>
            <ns3:cad>88</ns3:cad>
          </ns3:TrackPointExtension>
        </extensions>
      </trkpt>
      <trkpt lat="39.8995234072208404541015625" lon="116.31957217119634151458740234375">
        <ele>56.200000762939453125</ele>
        <time>2026-09-27T00:05:13.000Z</time>
        <extensions>
          <ns3:TrackPointExtension>
            <ns3:atemp>24.0</ns3:atemp>
            <ns3:hr>126</ns3:hr>
            <ns3:cad>88</ns3:cad>
          </ns3:TrackPointExtension>
        </extensions>
      </trkpt>
      <trkpt lat="39.899519383907318115234375" lon="116.31956060416996479034423828125">
        <ele>56.200000762939453125</ele>
        <time>2026-09-27T00:05:14.000Z</time>
        <extensions>
          <ns3:TrackPointExtension>
            <ns3:atemp>24.0</ns3:atemp>
            <ns3:hr>125</ns3:hr>
            <ns3:cad>88</ns3:cad>
          </ns3:TrackPointExtension>
        </extensions>
      </trkpt>
      <trkpt lat="39.899507649242877960205078125" lon="116.31955213844776153564453125">
        <ele>56.200000762939453125</ele>
        <time>2026-09-27T00:05:15.000Z</time>
        <extensions>
          <ns3:TrackPointExtension>
            <ns3:atemp>24.0</ns3:atemp>
            <ns3:hr>125</ns3:hr>
            <ns3:cad>88</ns3:cad>
          </ns3:TrackPointExtension>
        </extensions>
      </trkpt>
      <trkpt lat="39.8995011113584041595458984375" lon="116.3195469416677951812744140625">
        <ele>56.200000762939453125</ele>
        <time>2026-09-27T00:05:16.000Z</time>
        <extensions>
          <ns3:TrackPointExtension>
            <ns3:atemp>24.0</ns3:atemp>
            <ns3:hr>126</ns3:hr>
            <ns3:cad>88</ns3:cad>
          </ns3:TrackPointExtension>
        </extensions>
      </trkpt>
      <trkpt lat="39.89949113689363002777099609375" lon="116.31954249925911426544189453125">
        <ele>56.200000762939453125</ele>
        <time>2026-09-27T00:05:17.000Z</time>
        <extensions>
          <ns3:TrackPointExtension>
            <ns3:atemp>24.0</ns3:atemp>
            <ns3:hr>126</ns3:hr>
            <ns3:cad>88</ns3:cad>
          </ns3:TrackPointExtension>
        </extensions>
      </trkpt>
      <trkpt lat="39.89949046634137630462646484375" lon="116.31955607794225215911865234375">
        <ele>56.200000762939453125</ele>
        <time>2026-09-27T00:05:18.000Z</time>
        <extensions>
          <ns3:TrackPointExtension>
            <ns3:atemp>24.0</ns3:atemp>
            <ns3:hr>126</ns3:hr>
            <ns3:cad>88</ns3:cad>
          </ns3:TrackPointExtension>
        </extensions>
      </trkpt>
      <trkpt lat="39.89948677830398082733154296875" lon="116.31955205462872982025146484375">
        <ele>56.200000762939453125</ele>
        <time>2026-09-27T00:05:19.000Z</time>
        <extensions>
          <ns3:TrackPointExtension>
            <ns3:atemp>24.0</ns3:atemp>
            <ns3:hr>126</ns3:hr>
            <ns3:cad>88</ns3:cad>
          </ns3:TrackPointExtension>
        </extensions>
      </trkpt>
      <trkpt lat="39.8994732834398746490478515625" lon="116.31954501383006572723388671875">
        <ele>56</ele>
        <time>2026-09-27T00:05:20.000Z</time>
        <extensions>
          <ns3:TrackPointExtension>
            <ns3:atemp>24.0</ns3:atemp>
            <ns3:hr>126</ns3:hr>
            <ns3:cad>88</ns3:cad>
          </ns3:TrackPointExtension>
        </extensions>
      </trkpt>
      <trkpt lat="39.8994521610438823699951171875" lon="116.31954316981136798858642578125">
        <ele>56</ele>
        <time>2026-09-27T00:05:21.000Z</time>
        <extensions>
          <ns3:TrackPointExtension>
            <ns3:atemp>24.0</ns3:atemp>
            <ns3:hr>126</ns3:hr>
            <ns3:cad>88</ns3:cad>
          </ns3:TrackPointExtension>
        </extensions>
      </trkpt>
      <trkpt lat="39.89943363703787326812744140625" lon="116.31954409182071685791015625">
        <ele>56</ele>
        <time>2026-09-27T00:05:22.000Z</time>
        <extensions>
          <ns3:TrackPointExtension>
            <ns3:atemp>24.0</ns3:atemp>
            <ns3:hr>125</ns3:hr>
            <ns3:cad>88</ns3:cad>
          </ns3:TrackPointExtension>
        </extensions>
      </trkpt>
      <trkpt lat="39.8994122631847858428955078125" lon="116.319544427096843719482421875">
        <ele>56</ele>
        <time>2026-09-27T00:05:23.000Z</time>
        <extensions>
          <ns3:TrackPointExtension>
            <ns3:atemp>24.0</ns3:atemp>
            <ns3:hr>125</ns3:hr>
            <ns3:cad>87</ns3:cad>
          </ns3:TrackPointExtension>
        </extensions>
      </trkpt>
      <trkpt lat="39.89938686601817607879638671875" lon="116.31954182870686054229736328125">
        <ele>56</ele>
        <time>2026-09-27T00:05:24.000Z</time>
        <extensions>
          <ns3:TrackPointExtension>
            <ns3:atemp>24.0</ns3:atemp>
            <ns3:hr>125</ns3:hr>
            <ns3:cad>87</ns3:cad>
          </ns3:TrackPointExtension>
        </extensions>
      </trkpt>
      <trkpt lat="39.89936239086091518402099609375" lon="116.3195395655930042266845703125">
        <ele>56</ele>
        <time>2026-09-27T00:05:25.000Z</time>
        <extensions>
          <ns3:TrackPointExtension>
            <ns3:atemp>24.0</ns3:atemp>
            <ns3:hr>125</ns3:hr>
            <ns3:cad>87</ns3:cad>
          </ns3:TrackPointExtension>
        </extensions>
      </trkpt>
      <trkpt lat="39.8993381671607494354248046875" lon="116.3195388950407505035400390625">
        <ele>56</ele>
        <time>2026-09-27T00:05:26.000Z</time>
        <extensions>
          <ns3:TrackPointExtension>
            <ns3:atemp>24.0</ns3:atemp>
            <ns3:hr>125</ns3:hr>
            <ns3:cad>87</ns3:cad>
          </ns3:TrackPointExtension>
        </extensions>
      </trkpt>
      <trkpt lat="39.89931779913604259490966796875" lon="116.3195321895182132720947265625">
        <ele>56</ele>
        <time>2026-09-27T00:05:27.000Z</time>
        <extensions>
          <ns3:TrackPointExtension>
            <ns3:atemp>24.0</ns3:atemp>
            <ns3:hr>125</ns3:hr>
            <ns3:cad>87</ns3:cad>
          </ns3:TrackPointExtension>
        </extensions>
      </trkpt>
      <trkpt lat="39.8993016220629215240478515625" lon="116.319526322185993194580078125">
        <ele>56</ele>
        <time>2026-09-27T00:05:28.000Z</time>
        <extensions>
          <ns3:TrackPointExtension>
            <ns3:atemp>24.0</ns3:atemp>
            <ns3:hr>125</ns3:hr>
            <ns3:cad>87</ns3:cad>
          </ns3:TrackPointExtension>
        </extensions>
      </trkpt>
      <trkpt lat="39.89927790127694606781005859375" lon="116.31953244097530841827392578125">
        <ele>56</ele>
        <time>2026-09-27T00:05:29.000Z</time>
        <extensions>
          <ns3:TrackPointExtension>
            <ns3:atemp>24.0</ns3:atemp>
            <ns3:hr>125</ns3:hr>
            <ns3:cad>87</ns3:cad>
          </ns3:TrackPointExtension>
        </extensions>
      </trkpt>
      <trkpt lat="39.89925795234739780426025390625" lon="116.319531016051769256591796875">
        <ele>56</ele>
        <time>2026-09-27T00:05:30.000Z</time>
        <extensions>
          <ns3:TrackPointExtension>
            <ns3:atemp>24.0</ns3:atemp>
            <ns3:hr>125</ns3:hr>
            <ns3:cad>87</ns3:cad>
          </ns3:TrackPointExtension>
        </extensions>
      </trkpt>
      <trkpt lat="39.899234063923358917236328125" lon="116.31953948177397251129150390625">
        <ele>55.799999237060546875</ele>
        <time>2026-09-27T00:05:31.000Z</time>
        <extensions>
          <ns3:TrackPointExtension>
            <ns3:atemp>24.0</ns3:atemp>
            <ns3:hr>125</ns3:hr>
            <ns3:cad>87</ns3:cad>
          </ns3:TrackPointExtension>
        </extensions>
      </trkpt>
      <trkpt lat="39.89920757710933685302734375" lon="116.3195462711155414581298828125">
        <ele>55.799999237060546875</ele>
        <time>2026-09-27T00:05:32.000Z</time>
        <extensions>
          <ns3:TrackPointExtension>
            <ns3:atemp>24.0</ns3:atemp>
            <ns3:hr>124</ns3:hr>
            <ns3:cad>87</ns3:cad>
          </ns3:TrackPointExtension>
        </extensions>
      </trkpt>
      <trkpt lat="39.8991839401423931121826171875" lon="116.31954853422939777374267578125">
        <ele>55.799999237060546875</ele>
        <time>2026-09-27T00:05:33.000Z</time>
        <extensions>
          <ns3:TrackPointExtension>
            <ns3:atemp>24.0</ns3:atemp>
            <ns3:hr>124</ns3:hr>
            <ns3:cad>86</ns3:cad>
          </ns3:TrackPointExtension>
        </extensions>
      </trkpt>
      <trkpt lat="39.8991628177464008331298828125" lon="116.31954610347747802734375">
        <ele>55.799999237060546875</ele>
        <time>2026-09-27T00:05:34.000Z</time>
        <extensions>
          <ns3:TrackPointExtension>
            <ns3:atemp>24.0</ns3:atemp>
            <ns3:hr>124</ns3:hr>
            <ns3:cad>86</ns3:cad>
          </ns3:TrackPointExtension>
        </extensions>
      </trkpt>
      <trkpt lat="39.89914043806493282318115234375" lon="116.31954920478165149688720703125">
        <ele>55.59999847412109375</ele>
        <time>2026-09-27T00:05:35.000Z</time>
        <extensions>
          <ns3:TrackPointExtension>
            <ns3:atemp>24.0</ns3:atemp>
            <ns3:hr>124</ns3:hr>
            <ns3:cad>87</ns3:cad>
          </ns3:TrackPointExtension>
        </extensions>
      </trkpt>
      <trkpt lat="39.89910967648029327392578125" lon="116.3195546530187129974365234375">
        <ele>55.59999847412109375</ele>
        <time>2026-09-27T00:05:36.000Z</time>
        <extensions>
          <ns3:TrackPointExtension>
            <ns3:atemp>24.0</ns3:atemp>
            <ns3:hr>124</ns3:hr>
            <ns3:cad>87</ns3:cad>
          </ns3:TrackPointExtension>
        </extensions>
      </trkpt>
      <trkpt lat="39.8990810103714466094970703125" lon="116.3195533119142055511474609375">
        <ele>55.59999847412109375</ele>
        <time>2026-09-27T00:05:37.000Z</time>
        <extensions>
          <ns3:TrackPointExtension>
            <ns3:atemp>24.0</ns3:atemp>
            <ns3:hr>123</ns3:hr>
            <ns3:cad>88</ns3:cad>
          </ns3:TrackPointExtension>
        </extensions>
      </trkpt>
      <trkpt lat="39.8990555293858051300048828125" lon="116.31955037824809551239013671875">
        <ele>55.59999847412109375</ele>
        <time>2026-09-27T00:05:38.000Z</time>
        <extensions>
          <ns3:TrackPointExtension>
            <ns3:atemp>24.0</ns3:atemp>
            <ns3:hr>123</ns3:hr>
            <ns3:cad>88</ns3:cad>
          </ns3:TrackPointExtension>
        </extensions>
      </trkpt>
      <trkpt lat="39.89902694709599018096923828125" lon="116.31955121643841266632080078125">
        <ele>55.59999847412109375</ele>
        <time>2026-09-27T00:05:39.000Z</time>
        <extensions>
          <ns3:TrackPointExtension>
            <ns3:atemp>24.0</ns3:atemp>
            <ns3:hr>124</ns3:hr>
            <ns3:cad>88</ns3:cad>
          </ns3:TrackPointExtension>
        </extensions>
      </trkpt>
      <trkpt lat="39.89900230430066585540771484375" lon="116.31954551674425601959228515625">
        <ele>55.59999847412109375</ele>
        <time>2026-09-27T00:05:40.000Z</time>
        <extensions>
          <ns3:TrackPointExtension>
            <ns3:atemp>24.0</ns3:atemp>
            <ns3:hr>124</ns3:hr>
            <ns3:cad>88</ns3:cad>
          </ns3:TrackPointExtension>
        </extensions>
      </trkpt>
      <trkpt lat="39.8989676870405673980712890625" lon="116.31954350508749485015869140625">
        <ele>55.59999847412109375</ele>
        <time>2026-09-27T00:05:41.000Z</time>
        <extensions>
          <ns3:TrackPointExtension>
            <ns3:atemp>24.0</ns3:atemp>
            <ns3:hr>125</ns3:hr>
            <ns3:cad>88</ns3:cad>
          </ns3:TrackPointExtension>
        </extensions>
      </trkpt>
      <trkpt lat="39.89892904646694660186767578125" lon="116.319554150104522705078125">
        <ele>55.59999847412109375</ele>
        <time>2026-09-27T00:05:42.000Z</time>
        <extensions>
          <ns3:TrackPointExtension>
            <ns3:atemp>24.0</ns3:atemp>
            <ns3:hr>125</ns3:hr>
            <ns3:cad>88</ns3:cad>
          </ns3:TrackPointExtension>
        </extensions>
      </trkpt>
      <trkpt lat="39.89889333955943584442138671875" lon="116.319567225873470306396484375">
        <ele>55.59999847412109375</ele>
        <time>2026-09-27T00:05:43.000Z</time>
        <extensions>
          <ns3:TrackPointExtension>
            <ns3:atemp>24.0</ns3:atemp>
            <ns3:hr>125</ns3:hr>
            <ns3:cad>88</ns3:cad>
          </ns3:TrackPointExtension>
        </extensions>
      </trkpt>
      <trkpt lat="39.89885143004357814788818359375" lon="116.31958239711821079254150390625">
        <ele>55.59999847412109375</ele>
        <time>2026-09-27T00:05:44.000Z</time>
        <extensions>
          <ns3:TrackPointExtension>
            <ns3:atemp>24.0</ns3:atemp>
            <ns3:hr>125</ns3:hr>
            <ns3:cad>88</ns3:cad>
          </ns3:TrackPointExtension>
        </extensions>
      </trkpt>
      <trkpt lat="39.898816980421543121337890625" lon="116.3195871748030185699462890625">
        <ele>55.59999847412109375</ele>
        <time>2026-09-27T00:05:45.000Z</time>
        <extensions>
          <ns3:TrackPointExtension>
            <ns3:atemp>24.0</ns3:atemp>
            <ns3:hr>126</ns3:hr>
            <ns3:cad>88</ns3:cad>
          </ns3:TrackPointExtension>
        </extensions>
      </trkpt>
      <trkpt lat="39.898786805570125579833984375" lon="116.31959396414458751678466796875">
        <ele>55.59999847412109375</ele>
        <time>2026-09-27T00:05:46.000Z</time>
        <extensions>
          <ns3:TrackPointExtension>
            <ns3:atemp>24.0</ns3:atemp>
            <ns3:hr>127</ns3:hr>
            <ns3:cad>88</ns3:cad>
          </ns3:TrackPointExtension>
        </extensions>
      </trkpt>
      <trkpt lat="39.89875067956745624542236328125" lon="116.319592706859111785888671875">
        <ele>55.59999847412109375</ele>
        <time>2026-09-27T00:05:47.000Z</time>
        <extensions>
          <ns3:TrackPointExtension>
            <ns3:atemp>24.0</ns3:atemp>
            <ns3:hr>127</ns3:hr>
            <ns3:cad>88</ns3:cad>
          </ns3:TrackPointExtension>
        </extensions>
      </trkpt>
      <trkpt lat="39.89871731959283351898193359375" lon="116.31958700716495513916015625">
        <ele>55.59999847412109375</ele>
        <time>2026-09-27T00:05:48.000Z</time>
        <extensions>
          <ns3:TrackPointExtension>
            <ns3:atemp>24.0</ns3:atemp>
            <ns3:hr>128</ns3:hr>
            <ns3:cad>87</ns3:cad>
          </ns3:TrackPointExtension>
        </extensions>
      </trkpt>
      <trkpt lat="39.89868882112205028533935546875" lon="116.3195828162133693695068359375">
        <ele>55.59999847412109375</ele>
        <time>2026-09-27T00:05:49.000Z</time>
        <extensions>
          <ns3:TrackPointExtension>
            <ns3:atemp>24.0</ns3:atemp>
            <ns3:hr>128</ns3:hr>
            <ns3:cad>87</ns3:cad>
          </ns3:TrackPointExtension>
        </extensions>
      </trkpt>
      <trkpt lat="39.89866367541253566741943359375" lon="116.31957493722438812255859375">
        <ele>55.40000152587890625</ele>
        <time>2026-09-27T00:05:50.000Z</time>
        <extensions>
          <ns3:TrackPointExtension>
            <ns3:atemp>24.0</ns3:atemp>
            <ns3:hr>128</ns3:hr>
            <ns3:cad>87</ns3:cad>
          </ns3:TrackPointExtension>
        </extensions>
      </trkpt>
      <trkpt lat="39.89863668568432331085205078125" lon="116.3195767812430858612060546875">
        <ele>55.40000152587890625</ele>
        <time>2026-09-27T00:05:51.000Z</time>
        <extensions>
          <ns3:TrackPointExtension>
            <ns3:atemp>24.0</ns3:atemp>
            <ns3:hr>129</ns3:hr>
            <ns3:cad>87</ns3:cad>
          </ns3:TrackPointExtension>
        </extensions>
      </trkpt>
      <trkpt lat="39.8986102826893329620361328125" lon="116.31957669742405414581298828125">
        <ele>55.40000152587890625</ele>
        <time>2026-09-27T00:05:52.000Z</time>
        <extensions>
          <ns3:TrackPointExtension>
            <ns3:atemp>24.0</ns3:atemp>
            <ns3:hr>129</ns3:hr>
            <ns3:cad>87</ns3:cad>
          </ns3:TrackPointExtension>
        </extensions>
      </trkpt>
      <trkpt lat="39.89858538843691349029541015625" lon="116.31957954727113246917724609375">
        <ele>55.40000152587890625</ele>
        <time>2026-09-27T00:05:53.000Z</time>
        <extensions>
          <ns3:TrackPointExtension>
            <ns3:atemp>24.0</ns3:atemp>
            <ns3:hr>129</ns3:hr>
            <ns3:cad>87</ns3:cad>
          </ns3:TrackPointExtension>
        </extensions>
      </trkpt>
      <trkpt lat="39.89856057800352573394775390625" lon="116.319587342441082000732421875">
        <ele>55.40000152587890625</ele>
        <time>2026-09-27T00:05:54.000Z</time>
        <extensions>
          <ns3:TrackPointExtension>
            <ns3:atemp>24.0</ns3:atemp>
            <ns3:hr>129</ns3:hr>
            <ns3:cad>88</ns3:cad>
          </ns3:TrackPointExtension>
        </extensions>
      </trkpt>
      <trkpt lat="39.89853861741721630096435546875" lon="116.31958859972655773162841796875">
        <ele>55.40000152587890625</ele>
        <time>2026-09-27T00:05:55.000Z</time>
        <extensions>
          <ns3:TrackPointExtension>
            <ns3:atemp>24.0</ns3:atemp>
            <ns3:hr>129</ns3:hr>
            <ns3:cad>88</ns3:cad>
          </ns3:TrackPointExtension>
        </extensions>
      </trkpt>
      <trkpt lat="39.8985190875828266143798828125" lon="116.3195928744971752166748046875">
        <ele>55.40000152587890625</ele>
        <time>2026-09-27T00:05:56.000Z</time>
        <extensions>
          <ns3:TrackPointExtension>
            <ns3:atemp>24.0</ns3:atemp>
            <ns3:hr>129</ns3:hr>
            <ns3:cad>88</ns3:cad>
          </ns3:TrackPointExtension>
        </extensions>
      </trkpt>
      <trkpt lat="39.89849385805428028106689453125" lon="116.3195975683629512786865234375">
        <ele>55.40000152587890625</ele>
        <time>2026-09-27T00:05:57.000Z</time>
        <extensions>
          <ns3:TrackPointExtension>
            <ns3:atemp>24.0</ns3:atemp>
            <ns3:hr>130</ns3:hr>
            <ns3:cad>88</ns3:cad>
          </ns3:TrackPointExtension>
        </extensions>
      </trkpt>
      <trkpt lat="39.89847038872539997100830078125" lon="116.3195972330868244171142578125">
        <ele>55.40000152587890625</ele>
        <time>2026-09-27T00:05:58.000Z</time>
        <extensions>
          <ns3:TrackPointExtension>
            <ns3:atemp>24.0</ns3:atemp>
            <ns3:hr>130</ns3:hr>
            <ns3:cad>88</ns3:cad>
          </ns3:TrackPointExtension>
        </extensions>
      </trkpt>
      <trkpt lat="39.89844943396747112274169921875" lon="116.31959346123039722442626953125">
        <ele>55.40000152587890625</ele>
        <time>2026-09-27T00:05:59.000Z</time>
        <extensions>
          <ns3:TrackPointExtension>
            <ns3:atemp>24.0</ns3:atemp>
            <ns3:hr>130</ns3:hr>
            <ns3:cad>88</ns3:cad>
          </ns3:TrackPointExtension>
        </extensions>
      </trkpt>
      <trkpt lat="39.89843434654176235198974609375" lon="116.31957904435694217681884765625">
        <ele>55.40000152587890625</ele>
        <time>2026-09-27T00:06:00.000Z</time>
        <extensions>
          <ns3:TrackPointExtension>
            <ns3:atemp>24.0</ns3:atemp>
            <ns3:hr>130</ns3:hr>
            <ns3:cad>88</ns3:cad>
          </ns3:TrackPointExtension>
        </extensions>
      </trkpt>
      <trkpt lat="39.8984238691627979278564453125" lon="116.31955574266612529754638671875">
        <ele>55.40000152587890625</ele>
        <time>2026-09-27T00:06:01.000Z</time>
        <extensions>
          <ns3:TrackPointExtension>
            <ns3:atemp>24.0</ns3:atemp>
            <ns3:hr>131</ns3:hr>
            <ns3:cad>87</ns3:cad>
          </ns3:TrackPointExtension>
        </extensions>
      </trkpt>
      <trkpt lat="39.89842026494443416595458984375" lon="116.31953696720302104949951171875">
        <ele>55.40000152587890625</ele>
        <time>2026-09-27T00:06:02.000Z</time>
        <extensions>
          <ns3:TrackPointExtension>
            <ns3:atemp>24.0</ns3:atemp>
            <ns3:hr>131</ns3:hr>
            <ns3:cad>87</ns3:cad>
          </ns3:TrackPointExtension>
        </extensions>
      </trkpt>
      <trkpt lat="39.89841557107865810394287109375" lon="116.319514922797679901123046875">
        <ele>55.40000152587890625</ele>
        <time>2026-09-27T00:06:03.000Z</time>
        <extensions>
          <ns3:TrackPointExtension>
            <ns3:atemp>24.0</ns3:atemp>
            <ns3:hr>131</ns3:hr>
            <ns3:cad>87</ns3:cad>
          </ns3:TrackPointExtension>
        </extensions>
      </trkpt>
      <trkpt lat="39.8984117992222309112548828125" lon="116.31948499940335750579833984375">
        <ele>55.40000152587890625</ele>
        <time>2026-09-27T00:06:04.000Z</time>
        <extensions>
          <ns3:TrackPointExtension>
            <ns3:atemp>24.0</ns3:atemp>
            <ns3:hr>131</ns3:hr>
            <ns3:cad>87</ns3:cad>
          </ns3:TrackPointExtension>
        </extensions>
      </trkpt>
      <trkpt lat="39.898419678211212158203125" lon="116.3194651342928409576416015625">
        <ele>55.40000152587890625</ele>
        <time>2026-09-27T00:06:05.000Z</time>
        <extensions>
          <ns3:TrackPointExtension>
            <ns3:atemp>24.0</ns3:atemp>
            <ns3:hr>131</ns3:hr>
            <ns3:cad>87</ns3:cad>
          </ns3:TrackPointExtension>
        </extensions>
      </trkpt>
      <trkpt lat="39.89841992966830730438232421875" lon="116.31943772546947002410888671875">
        <ele>55.40000152587890625</ele>
        <time>2026-09-27T00:06:06.000Z</time>
        <extensions>
          <ns3:TrackPointExtension>
            <ns3:atemp>24.0</ns3:atemp>
            <ns3:hr>132</ns3:hr>
            <ns3:cad>87</ns3:cad>
          </ns3:TrackPointExtension>
        </extensions>
      </trkpt>
      <trkpt lat="39.8984185047447681427001953125" lon="116.31941040046513080596923828125">
        <ele>55.40000152587890625</ele>
        <time>2026-09-27T00:06:07.000Z</time>
        <extensions>
          <ns3:TrackPointExtension>
            <ns3:atemp>24.0</ns3:atemp>
            <ns3:hr>132</ns3:hr>
            <ns3:cad>87</ns3:cad>
          </ns3:TrackPointExtension>
        </extensions>
      </trkpt>
      <trkpt lat="39.8984218575060367584228515625" lon="116.3193829916417598724365234375">
        <ele>55.40000152587890625</ele>
        <time>2026-09-27T00:06:08.000Z</time>
        <extensions>
          <ns3:TrackPointExtension>
            <ns3:atemp>24.0</ns3:atemp>
            <ns3:hr>132</ns3:hr>
            <ns3:cad>88</ns3:cad>
          </ns3:TrackPointExtension>
        </extensions>
      </trkpt>
      <trkpt lat="39.8984198458492755889892578125" lon="116.3193608634173870086669921875">
        <ele>55.59999847412109375</ele>
        <time>2026-09-27T00:06:09.000Z</time>
        <extensions>
          <ns3:TrackPointExtension>
            <ns3:atemp>24.0</ns3:atemp>
            <ns3:hr>132</ns3:hr>
            <ns3:cad>88</ns3:cad>
          </ns3:TrackPointExtension>
        </extensions>
      </trkpt>
      <trkpt lat="39.89841171540319919586181640625" lon="116.31933814845979213714599609375">
        <ele>55.59999847412109375</ele>
        <time>2026-09-27T00:06:10.000Z</time>
        <extensions>
          <ns3:TrackPointExtension>
            <ns3:atemp>24.0</ns3:atemp>
            <ns3:hr>132</ns3:hr>
            <ns3:cad>88</ns3:cad>
          </ns3:TrackPointExtension>
        </extensions>
      </trkpt>
      <trkpt lat="39.898411296308040618896484375" lon="116.3193125836551189422607421875">
        <ele>55.59999847412109375</ele>
        <time>2026-09-27T00:06:11.000Z</time>
        <extensions>
          <ns3:TrackPointExtension>
            <ns3:atemp>24.0</ns3:atemp>
            <ns3:hr>132</ns3:hr>
            <ns3:cad>88</ns3:cad>
          </ns3:TrackPointExtension>
        </extensions>
      </trkpt>
      <trkpt lat="39.89840961992740631103515625" lon="116.31928584538400173187255859375">
        <ele>55.59999847412109375</ele>
        <time>2026-09-27T00:06:12.000Z</time>
        <extensions>
          <ns3:TrackPointExtension>
            <ns3:atemp>24.0</ns3:atemp>
            <ns3:hr>132</ns3:hr>
            <ns3:cad>88</ns3:cad>
          </ns3:TrackPointExtension>
        </extensions>
      </trkpt>
      <trkpt lat="39.8984022438526153564453125" lon="116.319260112941265106201171875">
        <ele>55.59999847412109375</ele>
        <time>2026-09-27T00:06:13.000Z</time>
        <extensions>
          <ns3:TrackPointExtension>
            <ns3:atemp>24.0</ns3:atemp>
            <ns3:hr>132</ns3:hr>
            <ns3:cad>87</ns3:cad>
          </ns3:TrackPointExtension>
        </extensions>
      </trkpt>
      <trkpt lat="39.8983970470726490020751953125" lon="116.31922884844243526458740234375">
        <ele>55.59999847412109375</ele>
        <time>2026-09-27T00:06:14.000Z</time>
        <extensions>
          <ns3:TrackPointExtension>
            <ns3:atemp>24.0</ns3:atemp>
            <ns3:hr>133</ns3:hr>
            <ns3:cad>87</ns3:cad>
          </ns3:TrackPointExtension>
        </extensions>
      </trkpt>
      <trkpt lat="39.89838321693241596221923828125" lon="116.3192032836377620697021484375">
        <ele>55.799999237060546875</ele>
        <time>2026-09-27T00:06:15.000Z</time>
        <extensions>
          <ns3:TrackPointExtension>
            <ns3:atemp>24.0</ns3:atemp>
            <ns3:hr>132</ns3:hr>
            <ns3:cad>88</ns3:cad>
          </ns3:TrackPointExtension>
        </extensions>
      </trkpt>
      <trkpt lat="39.8983712308108806610107421875" lon="116.319189369678497314453125">
        <ele>55.799999237060546875</ele>
        <time>2026-09-27T00:06:16.000Z</time>
        <extensions>
          <ns3:TrackPointExtension>
            <ns3:atemp>24.0</ns3:atemp>
            <ns3:hr>133</ns3:hr>
            <ns3:cad>89</ns3:cad>
          </ns3:TrackPointExtension>
        </extensions>
      </trkpt>
      <trkpt lat="39.898360669612884521484375" lon="116.319162547588348388671875">
        <ele>55.799999237060546875</ele>
        <time>2026-09-27T00:06:17.000Z</time>
        <extensions>
          <ns3:TrackPointExtension>
            <ns3:atemp>24.0</ns3:atemp>
            <ns3:hr>133</ns3:hr>
            <ns3:cad>89</ns3:cad>
          </ns3:TrackPointExtension>
        </extensions>
      </trkpt>
      <trkpt lat="39.898348264396190643310546875" lon="116.31913195364177227020263671875">
        <ele>55.799999237060546875</ele>
        <time>2026-09-27T00:06:18.000Z</time>
        <extensions>
          <ns3:TrackPointExtension>
            <ns3:atemp>24.0</ns3:atemp>
            <ns3:hr>133</ns3:hr>
            <ns3:cad>89</ns3:cad>
          </ns3:TrackPointExtension>
        </extensions>
      </trkpt>
      <trkpt lat="39.8983378708362579345703125" lon="116.31909892894327640533447265625">
        <ele>55.799999237060546875</ele>
        <time>2026-09-27T00:06:19.000Z</time>
        <extensions>
          <ns3:TrackPointExtension>
            <ns3:atemp>24.0</ns3:atemp>
            <ns3:hr>133</ns3:hr>
            <ns3:cad>88</ns3:cad>
          </ns3:TrackPointExtension>
        </extensions>
      </trkpt>
      <trkpt lat="39.898327477276325225830078125" lon="116.319067664444446563720703125">
        <ele>55.59999847412109375</ele>
        <time>2026-09-27T00:06:20.000Z</time>
        <extensions>
          <ns3:TrackPointExtension>
            <ns3:atemp>24.0</ns3:atemp>
            <ns3:hr>133</ns3:hr>
            <ns3:cad>88</ns3:cad>
          </ns3:TrackPointExtension>
        </extensions>
      </trkpt>
      <trkpt lat="39.898324124515056610107421875" lon="116.319038160145282745361328125">
        <ele>55.59999847412109375</ele>
        <time>2026-09-27T00:06:21.000Z</time>
        <extensions>
          <ns3:TrackPointExtension>
            <ns3:atemp>24.0</ns3:atemp>
            <ns3:hr>133</ns3:hr>
            <ns3:cad>88</ns3:cad>
          </ns3:TrackPointExtension>
        </extensions>
      </trkpt>
      <trkpt lat="39.8983155749738216400146484375" lon="116.3190094940364360809326171875">
        <ele>55.59999847412109375</ele>
        <time>2026-09-27T00:06:22.000Z</time>
        <extensions>
          <ns3:TrackPointExtension>
            <ns3:atemp>24.0</ns3:atemp>
            <ns3:hr>133</ns3:hr>
            <ns3:cad>88</ns3:cad>
          </ns3:TrackPointExtension>
        </extensions>
      </trkpt>
      <trkpt lat="39.898310042917728424072265625" lon="116.3189789839088916778564453125">
        <ele>55.59999847412109375</ele>
        <time>2026-09-27T00:06:23.000Z</time>
        <extensions>
          <ns3:TrackPointExtension>
            <ns3:atemp>24.0</ns3:atemp>
            <ns3:hr>133</ns3:hr>
            <ns3:cad>88</ns3:cad>
          </ns3:TrackPointExtension>
        </extensions>
      </trkpt>
      <trkpt lat="39.89831306040287017822265625" lon="116.3189514912664890289306640625">
        <ele>55.59999847412109375</ele>
        <time>2026-09-27T00:06:24.000Z</time>
        <extensions>
          <ns3:TrackPointExtension>
            <ns3:atemp>24.0</ns3:atemp>
            <ns3:hr>133</ns3:hr>
            <ns3:cad>88</ns3:cad>
          </ns3:TrackPointExtension>
        </extensions>
      </trkpt>
      <trkpt lat="39.89831767044961452484130859375" lon="116.31891553290188312530517578125">
        <ele>55.59999847412109375</ele>
        <time>2026-09-27T00:06:25.000Z</time>
        <extensions>
          <ns3:TrackPointExtension>
            <ns3:atemp>24.0</ns3:atemp>
            <ns3:hr>133</ns3:hr>
            <ns3:cad>88</ns3:cad>
          </ns3:TrackPointExtension>
        </extensions>
      </trkpt>
      <trkpt lat="39.89832772873342037200927734375" lon="116.31888150237500667572021484375">
        <ele>55.59999847412109375</ele>
        <time>2026-09-27T00:06:26.000Z</time>
        <extensions>
          <ns3:TrackPointExtension>
            <ns3:atemp>24.0</ns3:atemp>
            <ns3:hr>133</ns3:hr>
            <ns3:cad>88</ns3:cad>
          </ns3:TrackPointExtension>
        </extensions>
      </trkpt>
      <trkpt lat="39.898333847522735595703125" lon="116.31884562782943248748779296875">
        <ele>55.59999847412109375</ele>
        <time>2026-09-27T00:06:27.000Z</time>
        <extensions>
          <ns3:TrackPointExtension>
            <ns3:atemp>24.0</ns3:atemp>
            <ns3:hr>132</ns3:hr>
            <ns3:cad>88</ns3:cad>
          </ns3:TrackPointExtension>
        </extensions>
      </trkpt>
      <trkpt lat="39.89833317697048187255859375" lon="116.31881360895931720733642578125">
        <ele>55.799999237060546875</ele>
        <time>2026-09-27T00:06:28.000Z</time>
        <extensions>
          <ns3:TrackPointExtension>
            <ns3:atemp>24.0</ns3:atemp>
            <ns3:hr>132</ns3:hr>
            <ns3:cad>88</ns3:cad>
          </ns3:TrackPointExtension>
        </extensions>
      </trkpt>
      <trkpt lat="39.898334853351116180419921875" lon="116.31878427229821681976318359375">
        <ele>55.799999237060546875</ele>
        <time>2026-09-27T00:06:29.000Z</time>
        <extensions>
          <ns3:TrackPointExtension>
            <ns3:atemp>24.0</ns3:atemp>
            <ns3:hr>133</ns3:hr>
            <ns3:cad>88</ns3:cad>
          </ns3:TrackPointExtension>
        </extensions>
      </trkpt>
      <trkpt lat="39.898333512246608734130859375" lon="116.31875527091324329376220703125">
        <ele>55.799999237060546875</ele>
        <time>2026-09-27T00:06:30.000Z</time>
        <extensions>
          <ns3:TrackPointExtension>
            <ns3:atemp>24.0</ns3:atemp>
            <ns3:hr>133</ns3:hr>
            <ns3:cad>87</ns3:cad>
          </ns3:TrackPointExtension>
        </extensions>
      </trkpt>
      <trkpt lat="39.89833049476146697998046875" lon="116.31873263977468013763427734375">
        <ele>55.799999237060546875</ele>
        <time>2026-09-27T00:06:31.000Z</time>
        <extensions>
          <ns3:TrackPointExtension>
            <ns3:atemp>24.0</ns3:atemp>
            <ns3:hr>133</ns3:hr>
            <ns3:cad>87</ns3:cad>
          </ns3:TrackPointExtension>
        </extensions>
      </trkpt>
      <trkpt lat="39.89832940511405467987060546875" lon="116.31871067918837070465087890625">
        <ele>55.799999237060546875</ele>
        <time>2026-09-27T00:06:32.000Z</time>
        <extensions>
          <ns3:TrackPointExtension>
            <ns3:atemp>24.0</ns3:atemp>
            <ns3:hr>133</ns3:hr>
            <ns3:cad>87</ns3:cad>
          </ns3:TrackPointExtension>
        </extensions>
      </trkpt>
      <trkpt lat="39.89832580089569091796875" lon="116.31869190372526645660400390625">
        <ele>55.799999237060546875</ele>
        <time>2026-09-27T00:06:33.000Z</time>
        <extensions>
          <ns3:TrackPointExtension>
            <ns3:atemp>24.0</ns3:atemp>
            <ns3:hr>133</ns3:hr>
            <ns3:cad>87</ns3:cad>
          </ns3:TrackPointExtension>
        </extensions>
      </trkpt>
      <trkpt lat="39.89831867627799510955810546875" lon="116.31867413409054279327392578125">
        <ele>55.799999237060546875</ele>
        <time>2026-09-27T00:06:34.000Z</time>
        <extensions>
          <ns3:TrackPointExtension>
            <ns3:atemp>24.0</ns3:atemp>
            <ns3:hr>133</ns3:hr>
            <ns3:cad>87</ns3:cad>
          </ns3:TrackPointExtension>
        </extensions>
      </trkpt>
      <trkpt lat="39.8983199335634708404541015625" lon="116.31864848546683788299560546875">
        <ele>55.799999237060546875</ele>
        <time>2026-09-27T00:06:35.000Z</time>
        <extensions>
          <ns3:TrackPointExtension>
            <ns3:atemp>24.0</ns3:atemp>
            <ns3:hr>132</ns3:hr>
            <ns3:cad>87</ns3:cad>
          </ns3:TrackPointExtension>
        </extensions>
      </trkpt>
      <trkpt lat="39.8983276449143886566162109375" lon="116.31862275302410125732421875">
        <ele>55.799999237060546875</ele>
        <time>2026-09-27T00:06:36.000Z</time>
        <extensions>
          <ns3:TrackPointExtension>
            <ns3:atemp>24.0</ns3:atemp>
            <ns3:hr>132</ns3:hr>
            <ns3:cad>87</ns3:cad>
          </ns3:TrackPointExtension>
        </extensions>
      </trkpt>
      <trkpt lat="39.89833544008433818817138671875" lon="116.31859702058136463165283203125">
        <ele>55.799999237060546875</ele>
        <time>2026-09-27T00:06:37.000Z</time>
        <extensions>
          <ns3:TrackPointExtension>
            <ns3:atemp>24.0</ns3:atemp>
            <ns3:hr>132</ns3:hr>
            <ns3:cad>87</ns3:cad>
          </ns3:TrackPointExtension>
        </extensions>
      </trkpt>
      <trkpt lat="39.89832957275211811065673828125" lon="116.3185702823102474212646484375">
        <ele>55.799999237060546875</ele>
        <time>2026-09-27T00:06:38.000Z</time>
        <extensions>
          <ns3:TrackPointExtension>
            <ns3:atemp>24.0</ns3:atemp>
            <ns3:hr>132</ns3:hr>
            <ns3:cad>87</ns3:cad>
          </ns3:TrackPointExtension>
        </extensions>
      </trkpt>
      <trkpt lat="39.89832202903926372528076171875" lon="116.3185424543917179107666015625">
        <ele>55.799999237060546875</ele>
        <time>2026-09-27T00:06:39.000Z</time>
        <extensions>
          <ns3:TrackPointExtension>
            <ns3:atemp>24.0</ns3:atemp>
            <ns3:hr>132</ns3:hr>
            <ns3:cad>87</ns3:cad>
          </ns3:TrackPointExtension>
        </extensions>
      </trkpt>
      <trkpt lat="39.89832353778183460235595703125" lon="116.3185209967195987701416015625">
        <ele>55.799999237060546875</ele>
        <time>2026-09-27T00:06:40.000Z</time>
        <extensions>
          <ns3:TrackPointExtension>
            <ns3:atemp>24.0</ns3:atemp>
            <ns3:hr>132</ns3:hr>
            <ns3:cad>87</ns3:cad>
          </ns3:TrackPointExtension>
        </extensions>
      </trkpt>
      <trkpt lat="39.89832404069602489471435546875" lon="116.31850247271358966827392578125">
        <ele>55.59999847412109375</ele>
        <time>2026-09-27T00:06:41.000Z</time>
        <extensions>
          <ns3:TrackPointExtension>
            <ns3:atemp>24.0</ns3:atemp>
            <ns3:hr>132</ns3:hr>
            <ns3:cad>87</ns3:cad>
          </ns3:TrackPointExtension>
        </extensions>
      </trkpt>
      <trkpt lat="39.8983980529010295867919921875" lon="116.3184623233973979949951171875">
        <ele>55.799999237060546875</ele>
        <time>2026-09-27T00:06:59.000Z</time>
        <extensions>
          <ns3:TrackPointExtension>
            <ns3:atemp>24.0</ns3:atemp>
            <ns3:hr>126</ns3:hr>
            <ns3:cad>54</ns3:cad>
          </ns3:TrackPointExtension>
        </extensions>
      </trkpt>
      <trkpt lat="39.8983968794345855712890625" lon="116.31844983436167240142822265625">
        <ele>55.799999237060546875</ele>
        <time>2026-09-27T00:07:00.000Z</time>
        <extensions>
          <ns3:TrackPointExtension>
            <ns3:atemp>24.0</ns3:atemp>
            <ns3:hr>125</ns3:hr>
            <ns3:cad>54</ns3:cad>
          </ns3:TrackPointExtension>
        </extensions>
      </trkpt>
      <trkpt lat="39.898398555815219879150390625" lon="116.31842695176601409912109375">
        <ele>55.799999237060546875</ele>
        <time>2026-09-27T00:07:01.000Z</time>
        <extensions>
          <ns3:TrackPointExtension>
            <ns3:atemp>24.0</ns3:atemp>
            <ns3:hr>124</ns3:hr>
            <ns3:cad>54</ns3:cad>
          </ns3:TrackPointExtension>
        </extensions>
      </trkpt>
      <trkpt lat="39.898400567471981048583984375" lon="116.31840021349489688873291015625">
        <ele>55.799999237060546875</ele>
        <time>2026-09-27T00:07:02.000Z</time>
        <extensions>
          <ns3:TrackPointExtension>
            <ns3:atemp>24.0</ns3:atemp>
            <ns3:hr>123</ns3:hr>
            <ns3:cad>54</ns3:cad>
          </ns3:TrackPointExtension>
        </extensions>
      </trkpt>
      <trkpt lat="39.89840182475745677947998046875" lon="116.318368948996067047119140625">
        <ele>55.799999237060546875</ele>
        <time>2026-09-27T00:07:03.000Z</time>
        <extensions>
          <ns3:TrackPointExtension>
            <ns3:atemp>24.0</ns3:atemp>
            <ns3:hr>123</ns3:hr>
            <ns3:cad>0</ns3:cad>
          </ns3:TrackPointExtension>
        </extensions>
      </trkpt>
      <trkpt lat="39.89840299822390079498291015625" lon="116.31833449937403202056884765625">
        <ele>55.59999847412109375</ele>
        <time>2026-09-27T00:07:04.000Z</time>
        <extensions>
          <ns3:TrackPointExtension>
            <ns3:atemp>24.0</ns3:atemp>
            <ns3:hr>122</ns3:hr>
            <ns3:cad>0</ns3:cad>
          </ns3:TrackPointExtension>
        </extensions>
      </trkpt>
      <trkpt lat="39.8984094522893428802490234375" lon="116.318293176591396331787109375">
        <ele>55.59999847412109375</ele>
        <time>2026-09-27T00:07:05.000Z</time>
        <extensions>
          <ns3:TrackPointExtension>
            <ns3:atemp>24.0</ns3:atemp>
            <ns3:hr>121</ns3:hr>
            <ns3:cad>0</ns3:cad>
          </ns3:TrackPointExtension>
        </extensions>
      </trkpt>
      <trkpt lat="39.89840618334710597991943359375" lon="116.3182497583329677581787109375">
        <ele>55.40000152587890625</ele>
        <time>2026-09-27T00:07:06.000Z</time>
        <extensions>
          <ns3:TrackPointExtension>
            <ns3:atemp>24.0</ns3:atemp>
            <ns3:hr>120</ns3:hr>
            <ns3:cad>0</ns3:cad>
          </ns3:TrackPointExtension>
        </extensions>
      </trkpt>
      <trkpt lat="39.8984037525951862335205078125" lon="116.31820969283580780029296875">
        <ele>55.40000152587890625</ele>
        <time>2026-09-27T00:07:07.000Z</time>
        <extensions>
          <ns3:TrackPointExtension>
            <ns3:atemp>24.0</ns3:atemp>
            <ns3:hr>120</ns3:hr>
            <ns3:cad>89</ns3:cad>
          </ns3:TrackPointExtension>
        </extensions>
      </trkpt>
      <trkpt lat="39.89840232767164707183837890625" lon="116.31817138753831386566162109375">
        <ele>55.40000152587890625</ele>
        <time>2026-09-27T00:07:08.000Z</time>
        <extensions>
          <ns3:TrackPointExtension>
            <ns3:atemp>24.0</ns3:atemp>
            <ns3:hr>120</ns3:hr>
            <ns3:cad>91</ns3:cad>
          </ns3:TrackPointExtension>
        </extensions>
      </trkpt>
      <trkpt lat="39.89840685389935970306396484375" lon="116.31814154796302318572998046875">
        <ele>55.40000152587890625</ele>
        <time>2026-09-27T00:07:09.000Z</time>
        <extensions>
          <ns3:TrackPointExtension>
            <ns3:atemp>24.0</ns3:atemp>
            <ns3:hr>120</ns3:hr>
            <ns3:cad>92</ns3:cad>
          </ns3:TrackPointExtension>
        </extensions>
      </trkpt>
      <trkpt lat="39.8984101228415966033935546875" lon="116.3181019015610218048095703125">
        <ele>55.200000762939453125</ele>
        <time>2026-09-27T00:07:10.000Z</time>
        <extensions>
          <ns3:TrackPointExtension>
            <ns3:atemp>24.0</ns3:atemp>
            <ns3:hr>120</ns3:hr>
            <ns3:cad>92</ns3:cad>
          </ns3:TrackPointExtension>
        </extensions>
      </trkpt>
      <trkpt lat="39.89840517751872539520263671875" lon="116.3180566392838954925537109375">
        <ele>55.200000762939453125</ele>
        <time>2026-09-27T00:07:11.000Z</time>
        <extensions>
          <ns3:TrackPointExtension>
            <ns3:atemp>24.0</ns3:atemp>
            <ns3:hr>119</ns3:hr>
            <ns3:cad>92</ns3:cad>
          </ns3:TrackPointExtension>
        </extensions>
      </trkpt>
      <trkpt lat="39.89840333350002765655517578125" lon="116.318012215197086334228515625">
        <ele>55.200000762939453125</ele>
        <time>2026-09-27T00:07:12.000Z</time>
        <extensions>
          <ns3:TrackPointExtension>
            <ns3:atemp>24.0</ns3:atemp>
            <ns3:hr>120</ns3:hr>
            <ns3:cad>92</ns3:cad>
          </ns3:TrackPointExtension>
        </extensions>
      </trkpt>
      <trkpt lat="39.8983980529010295867919921875" lon="116.31796938367187976837158203125">
        <ele>55</ele>
        <time>2026-09-27T00:07:13.000Z</time>
        <extensions>
          <ns3:TrackPointExtension>
            <ns3:atemp>24.0</ns3:atemp>
            <ns3:hr>120</ns3:hr>
            <ns3:cad>92</ns3:cad>
          </ns3:TrackPointExtension>
        </extensions>
      </trkpt>
      <trkpt lat="39.898394532501697540283203125" lon="116.3179392926394939422607421875">
        <ele>55</ele>
        <time>2026-09-27T00:07:14.000Z</time>
        <extensions>
          <ns3:TrackPointExtension>
            <ns3:atemp>24.0</ns3:atemp>
            <ns3:hr>120</ns3:hr>
            <ns3:cad>91</ns3:cad>
          </ns3:TrackPointExtension>
        </extensions>
      </trkpt>
      <trkpt lat="39.8984017409384250640869140625" lon="116.3179225288331508636474609375">
        <ele>55</ele>
        <time>2026-09-27T00:07:15.000Z</time>
        <extensions>
          <ns3:TrackPointExtension>
            <ns3:atemp>24.0</ns3:atemp>
            <ns3:hr>121</ns3:hr>
            <ns3:cad>90</ns3:cad>
          </ns3:TrackPointExtension>
        </extensions>
      </trkpt>
      <trkpt lat="39.89840023219585418701171875" lon="116.31789830513298511505126953125">
        <ele>55</ele>
        <time>2026-09-27T00:07:16.000Z</time>
        <extensions>
          <ns3:TrackPointExtension>
            <ns3:atemp>24.0</ns3:atemp>
            <ns3:hr>122</ns3:hr>
            <ns3:cad>90</ns3:cad>
          </ns3:TrackPointExtension>
        </extensions>
      </trkpt>
      <trkpt lat="39.8983990587294101715087890625" lon="116.31788137368857860565185546875">
        <ele>55</ele>
        <time>2026-09-27T00:07:17.000Z</time>
        <extensions>
          <ns3:TrackPointExtension>
            <ns3:atemp>24.0</ns3:atemp>
            <ns3:hr>122</ns3:hr>
            <ns3:cad>89</ns3:cad>
          </ns3:TrackPointExtension>
        </extensions>
      </trkpt>
      <trkpt lat="39.898395873606204986572265625" lon="116.31786142475903034210205078125">
        <ele>55</ele>
        <time>2026-09-27T00:07:18.000Z</time>
        <extensions>
          <ns3:TrackPointExtension>
            <ns3:atemp>24.0</ns3:atemp>
            <ns3:hr>122</ns3:hr>
            <ns3:cad>89</ns3:cad>
          </ns3:TrackPointExtension>
        </extensions>
      </trkpt>
      <trkpt lat="39.8983853124082088470458984375" lon="116.31782135926187038421630859375">
        <ele>55</ele>
        <time>2026-09-27T00:07:19.000Z</time>
        <extensions>
          <ns3:TrackPointExtension>
            <ns3:atemp>24.0</ns3:atemp>
            <ns3:hr>123</ns3:hr>
            <ns3:cad>89</ns3:cad>
          </ns3:TrackPointExtension>
        </extensions>
      </trkpt>
      <trkpt lat="39.8983848094940185546875" lon="116.31777844391763210296630859375">
        <ele>55</ele>
        <time>2026-09-27T00:07:20.000Z</time>
        <extensions>
          <ns3:TrackPointExtension>
            <ns3:atemp>24.0</ns3:atemp>
            <ns3:hr>123</ns3:hr>
            <ns3:cad>89</ns3:cad>
          </ns3:TrackPointExtension>
        </extensions>
      </trkpt>
      <trkpt lat="39.89839084446430206298828125" lon="116.31774039007723331451416015625">
        <ele>55</ele>
        <time>2026-09-27T00:07:21.000Z</time>
        <extensions>
          <ns3:TrackPointExtension>
            <ns3:atemp>24.0</ns3:atemp>
            <ns3:hr>123</ns3:hr>
            <ns3:cad>89</ns3:cad>
          </ns3:TrackPointExtension>
        </extensions>
      </trkpt>
      <trkpt lat="39.89839109592139720916748046875" lon="116.31770669482648372650146484375">
        <ele>55</ele>
        <time>2026-09-27T00:07:22.000Z</time>
        <extensions>
          <ns3:TrackPointExtension>
            <ns3:atemp>24.0</ns3:atemp>
            <ns3:hr>124</ns3:hr>
            <ns3:cad>89</ns3:cad>
          </ns3:TrackPointExtension>
        </extensions>
      </trkpt>
      <trkpt lat="39.89839293994009494781494140625" lon="116.31768138147890567779541015625">
        <ele>55</ele>
        <time>2026-09-27T00:07:23.000Z</time>
        <extensions>
          <ns3:TrackPointExtension>
            <ns3:atemp>24.0</ns3:atemp>
            <ns3:hr>124</ns3:hr>
            <ns3:cad>89</ns3:cad>
          </ns3:TrackPointExtension>
        </extensions>
      </trkpt>
      <trkpt lat="39.89839528687298297882080078125" lon="116.317660510540008544921875">
        <ele>55</ele>
        <time>2026-09-27T00:07:24.000Z</time>
        <extensions>
          <ns3:TrackPointExtension>
            <ns3:atemp>24.0</ns3:atemp>
            <ns3:hr>125</ns3:hr>
            <ns3:cad>89</ns3:cad>
          </ns3:TrackPointExtension>
        </extensions>
      </trkpt>
      <trkpt lat="39.8984047584235668182373046875" lon="116.31764106452465057373046875">
        <ele>55</ele>
        <time>2026-09-27T00:07:25.000Z</time>
        <extensions>
          <ns3:TrackPointExtension>
            <ns3:atemp>24.0</ns3:atemp>
            <ns3:hr>125</ns3:hr>
            <ns3:cad>88</ns3:cad>
          </ns3:TrackPointExtension>
        </extensions>
      </trkpt>
      <trkpt lat="39.8984208516776561737060546875" lon="116.31762052886188030242919921875">
        <ele>55</ele>
        <time>2026-09-27T00:07:26.000Z</time>
        <extensions>
          <ns3:TrackPointExtension>
            <ns3:atemp>24.0</ns3:atemp>
            <ns3:hr>125</ns3:hr>
            <ns3:cad>88</ns3:cad>
          </ns3:TrackPointExtension>
        </extensions>
      </trkpt>
      <trkpt lat="39.89843535237014293670654296875" lon="116.3176043517887592315673828125">
        <ele>55</ele>
        <time>2026-09-27T00:07:27.000Z</time>
        <extensions>
          <ns3:TrackPointExtension>
            <ns3:atemp>24.0</ns3:atemp>
            <ns3:hr>125</ns3:hr>
            <ns3:cad>88</ns3:cad>
          </ns3:TrackPointExtension>
        </extensions>
      </trkpt>
      <trkpt lat="39.898443482816219329833984375" lon="116.317578367888927459716796875">
        <ele>55</ele>
        <time>2026-09-27T00:07:28.000Z</time>
        <extensions>
          <ns3:TrackPointExtension>
            <ns3:atemp>24.0</ns3:atemp>
            <ns3:hr>125</ns3:hr>
            <ns3:cad>88</ns3:cad>
          </ns3:TrackPointExtension>
        </extensions>
      </trkpt>
      <trkpt lat="39.89845144562423229217529296875" lon="116.3175733387470245361328125">
        <ele>55</ele>
        <time>2026-09-27T00:07:29.000Z</time>
        <extensions>
          <ns3:TrackPointExtension>
            <ns3:atemp>24.0</ns3:atemp>
            <ns3:hr>125</ns3:hr>
            <ns3:cad>88</ns3:cad>
          </ns3:TrackPointExtension>
        </extensions>
      </trkpt>
      <trkpt lat="39.89845924079418182373046875" lon="116.317572332918643951416015625">
        <ele>55</ele>
        <time>2026-09-27T00:07:30.000Z</time>
        <extensions>
          <ns3:TrackPointExtension>
            <ns3:atemp>24.0</ns3:atemp>
            <ns3:hr>125</ns3:hr>
            <ns3:cad>88</ns3:cad>
          </ns3:TrackPointExtension>
        </extensions>
      </trkpt>
      <trkpt lat="39.89846368320286273956298828125" lon="116.3175688125193119049072265625">
        <ele>54.799999237060546875</ele>
        <time>2026-09-27T00:07:31.000Z</time>
        <extensions>
          <ns3:TrackPointExtension>
            <ns3:atemp>24.0</ns3:atemp>
            <ns3:hr>125</ns3:hr>
            <ns3:cad>88</ns3:cad>
          </ns3:TrackPointExtension>
        </extensions>
      </trkpt>
      <trkpt lat="39.89847793243825435638427734375" lon="116.3175691477954387664794921875">
        <ele>55</ele>
        <time>2026-09-27T00:07:32.000Z</time>
        <extensions>
          <ns3:TrackPointExtension>
            <ns3:atemp>24.0</ns3:atemp>
            <ns3:hr>125</ns3:hr>
            <ns3:cad>88</ns3:cad>
          </ns3:TrackPointExtension>
        </extensions>
      </trkpt>
      <trkpt lat="39.89850056357681751251220703125" lon="116.31755330599844455718994140625">
        <ele>55</ele>
        <time>2026-09-27T00:07:33.000Z</time>
        <extensions>
          <ns3:TrackPointExtension>
            <ns3:atemp>24.0</ns3:atemp>
            <ns3:hr>125</ns3:hr>
            <ns3:cad>88</ns3:cad>
          </ns3:TrackPointExtension>
        </extensions>
      </trkpt>
      <trkpt lat="39.89851783029735088348388671875" lon="116.317538134753704071044921875">
        <ele>55</ele>
        <time>2026-09-27T00:07:34.000Z</time>
        <extensions>
          <ns3:TrackPointExtension>
            <ns3:atemp>24.0</ns3:atemp>
            <ns3:hr>125</ns3:hr>
            <ns3:cad>89</ns3:cad>
          </ns3:TrackPointExtension>
        </extensions>
      </trkpt>
      <trkpt lat="39.8985345102846622467041015625" lon="116.31752011366188526153564453125">
        <ele>54.799999237060546875</ele>
        <time>2026-09-27T00:07:35.000Z</time>
        <extensions>
          <ns3:TrackPointExtension>
            <ns3:atemp>24.0</ns3:atemp>
            <ns3:hr>125</ns3:hr>
            <ns3:cad>89</ns3:cad>
          </ns3:TrackPointExtension>
        </extensions>
      </trkpt>
      <trkpt lat="39.89855152554810047149658203125" lon="116.3175118155777454376220703125">
        <ele>54.799999237060546875</ele>
        <time>2026-09-27T00:07:36.000Z</time>
        <extensions>
          <ns3:TrackPointExtension>
            <ns3:atemp>24.0</ns3:atemp>
            <ns3:hr>125</ns3:hr>
            <ns3:cad>89</ns3:cad>
          </ns3:TrackPointExtension>
        </extensions>
      </trkpt>
      <trkpt lat="39.898571558296680450439453125" lon="116.3175114803016185760498046875">
        <ele>54.799999237060546875</ele>
        <time>2026-09-27T00:07:37.000Z</time>
        <extensions>
          <ns3:TrackPointExtension>
            <ns3:atemp>24.0</ns3:atemp>
            <ns3:hr>126</ns3:hr>
            <ns3:cad>89</ns3:cad>
          </ns3:TrackPointExtension>
        </extensions>
      </trkpt>
      <trkpt lat="39.89858924411237239837646484375" lon="116.31750293076038360595703125">
        <ele>54.799999237060546875</ele>
        <time>2026-09-27T00:07:38.000Z</time>
        <extensions>
          <ns3:TrackPointExtension>
            <ns3:atemp>24.0</ns3:atemp>
            <ns3:hr>126</ns3:hr>
            <ns3:cad>89</ns3:cad>
          </ns3:TrackPointExtension>
        </extensions>
      </trkpt>
      <trkpt lat="39.8986062593758106231689453125" lon="116.31749731488525867462158203125">
        <ele>54.799999237060546875</ele>
        <time>2026-09-27T00:07:39.000Z</time>
        <extensions>
          <ns3:TrackPointExtension>
            <ns3:atemp>24.0</ns3:atemp>
            <ns3:hr>126</ns3:hr>
            <ns3:cad>89</ns3:cad>
          </ns3:TrackPointExtension>
        </extensions>
      </trkpt>
      <trkpt lat="39.89862662740051746368408203125" lon="116.31748876534402370452880859375">
        <ele>54.799999237060546875</ele>
        <time>2026-09-27T00:07:40.000Z</time>
        <extensions>
          <ns3:TrackPointExtension>
            <ns3:atemp>24.0</ns3:atemp>
            <ns3:hr>126</ns3:hr>
            <ns3:cad>88</ns3:cad>
          </ns3:TrackPointExtension>
        </extensions>
      </trkpt>
      <trkpt lat="39.89864557050168514251708984375" lon="116.31749496795237064361572265625">
        <ele>54.799999237060546875</ele>
        <time>2026-09-27T00:07:41.000Z</time>
        <extensions>
          <ns3:TrackPointExtension>
            <ns3:atemp>24.0</ns3:atemp>
            <ns3:hr>126</ns3:hr>
            <ns3:cad>88</ns3:cad>
          </ns3:TrackPointExtension>
        </extensions>
      </trkpt>
      <trkpt lat="39.898650683462619781494140625" lon="116.31748155690729618072509765625">
        <ele>54.799999237060546875</ele>
        <time>2026-09-27T00:07:42.000Z</time>
        <extensions>
          <ns3:TrackPointExtension>
            <ns3:atemp>24.0</ns3:atemp>
            <ns3:hr>126</ns3:hr>
            <ns3:cad>88</ns3:cad>
          </ns3:TrackPointExtension>
        </extensions>
      </trkpt>
      <trkpt lat="39.898652695119380950927734375" lon="116.3174848258495330810546875">
        <ele>54.799999237060546875</ele>
        <time>2026-09-27T00:07:43.000Z</time>
        <extensions>
          <ns3:TrackPointExtension>
            <ns3:atemp>24.0</ns3:atemp>
            <ns3:hr>127</ns3:hr>
            <ns3:cad>88</ns3:cad>
          </ns3:TrackPointExtension>
        </extensions>
      </trkpt>
      <trkpt lat="39.898664094507694244384765625" lon="116.3174836523830890655517578125">
        <ele>55</ele>
        <time>2026-09-27T00:07:44.000Z</time>
        <extensions>
          <ns3:TrackPointExtension>
            <ns3:atemp>24.0</ns3:atemp>
            <ns3:hr>127</ns3:hr>
            <ns3:cad>88</ns3:cad>
          </ns3:TrackPointExtension>
        </extensions>
      </trkpt>
      <trkpt lat="39.89867859520018100738525390625" lon="116.31748013198375701904296875">
        <ele>55</ele>
        <time>2026-09-27T00:07:45.000Z</time>
        <extensions>
          <ns3:TrackPointExtension>
            <ns3:atemp>24.0</ns3:atemp>
            <ns3:hr>127</ns3:hr>
            <ns3:cad>88</ns3:cad>
          </ns3:TrackPointExtension>
        </extensions>
      </trkpt>
      <trkpt lat="39.8986987955868244171142578125" lon="116.31748071871697902679443359375">
        <ele>55</ele>
        <time>2026-09-27T00:07:46.000Z</time>
        <extensions>
          <ns3:TrackPointExtension>
            <ns3:atemp>24.0</ns3:atemp>
            <ns3:hr>128</ns3:hr>
            <ns3:cad>88</ns3:cad>
          </ns3:TrackPointExtension>
        </extensions>
      </trkpt>
      <trkpt lat="39.89871648140251636505126953125" lon="116.3174776174128055572509765625">
        <ele>55</ele>
        <time>2026-09-27T00:07:47.000Z</time>
        <extensions>
          <ns3:TrackPointExtension>
            <ns3:atemp>24.0</ns3:atemp>
            <ns3:hr>129</ns3:hr>
            <ns3:cad>88</ns3:cad>
          </ns3:TrackPointExtension>
        </extensions>
      </trkpt>
      <trkpt lat="39.89873592741787433624267578125" lon="116.31747418083250522613525390625">
        <ele>55</ele>
        <time>2026-09-27T00:07:48.000Z</time>
        <extensions>
          <ns3:TrackPointExtension>
            <ns3:atemp>24.0</ns3:atemp>
            <ns3:hr>129</ns3:hr>
            <ns3:cad>88</ns3:cad>
          </ns3:TrackPointExtension>
        </extensions>
      </trkpt>
      <trkpt lat="39.89875269122421741485595703125" lon="116.31747283972799777984619140625">
        <ele>55.200000762939453125</ele>
        <time>2026-09-27T00:07:49.000Z</time>
        <extensions>
          <ns3:TrackPointExtension>
            <ns3:atemp>24.0</ns3:atemp>
            <ns3:hr>129</ns3:hr>
            <ns3:cad>88</ns3:cad>
          </ns3:TrackPointExtension>
        </extensions>
      </trkpt>
      <trkpt lat="39.89876568317413330078125" lon="116.31747870706021785736083984375">
        <ele>55.200000762939453125</ele>
        <time>2026-09-27T00:07:50.000Z</time>
        <extensions>
          <ns3:TrackPointExtension>
            <ns3:atemp>24.0</ns3:atemp>
            <ns3:hr>130</ns3:hr>
            <ns3:cad>88</ns3:cad>
          </ns3:TrackPointExtension>
        </extensions>
      </trkpt>
      <trkpt lat="39.89876694045960903167724609375" lon="116.31747971288859844207763671875">
        <ele>55.40000152587890625</ele>
        <time>2026-09-27T00:07:51.000Z</time>
        <extensions>
          <ns3:TrackPointExtension>
            <ns3:atemp>24.0</ns3:atemp>
            <ns3:hr>130</ns3:hr>
            <ns3:cad>88</ns3:cad>
          </ns3:TrackPointExtension>
        </extensions>
      </trkpt>
      <trkpt lat="39.8987809382379055023193359375" lon="116.3174823112785816192626953125">
        <ele>55.40000152587890625</ele>
        <time>2026-09-27T00:07:52.000Z</time>
        <extensions>
          <ns3:TrackPointExtension>
            <ns3:atemp>24.0</ns3:atemp>
            <ns3:hr>130</ns3:hr>
            <ns3:cad>87</ns3:cad>
          </ns3:TrackPointExtension>
        </extensions>
      </trkpt>
      <trkpt lat="39.89879460074007511138916015625" lon="116.3174856640398502349853515625">
        <ele>55.40000152587890625</ele>
        <time>2026-09-27T00:07:53.000Z</time>
        <extensions>
          <ns3:TrackPointExtension>
            <ns3:atemp>24.0</ns3:atemp>
            <ns3:hr>131</ns3:hr>
            <ns3:cad>87</ns3:cad>
          </ns3:TrackPointExtension>
        </extensions>
      </trkpt>
      <trkpt lat="39.89880348555743694305419921875" lon="116.3174880109727382659912109375">
        <ele>55.40000152587890625</ele>
        <time>2026-09-27T00:07:54.000Z</time>
        <extensions>
          <ns3:TrackPointExtension>
            <ns3:atemp>24.0</ns3:atemp>
            <ns3:hr>131</ns3:hr>
            <ns3:cad>87</ns3:cad>
          </ns3:TrackPointExtension>
        </extensions>
      </trkpt>
      <trkpt lat="39.8988040722906589508056640625" lon="116.31748775951564311981201171875">
        <ele>55.59999847412109375</ele>
        <time>2026-09-27T00:07:55.000Z</time>
        <extensions>
          <ns3:TrackPointExtension>
            <ns3:atemp>24.0</ns3:atemp>
            <ns3:hr>131</ns3:hr>
            <ns3:cad>87</ns3:cad>
          </ns3:TrackPointExtension>
        </extensions>
      </trkpt>
      <trkpt lat="39.8988265357911586761474609375" lon="116.31748708896338939666748046875">
        <ele>55.59999847412109375</ele>
        <time>2026-09-27T00:07:56.000Z</time>
        <extensions>
          <ns3:TrackPointExtension>
            <ns3:atemp>24.0</ns3:atemp>
            <ns3:hr>131</ns3:hr>
            <ns3:cad>87</ns3:cad>
          </ns3:TrackPointExtension>
        </extensions>
      </trkpt>
      <trkpt lat="39.898851849138736724853515625" lon="116.3174901902675628662109375">
        <ele>55.59999847412109375</ele>
        <time>2026-09-27T00:07:57.000Z</time>
        <extensions>
          <ns3:TrackPointExtension>
            <ns3:atemp>24.0</ns3:atemp>
            <ns3:hr>131</ns3:hr>
            <ns3:cad>87</ns3:cad>
          </ns3:TrackPointExtension>
        </extensions>
      </trkpt>
      <trkpt lat="39.89888059906661510467529296875" lon="116.31749195046722888946533203125">
        <ele>55.59999847412109375</ele>
        <time>2026-09-27T00:07:58.000Z</time>
        <extensions>
          <ns3:TrackPointExtension>
            <ns3:atemp>24.0</ns3:atemp>
            <ns3:hr>130</ns3:hr>
            <ns3:cad>87</ns3:cad>
          </ns3:TrackPointExtension>
        </extensions>
      </trkpt>
      <trkpt lat="39.898917563259601593017578125" lon="116.31749086081981658935546875">
        <ele>55.59999847412109375</ele>
        <time>2026-09-27T00:07:59.000Z</time>
        <extensions>
          <ns3:TrackPointExtension>
            <ns3:atemp>24.0</ns3:atemp>
            <ns3:hr>130</ns3:hr>
            <ns3:cad>88</ns3:cad>
          </ns3:TrackPointExtension>
        </extensions>
      </trkpt>
      <trkpt lat="39.8989482410252094268798828125" lon="116.31748775951564311981201171875">
        <ele>55.59999847412109375</ele>
        <time>2026-09-27T00:08:00.000Z</time>
        <extensions>
          <ns3:TrackPointExtension>
            <ns3:atemp>24.0</ns3:atemp>
            <ns3:hr>130</ns3:hr>
            <ns3:cad>88</ns3:cad>
          </ns3:TrackPointExtension>
        </extensions>
      </trkpt>
      <trkpt lat="39.89898319356143474578857421875" lon="116.31748490966856479644775390625">
        <ele>55.59999847412109375</ele>
        <time>2026-09-27T00:08:01.000Z</time>
        <extensions>
          <ns3:TrackPointExtension>
            <ns3:atemp>24.0</ns3:atemp>
            <ns3:hr>130</ns3:hr>
            <ns3:cad>88</ns3:cad>
          </ns3:TrackPointExtension>
        </extensions>
      </trkpt>
      <trkpt lat="39.8990156315267086029052734375" lon="116.3174856640398502349853515625">
        <ele>55.59999847412109375</ele>
        <time>2026-09-27T00:08:02.000Z</time>
        <extensions>
          <ns3:TrackPointExtension>
            <ns3:atemp>24.0</ns3:atemp>
            <ns3:hr>131</ns3:hr>
            <ns3:cad>88</ns3:cad>
          </ns3:TrackPointExtension>
        </extensions>
      </trkpt>
      <trkpt lat="39.8990515060722827911376953125" lon="116.31748910062015056610107421875">
        <ele>55.59999847412109375</ele>
        <time>2026-09-27T00:08:03.000Z</time>
        <extensions>
          <ns3:TrackPointExtension>
            <ns3:atemp>24.0</ns3:atemp>
            <ns3:hr>131</ns3:hr>
            <ns3:cad>88</ns3:cad>
          </ns3:TrackPointExtension>
        </extensions>
      </trkpt>
      <trkpt lat="39.8990843631327152252197265625" lon="116.31749681197106838226318359375">
        <ele>55.59999847412109375</ele>
        <time>2026-09-27T00:08:04.000Z</time>
        <extensions>
          <ns3:TrackPointExtension>
            <ns3:atemp>24.0</ns3:atemp>
            <ns3:hr>132</ns3:hr>
            <ns3:cad>88</ns3:cad>
          </ns3:TrackPointExtension>
        </extensions>
      </trkpt>
      <trkpt lat="39.899119399487972259521484375" lon="116.3175041042268276214599609375">
        <ele>55.59999847412109375</ele>
        <time>2026-09-27T00:08:05.000Z</time>
        <extensions>
          <ns3:TrackPointExtension>
            <ns3:atemp>24.0</ns3:atemp>
            <ns3:hr>132</ns3:hr>
            <ns3:cad>88</ns3:cad>
          </ns3:TrackPointExtension>
        </extensions>
      </trkpt>
      <trkpt lat="39.89915736950933933258056640625" lon="116.3175108097493648529052734375">
        <ele>55.59999847412109375</ele>
        <time>2026-09-27T00:08:06.000Z</time>
        <extensions>
          <ns3:TrackPointExtension>
            <ns3:atemp>24.0</ns3:atemp>
            <ns3:hr>132</ns3:hr>
            <ns3:cad>88</ns3:cad>
          </ns3:TrackPointExtension>
        </extensions>
      </trkpt>
      <trkpt lat="39.89919408224523067474365234375" lon="116.3175138272345066070556640625">
        <ele>55.59999847412109375</ele>
        <time>2026-09-27T00:08:07.000Z</time>
        <extensions>
          <ns3:TrackPointExtension>
            <ns3:atemp>24.0</ns3:atemp>
            <ns3:hr>132</ns3:hr>
            <ns3:cad>88</ns3:cad>
          </ns3:TrackPointExtension>
        </extensions>
      </trkpt>
      <trkpt lat="39.899225346744060516357421875" lon="116.31751860491931438446044921875">
        <ele>55.59999847412109375</ele>
        <time>2026-09-27T00:08:08.000Z</time>
        <extensions>
          <ns3:TrackPointExtension>
            <ns3:atemp>24.0</ns3:atemp>
            <ns3:hr>132</ns3:hr>
            <ns3:cad>88</ns3:cad>
          </ns3:TrackPointExtension>
        </extensions>
      </trkpt>
      <trkpt lat="39.8992530070245265960693359375" lon="116.317508630454540252685546875">
        <ele>55.59999847412109375</ele>
        <time>2026-09-27T00:08:09.000Z</time>
        <extensions>
          <ns3:TrackPointExtension>
            <ns3:atemp>24.0</ns3:atemp>
            <ns3:hr>132</ns3:hr>
            <ns3:cad>88</ns3:cad>
          </ns3:TrackPointExtension>
        </extensions>
      </trkpt>
      <trkpt lat="39.8992771469056606292724609375" lon="116.31750251166522502899169921875">
        <ele>55.59999847412109375</ele>
        <time>2026-09-27T00:08:10.000Z</time>
        <extensions>
          <ns3:TrackPointExtension>
            <ns3:atemp>24.0</ns3:atemp>
            <ns3:hr>132</ns3:hr>
            <ns3:cad>89</ns3:cad>
          </ns3:TrackPointExtension>
        </extensions>
      </trkpt>
      <trkpt lat="39.8993115127086639404296875" lon="116.317512989044189453125">
        <ele>55.59999847412109375</ele>
        <time>2026-09-27T00:08:11.000Z</time>
        <extensions>
          <ns3:TrackPointExtension>
            <ns3:atemp>24.0</ns3:atemp>
            <ns3:hr>132</ns3:hr>
            <ns3:cad>89</ns3:cad>
          </ns3:TrackPointExtension>
        </extensions>
      </trkpt>
      <trkpt lat="39.89933808334171772003173828125" lon="116.31751500070095062255859375">
        <ele>55.59999847412109375</ele>
        <time>2026-09-27T00:08:12.000Z</time>
        <extensions>
          <ns3:TrackPointExtension>
            <ns3:atemp>24.0</ns3:atemp>
            <ns3:hr>132</ns3:hr>
            <ns3:cad>89</ns3:cad>
          </ns3:TrackPointExtension>
        </extensions>
      </trkpt>
      <trkpt lat="39.89936389960348606109619140625" lon="116.31751441396772861480712890625">
        <ele>55.799999237060546875</ele>
        <time>2026-09-27T00:08:13.000Z</time>
        <extensions>
          <ns3:TrackPointExtension>
            <ns3:atemp>24.0</ns3:atemp>
            <ns3:hr>133</ns3:hr>
            <ns3:cad>89</ns3:cad>
          </ns3:TrackPointExtension>
        </extensions>
      </trkpt>
      <trkpt lat="39.89939189516007900238037109375" lon="116.31751139648258686065673828125">
        <ele>55.799999237060546875</ele>
        <time>2026-09-27T00:08:14.000Z</time>
        <extensions>
          <ns3:TrackPointExtension>
            <ns3:atemp>24.0</ns3:atemp>
            <ns3:hr>133</ns3:hr>
            <ns3:cad>88</ns3:cad>
          </ns3:TrackPointExtension>
        </extensions>
      </trkpt>
      <trkpt lat="39.89941569976508617401123046875" lon="116.31749815307557582855224609375">
        <ele>55.799999237060546875</ele>
        <time>2026-09-27T00:08:15.000Z</time>
        <extensions>
          <ns3:TrackPointExtension>
            <ns3:atemp>24.0</ns3:atemp>
            <ns3:hr>133</ns3:hr>
            <ns3:cad>88</ns3:cad>
          </ns3:TrackPointExtension>
        </extensions>
      </trkpt>
      <trkpt lat="39.899444282054901123046875" lon="116.31749127991497516632080078125">
        <ele>55.799999237060546875</ele>
        <time>2026-09-27T00:08:16.000Z</time>
        <extensions>
          <ns3:TrackPointExtension>
            <ns3:atemp>24.0</ns3:atemp>
            <ns3:hr>133</ns3:hr>
            <ns3:cad>88</ns3:cad>
          </ns3:TrackPointExtension>
        </extensions>
      </trkpt>
      <trkpt lat="39.89947286434471607208251953125" lon="116.31748281419277191162109375">
        <ele>55.799999237060546875</ele>
        <time>2026-09-27T00:08:17.000Z</time>
        <extensions>
          <ns3:TrackPointExtension>
            <ns3:atemp>24.0</ns3:atemp>
            <ns3:hr>134</ns3:hr>
            <ns3:cad>88</ns3:cad>
          </ns3:TrackPointExtension>
        </extensions>
      </trkpt>
      <trkpt lat="39.89950337447226047515869140625" lon="116.31748155690729618072509765625">
        <ele>55.799999237060546875</ele>
        <time>2026-09-27T00:08:18.000Z</time>
        <extensions>
          <ns3:TrackPointExtension>
            <ns3:atemp>24.0</ns3:atemp>
            <ns3:hr>134</ns3:hr>
            <ns3:cad>88</ns3:cad>
          </ns3:TrackPointExtension>
        </extensions>
      </trkpt>
      <trkpt lat="39.89952550269663333892822265625" lon="116.31747753359377384185791015625">
        <ele>55.799999237060546875</ele>
        <time>2026-09-27T00:08:19.000Z</time>
        <extensions>
          <ns3:TrackPointExtension>
            <ns3:atemp>24.0</ns3:atemp>
            <ns3:hr>135</ns3:hr>
            <ns3:cad>88</ns3:cad>
          </ns3:TrackPointExtension>
        </extensions>
      </trkpt>
      <trkpt lat="39.89955014549195766448974609375" lon="116.31748038344085216522216796875">
        <ele>55.799999237060546875</ele>
        <time>2026-09-27T00:08:20.000Z</time>
        <extensions>
          <ns3:TrackPointExtension>
            <ns3:atemp>24.0</ns3:atemp>
            <ns3:hr>135</ns3:hr>
            <ns3:cad>88</ns3:cad>
          </ns3:TrackPointExtension>
        </extensions>
      </trkpt>
      <trkpt lat="39.89957529120147228240966796875" lon="116.31748013198375701904296875">
        <ele>55.799999237060546875</ele>
        <time>2026-09-27T00:08:21.000Z</time>
        <extensions>
          <ns3:TrackPointExtension>
            <ns3:atemp>24.0</ns3:atemp>
            <ns3:hr>135</ns3:hr>
            <ns3:cad>88</ns3:cad>
          </ns3:TrackPointExtension>
        </extensions>
      </trkpt>
      <trkpt lat="39.89961259067058563232421875" lon="116.31747870706021785736083984375">
        <ele>55.799999237060546875</ele>
        <time>2026-09-27T00:08:22.000Z</time>
        <extensions>
          <ns3:TrackPointExtension>
            <ns3:atemp>24.0</ns3:atemp>
            <ns3:hr>135</ns3:hr>
            <ns3:cad>88</ns3:cad>
          </ns3:TrackPointExtension>
        </extensions>
      </trkpt>
      <trkpt lat="39.89964435808360576629638671875" lon="116.317479796707630157470703125">
        <ele>56</ele>
        <time>2026-09-27T00:08:23.000Z</time>
        <extensions>
          <ns3:TrackPointExtension>
            <ns3:atemp>24.0</ns3:atemp>
            <ns3:hr>135</ns3:hr>
            <ns3:cad>88</ns3:cad>
          </ns3:TrackPointExtension>
        </extensions>
      </trkpt>
      <trkpt lat="39.899679310619831085205078125" lon="116.317483149468898773193359375">
        <ele>56</ele>
        <time>2026-09-27T00:08:24.000Z</time>
        <extensions>
          <ns3:TrackPointExtension>
            <ns3:atemp>24.0</ns3:atemp>
            <ns3:hr>135</ns3:hr>
            <ns3:cad>88</ns3:cad>
          </ns3:TrackPointExtension>
        </extensions>
      </trkpt>
      <trkpt lat="39.89969280548393726348876953125" lon="116.31749262101948261260986328125">
        <ele>56</ele>
        <time>2026-09-27T00:08:25.000Z</time>
        <extensions>
          <ns3:TrackPointExtension>
            <ns3:atemp>24.0</ns3:atemp>
            <ns3:hr>135</ns3:hr>
            <ns3:cad>88</ns3:cad>
          </ns3:TrackPointExtension>
        </extensions>
      </trkpt>
      <trkpt lat="39.89971007220447063446044921875" lon="116.31750603206455707550048828125">
        <ele>56</ele>
        <time>2026-09-27T00:08:26.000Z</time>
        <extensions>
          <ns3:TrackPointExtension>
            <ns3:atemp>24.0</ns3:atemp>
            <ns3:hr>136</ns3:hr>
            <ns3:cad>88</ns3:cad>
          </ns3:TrackPointExtension>
        </extensions>
      </trkpt>
      <trkpt lat="39.8997326195240020751953125" lon="116.3175030983984470367431640625">
        <ele>56</ele>
        <time>2026-09-27T00:08:27.000Z</time>
        <extensions>
          <ns3:TrackPointExtension>
            <ns3:atemp>24.0</ns3:atemp>
            <ns3:hr>136</ns3:hr>
            <ns3:cad>87</ns3:cad>
          </ns3:TrackPointExtension>
        </extensions>
      </trkpt>
      <trkpt lat="39.89974125288426876068115234375" lon="116.31750184111297130584716796875">
        <ele>56</ele>
        <time>2026-09-27T00:08:28.000Z</time>
        <extensions>
          <ns3:TrackPointExtension>
            <ns3:atemp>24.0</ns3:atemp>
            <ns3:hr>136</ns3:hr>
            <ns3:cad>87</ns3:cad>
          </ns3:TrackPointExtension>
        </extensions>
      </trkpt>
      <trkpt lat="39.89975902251899242401123046875" lon="116.31749966181814670562744140625">
        <ele>56</ele>
        <time>2026-09-27T00:08:29.000Z</time>
        <extensions>
          <ns3:TrackPointExtension>
            <ns3:atemp>24.0</ns3:atemp>
            <ns3:hr>136</ns3:hr>
            <ns3:cad>87</ns3:cad>
          </ns3:TrackPointExtension>
        </extensions>
      </trkpt>
      <trkpt lat="39.89977796562016010284423828125" lon="116.317494213581085205078125">
        <ele>56</ele>
        <time>2026-09-27T00:08:30.000Z</time>
        <extensions>
          <ns3:TrackPointExtension>
            <ns3:atemp>24.0</ns3:atemp>
            <ns3:hr>136</ns3:hr>
            <ns3:cad>87</ns3:cad>
          </ns3:TrackPointExtension>
        </extensions>
      </trkpt>
      <trkpt lat="39.8997969925403594970703125" lon="116.3174915313720703125">
        <ele>56</ele>
        <time>2026-09-27T00:08:31.000Z</time>
        <extensions>
          <ns3:TrackPointExtension>
            <ns3:atemp>24.0</ns3:atemp>
            <ns3:hr>135</ns3:hr>
            <ns3:cad>87</ns3:cad>
          </ns3:TrackPointExtension>
        </extensions>
      </trkpt>
      <trkpt lat="39.89981819875538349151611328125" lon="116.317487843334674835205078125">
        <ele>56</ele>
        <time>2026-09-27T00:08:32.000Z</time>
        <extensions>
          <ns3:TrackPointExtension>
            <ns3:atemp>24.0</ns3:atemp>
            <ns3:hr>135</ns3:hr>
            <ns3:cad>87</ns3:cad>
          </ns3:TrackPointExtension>
        </extensions>
      </trkpt>
      <trkpt lat="39.8998440988361835479736328125" lon="116.317490525543689727783203125">
        <ele>56</ele>
        <time>2026-09-27T00:08:33.000Z</time>
        <extensions>
          <ns3:TrackPointExtension>
            <ns3:atemp>24.0</ns3:atemp>
            <ns3:hr>135</ns3:hr>
            <ns3:cad>87</ns3:cad>
          </ns3:TrackPointExtension>
        </extensions>
      </trkpt>
      <trkpt lat="39.8998662270605564117431640625" lon="116.31748826242983341217041015625">
        <ele>56</ele>
        <time>2026-09-27T00:08:34.000Z</time>
        <extensions>
          <ns3:TrackPointExtension>
            <ns3:atemp>24.0</ns3:atemp>
            <ns3:hr>135</ns3:hr>
            <ns3:cad>87</ns3:cad>
          </ns3:TrackPointExtension>
        </extensions>
      </trkpt>
      <trkpt lat="39.89988148212432861328125" lon="116.31748817861080169677734375">
        <ele>56</ele>
        <time>2026-09-27T00:08:35.000Z</time>
        <extensions>
          <ns3:TrackPointExtension>
            <ns3:atemp>24.0</ns3:atemp>
            <ns3:hr>135</ns3:hr>
            <ns3:cad>87</ns3:cad>
          </ns3:TrackPointExtension>
        </extensions>
      </trkpt>
      <trkpt lat="39.89989346824586391448974609375" lon="116.317491866648197174072265625">
        <ele>56</ele>
        <time>2026-09-27T00:08:36.000Z</time>
        <extensions>
          <ns3:TrackPointExtension>
            <ns3:atemp>24.0</ns3:atemp>
            <ns3:hr>135</ns3:hr>
            <ns3:cad>87</ns3:cad>
          </ns3:TrackPointExtension>
        </extensions>
      </trkpt>
      <trkpt lat="39.8999096453189849853515625" lon="116.31749111227691173553466796875">
        <ele>56</ele>
        <time>2026-09-27T00:08:37.000Z</time>
        <extensions>
          <ns3:TrackPointExtension>
            <ns3:atemp>24.0</ns3:atemp>
            <ns3:hr>135</ns3:hr>
            <ns3:cad>86</ns3:cad>
          </ns3:TrackPointExtension>
        </extensions>
      </trkpt>
      <trkpt lat="39.89992951042950153350830078125" lon="116.31748859770596027374267578125">
        <ele>56</ele>
        <time>2026-09-27T00:08:38.000Z</time>
        <extensions>
          <ns3:TrackPointExtension>
            <ns3:atemp>24.0</ns3:atemp>
            <ns3:hr>135</ns3:hr>
            <ns3:cad>86</ns3:cad>
          </ns3:TrackPointExtension>
        </extensions>
      </trkpt>
      <trkpt lat="39.899954237043857574462890625" lon="116.31748549640178680419921875">
        <ele>56.200000762939453125</ele>
        <time>2026-09-27T00:08:39.000Z</time>
        <extensions>
          <ns3:TrackPointExtension>
            <ns3:atemp>24.0</ns3:atemp>
            <ns3:hr>135</ns3:hr>
            <ns3:cad>87</ns3:cad>
          </ns3:TrackPointExtension>
        </extensions>
      </trkpt>
      <trkpt lat="39.89997661672532558441162109375" lon="116.31747988052666187286376953125">
        <ele>56.200000762939453125</ele>
        <time>2026-09-27T00:08:40.000Z</time>
        <extensions>
          <ns3:TrackPointExtension>
            <ns3:atemp>24.0</ns3:atemp>
            <ns3:hr>134</ns3:hr>
            <ns3:cad>87</ns3:cad>
          </ns3:TrackPointExtension>
        </extensions>
      </trkpt>
      <trkpt lat="39.9000016786158084869384765625" lon="116.317471750080585479736328125">
        <ele>56.200000762939453125</ele>
        <time>2026-09-27T00:08:41.000Z</time>
        <extensions>
          <ns3:TrackPointExtension>
            <ns3:atemp>24.0</ns3:atemp>
            <ns3:hr>133</ns3:hr>
            <ns3:cad>87</ns3:cad>
          </ns3:TrackPointExtension>
        </extensions>
      </trkpt>
      <trkpt lat="39.90002472884953022003173828125" lon="116.31746931932866573333740234375">
        <ele>56.200000762939453125</ele>
        <time>2026-09-27T00:08:42.000Z</time>
        <extensions>
          <ns3:TrackPointExtension>
            <ns3:atemp>24.0</ns3:atemp>
            <ns3:hr>132</ns3:hr>
            <ns3:cad>87</ns3:cad>
          </ns3:TrackPointExtension>
        </extensions>
      </trkpt>
      <trkpt lat="39.90004819817841053009033203125" lon="116.31746797822415828704833984375">
        <ele>56.200000762939453125</ele>
        <time>2026-09-27T00:08:43.000Z</time>
        <extensions>
          <ns3:TrackPointExtension>
            <ns3:atemp>24.0</ns3:atemp>
            <ns3:hr>131</ns3:hr>
            <ns3:cad>87</ns3:cad>
          </ns3:TrackPointExtension>
        </extensions>
      </trkpt>
      <trkpt lat="39.90007015876471996307373046875" lon="116.31746764294803142547607421875">
        <ele>56.40000152587890625</ele>
        <time>2026-09-27T00:08:44.000Z</time>
        <extensions>
          <ns3:TrackPointExtension>
            <ns3:atemp>24.0</ns3:atemp>
            <ns3:hr>131</ns3:hr>
            <ns3:cad>87</ns3:cad>
          </ns3:TrackPointExtension>
        </extensions>
      </trkpt>
      <trkpt lat="39.90009161643683910369873046875" lon="116.317472755908966064453125">
        <ele>56.40000152587890625</ele>
        <time>2026-09-27T00:08:45.000Z</time>
        <extensions>
          <ns3:TrackPointExtension>
            <ns3:atemp>24.0</ns3:atemp>
            <ns3:hr>131</ns3:hr>
            <ns3:cad>87</ns3:cad>
          </ns3:TrackPointExtension>
        </extensions>
      </trkpt>
      <trkpt lat="39.900125898420810699462890625" lon="116.3174796290695667266845703125">
        <ele>56.40000152587890625</ele>
        <time>2026-09-27T00:08:46.000Z</time>
        <extensions>
          <ns3:TrackPointExtension>
            <ns3:atemp>24.0</ns3:atemp>
            <ns3:hr>131</ns3:hr>
            <ns3:cad>87</ns3:cad>
          </ns3:TrackPointExtension>
        </extensions>
      </trkpt>
      <trkpt lat="39.90015330724418163299560546875" lon="116.31748943589627742767333984375">
        <ele>56.40000152587890625</ele>
        <time>2026-09-27T00:08:47.000Z</time>
        <extensions>
          <ns3:TrackPointExtension>
            <ns3:atemp>24.0</ns3:atemp>
            <ns3:hr>130</ns3:hr>
            <ns3:cad>87</ns3:cad>
          </ns3:TrackPointExtension>
        </extensions>
      </trkpt>
      <trkpt lat="39.90018297918140888214111328125" lon="116.3174947164952754974365234375">
        <ele>56.40000152587890625</ele>
        <time>2026-09-27T00:08:48.000Z</time>
        <extensions>
          <ns3:TrackPointExtension>
            <ns3:atemp>24.0</ns3:atemp>
            <ns3:hr>130</ns3:hr>
            <ns3:cad>86</ns3:cad>
          </ns3:TrackPointExtension>
        </extensions>
      </trkpt>
      <trkpt lat="39.9002092145383358001708984375" lon="116.31749756634235382080078125">
        <ele>56.40000152587890625</ele>
        <time>2026-09-27T00:08:49.000Z</time>
        <extensions>
          <ns3:TrackPointExtension>
            <ns3:atemp>24.0</ns3:atemp>
            <ns3:hr>130</ns3:hr>
            <ns3:cad>86</ns3:cad>
          </ns3:TrackPointExtension>
        </extensions>
      </trkpt>
      <trkpt lat="39.90024584345519542694091796875" lon="116.31749748252332210540771484375">
        <ele>56.40000152587890625</ele>
        <time>2026-09-27T00:08:50.000Z</time>
        <extensions>
          <ns3:TrackPointExtension>
            <ns3:atemp>24.0</ns3:atemp>
            <ns3:hr>130</ns3:hr>
            <ns3:cad>87</ns3:cad>
          </ns3:TrackPointExtension>
        </extensions>
      </trkpt>
      <trkpt lat="39.90027844905853271484375" lon="116.31750117056071758270263671875">
        <ele>56.40000152587890625</ele>
        <time>2026-09-27T00:08:51.000Z</time>
        <extensions>
          <ns3:TrackPointExtension>
            <ns3:atemp>24.0</ns3:atemp>
            <ns3:hr>130</ns3:hr>
            <ns3:cad>87</ns3:cad>
          </ns3:TrackPointExtension>
        </extensions>
      </trkpt>
      <trkpt lat="39.90030552260577678680419921875" lon="116.31750184111297130584716796875">
        <ele>56.40000152587890625</ele>
        <time>2026-09-27T00:08:52.000Z</time>
        <extensions>
          <ns3:TrackPointExtension>
            <ns3:atemp>24.0</ns3:atemp>
            <ns3:hr>129</ns3:hr>
            <ns3:cad>87</ns3:cad>
          </ns3:TrackPointExtension>
        </extensions>
      </trkpt>
      <trkpt lat="39.9003372900187969207763671875" lon="116.3175036013126373291015625">
        <ele>56.40000152587890625</ele>
        <time>2026-09-27T00:08:53.000Z</time>
        <extensions>
          <ns3:TrackPointExtension>
            <ns3:atemp>24.0</ns3:atemp>
            <ns3:hr>129</ns3:hr>
            <ns3:cad>87</ns3:cad>
          </ns3:TrackPointExtension>
        </extensions>
      </trkpt>
      <trkpt lat="39.90036386065185070037841796875" lon="116.3175089657306671142578125">
        <ele>56.40000152587890625</ele>
        <time>2026-09-27T00:08:54.000Z</time>
        <extensions>
          <ns3:TrackPointExtension>
            <ns3:atemp>24.0</ns3:atemp>
            <ns3:hr>129</ns3:hr>
            <ns3:cad>87</ns3:cad>
          </ns3:TrackPointExtension>
        </extensions>
      </trkpt>
      <trkpt lat="39.90039017982780933380126953125" lon="116.317501254379749298095703125">
        <ele>56.40000152587890625</ele>
        <time>2026-09-27T00:08:55.000Z</time>
        <extensions>
          <ns3:TrackPointExtension>
            <ns3:atemp>24.0</ns3:atemp>
            <ns3:hr>130</ns3:hr>
            <ns3:cad>88</ns3:cad>
          </ns3:TrackPointExtension>
        </extensions>
      </trkpt>
      <trkpt lat="39.9004201032221317291259765625" lon="116.31749329157173633575439453125">
        <ele>56.200000762939453125</ele>
        <time>2026-09-27T00:08:56.000Z</time>
        <extensions>
          <ns3:TrackPointExtension>
            <ns3:atemp>24.0</ns3:atemp>
            <ns3:hr>130</ns3:hr>
            <ns3:cad>88</ns3:cad>
          </ns3:TrackPointExtension>
        </extensions>
      </trkpt>
      <trkpt lat="39.900447092950344085693359375" lon="116.31749312393367290496826171875">
        <ele>56.200000762939453125</ele>
        <time>2026-09-27T00:08:57.000Z</time>
        <extensions>
          <ns3:TrackPointExtension>
            <ns3:atemp>24.0</ns3:atemp>
            <ns3:hr>130</ns3:hr>
            <ns3:cad>88</ns3:cad>
          </ns3:TrackPointExtension>
        </extensions>
      </trkpt>
      <trkpt lat="39.9004720710217952728271484375" lon="116.31749178282916545867919921875">
        <ele>56.200000762939453125</ele>
        <time>2026-09-27T00:08:58.000Z</time>
        <extensions>
          <ns3:TrackPointExtension>
            <ns3:atemp>24.0</ns3:atemp>
            <ns3:hr>129</ns3:hr>
            <ns3:cad>88</ns3:cad>
          </ns3:TrackPointExtension>
        </extensions>
      </trkpt>
      <trkpt lat="39.90049780346453189849853515625" lon="116.31748826242983341217041015625">
        <ele>56.200000762939453125</ele>
        <time>2026-09-27T00:08:59.000Z</time>
        <extensions>
          <ns3:TrackPointExtension>
            <ns3:atemp>24.0</ns3:atemp>
            <ns3:hr>129</ns3:hr>
            <ns3:cad>88</ns3:cad>
          </ns3:TrackPointExtension>
        </extensions>
      </trkpt>
      <trkpt lat="39.90052211098372936248779296875" lon="116.31747904233634471893310546875">
        <ele>56.200000762939453125</ele>
        <time>2026-09-27T00:09:00.000Z</time>
        <extensions>
          <ns3:TrackPointExtension>
            <ns3:atemp>24.0</ns3:atemp>
            <ns3:hr>129</ns3:hr>
            <ns3:cad>87</ns3:cad>
          </ns3:TrackPointExtension>
        </extensions>
      </trkpt>
      <trkpt lat="39.90054792724549770355224609375" lon="116.317469067871570587158203125">
        <ele>56.200000762939453125</ele>
        <time>2026-09-27T00:09:01.000Z</time>
        <extensions>
          <ns3:TrackPointExtension>
            <ns3:atemp>24.0</ns3:atemp>
            <ns3:hr>129</ns3:hr>
            <ns3:cad>87</ns3:cad>
          </ns3:TrackPointExtension>
        </extensions>
      </trkpt>
      <trkpt lat="39.90057357586920261383056640625" lon="116.3174578361213207244873046875">
        <ele>56.200000762939453125</ele>
        <time>2026-09-27T00:09:02.000Z</time>
        <extensions>
          <ns3:TrackPointExtension>
            <ns3:atemp>24.0</ns3:atemp>
            <ns3:hr>130</ns3:hr>
            <ns3:cad>87</ns3:cad>
          </ns3:TrackPointExtension>
        </extensions>
      </trkpt>
      <trkpt lat="39.90060056559741497039794921875" lon="116.3174472749233245849609375">
        <ele>56.200000762939453125</ele>
        <time>2026-09-27T00:09:03.000Z</time>
        <extensions>
          <ns3:TrackPointExtension>
            <ns3:atemp>24.0</ns3:atemp>
            <ns3:hr>130</ns3:hr>
            <ns3:cad>87</ns3:cad>
          </ns3:TrackPointExtension>
        </extensions>
      </trkpt>
      <trkpt lat="39.90062369965016841888427734375" lon="116.31744719110429286956787109375">
        <ele>56.200000762939453125</ele>
        <time>2026-09-27T00:09:04.000Z</time>
        <extensions>
          <ns3:TrackPointExtension>
            <ns3:atemp>24.0</ns3:atemp>
            <ns3:hr>130</ns3:hr>
            <ns3:cad>87</ns3:cad>
          </ns3:TrackPointExtension>
        </extensions>
      </trkpt>
      <trkpt lat="39.900647588074207305908203125" lon="116.31744920276105403900146484375">
        <ele>56.200000762939453125</ele>
        <time>2026-09-27T00:09:05.000Z</time>
        <extensions>
          <ns3:TrackPointExtension>
            <ns3:atemp>24.0</ns3:atemp>
            <ns3:hr>130</ns3:hr>
            <ns3:cad>87</ns3:cad>
          </ns3:TrackPointExtension>
        </extensions>
      </trkpt>
      <trkpt lat="39.90067482925951480865478515625" lon="116.31745020858943462371826171875">
        <ele>56.200000762939453125</ele>
        <time>2026-09-27T00:09:06.000Z</time>
        <extensions>
          <ns3:TrackPointExtension>
            <ns3:atemp>24.0</ns3:atemp>
            <ns3:hr>130</ns3:hr>
            <ns3:cad>87</ns3:cad>
          </ns3:TrackPointExtension>
        </extensions>
      </trkpt>
      <trkpt lat="39.900703914463520050048828125" lon="116.31745557300746440887451171875">
        <ele>56.200000762939453125</ele>
        <time>2026-09-27T00:09:07.000Z</time>
        <extensions>
          <ns3:TrackPointExtension>
            <ns3:atemp>24.0</ns3:atemp>
            <ns3:hr>131</ns3:hr>
            <ns3:cad>87</ns3:cad>
          </ns3:TrackPointExtension>
        </extensions>
      </trkpt>
      <trkpt lat="39.90073400549590587615966796875" lon="116.3174595125019550323486328125">
        <ele>56.200000762939453125</ele>
        <time>2026-09-27T00:09:08.000Z</time>
        <extensions>
          <ns3:TrackPointExtension>
            <ns3:atemp>24.0</ns3:atemp>
            <ns3:hr>131</ns3:hr>
            <ns3:cad>86</ns3:cad>
          </ns3:TrackPointExtension>
        </extensions>
      </trkpt>
      <trkpt lat="39.90075915120542049407958984375" lon="116.3174571655690670013427734375">
        <ele>56.200000762939453125</ele>
        <time>2026-09-27T00:09:09.000Z</time>
        <extensions>
          <ns3:TrackPointExtension>
            <ns3:atemp>24.0</ns3:atemp>
            <ns3:hr>132</ns3:hr>
            <ns3:cad>86</ns3:cad>
          </ns3:TrackPointExtension>
        </extensions>
      </trkpt>
      <trkpt lat="39.90077943541109561920166015625" lon="116.31745825521647930145263671875">
        <ele>56.200000762939453125</ele>
        <time>2026-09-27T00:09:10.000Z</time>
        <extensions>
          <ns3:TrackPointExtension>
            <ns3:atemp>24.0</ns3:atemp>
            <ns3:hr>132</ns3:hr>
            <ns3:cad>86</ns3:cad>
          </ns3:TrackPointExtension>
        </extensions>
      </trkpt>
      <trkpt lat="39.90079276263713836669921875" lon="116.31746537983417510986328125">
        <ele>56</ele>
        <time>2026-09-27T00:09:11.000Z</time>
        <extensions>
          <ns3:TrackPointExtension>
            <ns3:atemp>24.0</ns3:atemp>
            <ns3:hr>133</ns3:hr>
            <ns3:cad>86</ns3:cad>
          </ns3:TrackPointExtension>
        </extensions>
      </trkpt>
      <trkpt lat="39.900806508958339691162109375" lon="116.317470408976078033447265625">
        <ele>56</ele>
        <time>2026-09-27T00:09:12.000Z</time>
        <extensions>
          <ns3:TrackPointExtension>
            <ns3:atemp>24.0</ns3:atemp>
            <ns3:hr>133</ns3:hr>
            <ns3:cad>86</ns3:cad>
          </ns3:TrackPointExtension>
        </extensions>
      </trkpt>
      <trkpt lat="39.90082453005015850067138671875" lon="116.31747367791831493377685546875">
        <ele>56</ele>
        <time>2026-09-27T00:09:13.000Z</time>
        <extensions>
          <ns3:TrackPointExtension>
            <ns3:atemp>24.0</ns3:atemp>
            <ns3:hr>134</ns3:hr>
            <ns3:cad>87</ns3:cad>
          </ns3:TrackPointExtension>
        </extensions>
      </trkpt>
      <trkpt lat="39.9008462391793727874755859375" lon="116.3174821436405181884765625">
        <ele>56</ele>
        <time>2026-09-27T00:09:14.000Z</time>
        <extensions>
          <ns3:TrackPointExtension>
            <ns3:atemp>24.0</ns3:atemp>
            <ns3:hr>134</ns3:hr>
            <ns3:cad>87</ns3:cad>
          </ns3:TrackPointExtension>
        </extensions>
      </trkpt>
      <trkpt lat="39.9008710496127605438232421875" lon="116.31748490966856479644775390625">
        <ele>55.799999237060546875</ele>
        <time>2026-09-27T00:09:15.000Z</time>
        <extensions>
          <ns3:TrackPointExtension>
            <ns3:atemp>24.0</ns3:atemp>
            <ns3:hr>133</ns3:hr>
            <ns3:cad>86</ns3:cad>
          </ns3:TrackPointExtension>
        </extensions>
      </trkpt>
      <trkpt lat="39.9008953571319580078125" lon="116.31748658604919910430908203125">
        <ele>55.799999237060546875</ele>
        <time>2026-09-27T00:09:16.000Z</time>
        <extensions>
          <ns3:TrackPointExtension>
            <ns3:atemp>24.0</ns3:atemp>
            <ns3:hr>133</ns3:hr>
            <ns3:cad>86</ns3:cad>
          </ns3:TrackPointExtension>
        </extensions>
      </trkpt>
      <trkpt lat="39.90091572515666484832763671875" lon="116.317485161125659942626953125">
        <ele>55.799999237060546875</ele>
        <time>2026-09-27T00:09:17.000Z</time>
        <extensions>
          <ns3:TrackPointExtension>
            <ns3:atemp>24.0</ns3:atemp>
            <ns3:hr>132</ns3:hr>
            <ns3:cad>86</ns3:cad>
          </ns3:TrackPointExtension>
        </extensions>
      </trkpt>
      <trkpt lat="39.9009382724761962890625" lon="116.31748457439243793487548828125">
        <ele>55.799999237060546875</ele>
        <time>2026-09-27T00:09:18.000Z</time>
        <extensions>
          <ns3:TrackPointExtension>
            <ns3:atemp>24.0</ns3:atemp>
            <ns3:hr>132</ns3:hr>
            <ns3:cad>87</ns3:cad>
          </ns3:TrackPointExtension>
        </extensions>
      </trkpt>
      <trkpt lat="39.9009515158832073211669921875" lon="116.3174813054502010345458984375">
        <ele>55.799999237060546875</ele>
        <time>2026-09-27T00:09:19.000Z</time>
        <extensions>
          <ns3:TrackPointExtension>
            <ns3:atemp>24.0</ns3:atemp>
            <ns3:hr>131</ns3:hr>
            <ns3:cad>87</ns3:cad>
          </ns3:TrackPointExtension>
        </extensions>
      </trkpt>
      <trkpt lat="39.900973476469516754150390625" lon="116.31746931932866573333740234375">
        <ele>55.799999237060546875</ele>
        <time>2026-09-27T00:09:20.000Z</time>
        <extensions>
          <ns3:TrackPointExtension>
            <ns3:atemp>24.0</ns3:atemp>
            <ns3:hr>131</ns3:hr>
            <ns3:cad>87</ns3:cad>
          </ns3:TrackPointExtension>
        </extensions>
      </trkpt>
      <trkpt lat="39.90099652670323848724365234375" lon="116.3174544833600521087646484375">
        <ele>55.799999237060546875</ele>
        <time>2026-09-27T00:09:21.000Z</time>
        <extensions>
          <ns3:TrackPointExtension>
            <ns3:atemp>24.0</ns3:atemp>
            <ns3:hr>131</ns3:hr>
            <ns3:cad>87</ns3:cad>
          </ns3:TrackPointExtension>
        </extensions>
      </trkpt>
      <trkpt lat="39.90101546980440616607666015625" lon="116.317442245781421661376953125">
        <ele>55.799999237060546875</ele>
        <time>2026-09-27T00:09:22.000Z</time>
        <extensions>
          <ns3:TrackPointExtension>
            <ns3:atemp>24.0</ns3:atemp>
            <ns3:hr>131</ns3:hr>
            <ns3:cad>87</ns3:cad>
          </ns3:TrackPointExtension>
        </extensions>
      </trkpt>
      <trkpt lat="39.901033826172351837158203125" lon="116.31742439232766628265380859375">
        <ele>55.799999237060546875</ele>
        <time>2026-09-27T00:09:23.000Z</time>
        <extensions>
          <ns3:TrackPointExtension>
            <ns3:atemp>24.0</ns3:atemp>
            <ns3:hr>131</ns3:hr>
            <ns3:cad>87</ns3:cad>
          </ns3:TrackPointExtension>
        </extensions>
      </trkpt>
      <trkpt lat="39.9010524339973926544189453125" lon="116.31741081364452838897705078125">
        <ele>55.799999237060546875</ele>
        <time>2026-09-27T00:09:24.000Z</time>
        <extensions>
          <ns3:TrackPointExtension>
            <ns3:atemp>24.0</ns3:atemp>
            <ns3:hr>130</ns3:hr>
            <ns3:cad>87</ns3:cad>
          </ns3:TrackPointExtension>
        </extensions>
      </trkpt>
      <trkpt lat="39.9010661803185939788818359375" lon="116.31742087192833423614501953125">
        <ele>55.799999237060546875</ele>
        <time>2026-09-27T00:09:25.000Z</time>
        <extensions>
          <ns3:TrackPointExtension>
            <ns3:atemp>24.0</ns3:atemp>
            <ns3:hr>130</ns3:hr>
            <ns3:cad>87</ns3:cad>
          </ns3:TrackPointExtension>
        </extensions>
      </trkpt>
      <trkpt lat="39.90108151920139789581298828125" lon="116.31743855774402618408203125">
        <ele>56</ele>
        <time>2026-09-27T00:09:26.000Z</time>
        <extensions>
          <ns3:TrackPointExtension>
            <ns3:atemp>24.0</ns3:atemp>
            <ns3:hr>130</ns3:hr>
            <ns3:cad>87</ns3:cad>
          </ns3:TrackPointExtension>
        </extensions>
      </trkpt>
      <trkpt lat="39.90110523998737335205078125" lon="116.3174558244645595550537109375">
        <ele>56</ele>
        <time>2026-09-27T00:09:27.000Z</time>
        <extensions>
          <ns3:TrackPointExtension>
            <ns3:atemp>24.0</ns3:atemp>
            <ns3:hr>130</ns3:hr>
            <ns3:cad>87</ns3:cad>
          </ns3:TrackPointExtension>
        </extensions>
      </trkpt>
      <trkpt lat="39.9011255241930484771728515625" lon="116.31746596656739711761474609375">
        <ele>56</ele>
        <time>2026-09-27T00:09:28.000Z</time>
        <extensions>
          <ns3:TrackPointExtension>
            <ns3:atemp>24.0</ns3:atemp>
            <ns3:hr>130</ns3:hr>
            <ns3:cad>87</ns3:cad>
          </ns3:TrackPointExtension>
        </extensions>
      </trkpt>
      <trkpt lat="39.9011530168354511260986328125" lon="116.31747015751898288726806640625">
        <ele>56</ele>
        <time>2026-09-27T00:09:29.000Z</time>
        <extensions>
          <ns3:TrackPointExtension>
            <ns3:atemp>24.0</ns3:atemp>
            <ns3:hr>130</ns3:hr>
            <ns3:cad>87</ns3:cad>
          </ns3:TrackPointExtension>
        </extensions>
      </trkpt>
      <trkpt lat="39.9011774919927120208740234375" lon="116.3174712471663951873779296875">
        <ele>56</ele>
        <time>2026-09-27T00:09:30.000Z</time>
        <extensions>
          <ns3:TrackPointExtension>
            <ns3:atemp>24.0</ns3:atemp>
            <ns3:hr>130</ns3:hr>
            <ns3:cad>87</ns3:cad>
          </ns3:TrackPointExtension>
        </extensions>
      </trkpt>
      <trkpt lat="39.901197440922260284423828125" lon="116.31747501902282238006591796875">
        <ele>56</ele>
        <time>2026-09-27T00:09:31.000Z</time>
        <extensions>
          <ns3:TrackPointExtension>
            <ns3:atemp>24.0</ns3:atemp>
            <ns3:hr>130</ns3:hr>
            <ns3:cad>87</ns3:cad>
          </ns3:TrackPointExtension>
        </extensions>
      </trkpt>
      <trkpt lat="39.90120909176766872406005859375" lon="116.31748155690729618072509765625">
        <ele>55.799999237060546875</ele>
        <time>2026-09-27T00:09:32.000Z</time>
        <extensions>
          <ns3:TrackPointExtension>
            <ns3:atemp>24.0</ns3:atemp>
            <ns3:hr>129</ns3:hr>
            <ns3:cad>88</ns3:cad>
          </ns3:TrackPointExtension>
        </extensions>
      </trkpt>
      <trkpt lat="39.90121814422309398651123046875" lon="116.31748826242983341217041015625">
        <ele>55.799999237060546875</ele>
        <time>2026-09-27T00:09:33.000Z</time>
        <extensions>
          <ns3:TrackPointExtension>
            <ns3:atemp>24.0</ns3:atemp>
            <ns3:hr>129</ns3:hr>
            <ns3:cad>88</ns3:cad>
          </ns3:TrackPointExtension>
        </extensions>
      </trkpt>
      <trkpt lat="39.901209510862827301025390625" lon="116.31751558743417263031005859375">
        <ele>55.799999237060546875</ele>
        <time>2026-09-27T00:09:34.000Z</time>
        <extensions>
          <ns3:TrackPointExtension>
            <ns3:atemp>24.0</ns3:atemp>
            <ns3:hr>129</ns3:hr>
            <ns3:cad>87</ns3:cad>
          </ns3:TrackPointExtension>
        </extensions>
      </trkpt>
      <trkpt lat="39.9012049846351146697998046875" lon="116.3175587542355060577392578125">
        <ele>55.799999237060546875</ele>
        <time>2026-09-27T00:09:35.000Z</time>
        <extensions>
          <ns3:TrackPointExtension>
            <ns3:atemp>24.0</ns3:atemp>
            <ns3:hr>128</ns3:hr>
            <ns3:cad>87</ns3:cad>
          </ns3:TrackPointExtension>
        </extensions>
      </trkpt>
      <trkpt lat="39.901198446750640869140625" lon="116.317594461143016815185546875">
        <ele>55.59999847412109375</ele>
        <time>2026-09-27T00:09:36.000Z</time>
        <extensions>
          <ns3:TrackPointExtension>
            <ns3:atemp>24.0</ns3:atemp>
            <ns3:hr>127</ns3:hr>
            <ns3:cad>87</ns3:cad>
          </ns3:TrackPointExtension>
        </extensions>
      </trkpt>
      <trkpt lat="39.9012049846351146697998046875" lon="116.31764508783817291259765625">
        <ele>55.59999847412109375</ele>
        <time>2026-09-27T00:09:37.000Z</time>
        <extensions>
          <ns3:TrackPointExtension>
            <ns3:atemp>24.0</ns3:atemp>
            <ns3:hr>128</ns3:hr>
            <ns3:cad>87</ns3:cad>
          </ns3:TrackPointExtension>
        </extensions>
      </trkpt>
      <trkpt lat="39.901206158101558685302734375" lon="116.31768808700144290924072265625">
        <ele>55.59999847412109375</ele>
        <time>2026-09-27T00:09:38.000Z</time>
        <extensions>
          <ns3:TrackPointExtension>
            <ns3:atemp>24.0</ns3:atemp>
            <ns3:hr>128</ns3:hr>
            <ns3:cad>87</ns3:cad>
          </ns3:TrackPointExtension>
        </extensions>
      </trkpt>
      <trkpt lat="39.90120037458837032318115234375" lon="116.31771725602447986602783203125">
        <ele>55.40000152587890625</ele>
        <time>2026-09-27T00:09:39.000Z</time>
        <extensions>
          <ns3:TrackPointExtension>
            <ns3:atemp>24.0</ns3:atemp>
            <ns3:hr>128</ns3:hr>
            <ns3:cad>88</ns3:cad>
          </ns3:TrackPointExtension>
        </extensions>
      </trkpt>
      <trkpt lat="39.9011971056461334228515625" lon="116.31775262765586376190185546875">
        <ele>55.40000152587890625</ele>
        <time>2026-09-27T00:09:40.000Z</time>
        <extensions>
          <ns3:TrackPointExtension>
            <ns3:atemp>24.0</ns3:atemp>
            <ns3:hr>128</ns3:hr>
            <ns3:cad>88</ns3:cad>
          </ns3:TrackPointExtension>
        </extensions>
      </trkpt>
      <trkpt lat="39.90116827189922332763671875" lon="116.317786239087581634521484375">
        <ele>55.200000762939453125</ele>
        <time>2026-09-27T00:09:41.000Z</time>
        <extensions>
          <ns3:TrackPointExtension>
            <ns3:atemp>24.0</ns3:atemp>
            <ns3:hr>129</ns3:hr>
            <ns3:cad>88</ns3:cad>
          </ns3:TrackPointExtension>
        </extensions>
      </trkpt>
      <trkpt lat="39.9011764861643314361572265625" lon="116.3178335130214691162109375">
        <ele>55.200000762939453125</ele>
        <time>2026-09-27T00:09:42.000Z</time>
        <extensions>
          <ns3:TrackPointExtension>
            <ns3:atemp>24.0</ns3:atemp>
            <ns3:hr>129</ns3:hr>
            <ns3:cad>88</ns3:cad>
          </ns3:TrackPointExtension>
        </extensions>
      </trkpt>
      <trkpt lat="39.90117640234529972076416015625" lon="116.317874081432819366455078125">
        <ele>55.200000762939453125</ele>
        <time>2026-09-27T00:09:43.000Z</time>
        <extensions>
          <ns3:TrackPointExtension>
            <ns3:atemp>24.0</ns3:atemp>
            <ns3:hr>129</ns3:hr>
            <ns3:cad>87</ns3:cad>
          </ns3:TrackPointExtension>
        </extensions>
      </trkpt>
      <trkpt lat="39.90118226967751979827880859375" lon="116.3179139792919158935546875">
        <ele>55</ele>
        <time>2026-09-27T00:09:44.000Z</time>
        <extensions>
          <ns3:TrackPointExtension>
            <ns3:atemp>24.0</ns3:atemp>
            <ns3:hr>129</ns3:hr>
            <ns3:cad>87</ns3:cad>
          </ns3:TrackPointExtension>
        </extensions>
      </trkpt>
      <trkpt lat="39.90118302404880523681640625" lon="116.31795245222747325897216796875">
        <ele>55</ele>
        <time>2026-09-27T00:09:45.000Z</time>
        <extensions>
          <ns3:TrackPointExtension>
            <ns3:atemp>24.0</ns3:atemp>
            <ns3:hr>129</ns3:hr>
            <ns3:cad>87</ns3:cad>
          </ns3:TrackPointExtension>
        </extensions>
      </trkpt>
      <trkpt lat="39.90119417198002338409423828125" lon="116.31799570284783840179443359375">
        <ele>55</ele>
        <time>2026-09-27T00:09:46.000Z</time>
        <extensions>
          <ns3:TrackPointExtension>
            <ns3:atemp>24.0</ns3:atemp>
            <ns3:hr>129</ns3:hr>
            <ns3:cad>87</ns3:cad>
          </ns3:TrackPointExtension>
        </extensions>
      </trkpt>
      <trkpt lat="39.90121529437601566314697265625" lon="116.31803828291594982147216796875">
        <ele>55</ele>
        <time>2026-09-27T00:09:47.000Z</time>
        <extensions>
          <ns3:TrackPointExtension>
            <ns3:atemp>24.0</ns3:atemp>
            <ns3:hr>129</ns3:hr>
            <ns3:cad>88</ns3:cad>
          </ns3:TrackPointExtension>
        </extensions>
      </trkpt>
      <trkpt lat="39.9012123607099056243896484375" lon="116.31807021796703338623046875">
        <ele>55</ele>
        <time>2026-09-27T00:09:48.000Z</time>
        <extensions>
          <ns3:TrackPointExtension>
            <ns3:atemp>24.0</ns3:atemp>
            <ns3:hr>129</ns3:hr>
            <ns3:cad>88</ns3:cad>
          </ns3:TrackPointExtension>
        </extensions>
      </trkpt>
      <trkpt lat="39.9012455530464649200439453125" lon="116.31810181774199008941650390625">
        <ele>55</ele>
        <time>2026-09-27T00:09:49.000Z</time>
        <extensions>
          <ns3:TrackPointExtension>
            <ns3:atemp>24.0</ns3:atemp>
            <ns3:hr>130</ns3:hr>
            <ns3:cad>88</ns3:cad>
          </ns3:TrackPointExtension>
        </extensions>
      </trkpt>
      <trkpt lat="39.90127011202275753021240234375" lon="116.31814104504883289337158203125">
        <ele>55</ele>
        <time>2026-09-27T00:09:50.000Z</time>
        <extensions>
          <ns3:TrackPointExtension>
            <ns3:atemp>24.0</ns3:atemp>
            <ns3:hr>130</ns3:hr>
            <ns3:cad>88</ns3:cad>
          </ns3:TrackPointExtension>
        </extensions>
      </trkpt>
      <trkpt lat="39.9012797512114048004150390625" lon="116.3181793503463268280029296875">
        <ele>55</ele>
        <time>2026-09-27T00:09:51.000Z</time>
        <extensions>
          <ns3:TrackPointExtension>
            <ns3:atemp>24.0</ns3:atemp>
            <ns3:hr>130</ns3:hr>
            <ns3:cad>88</ns3:cad>
          </ns3:TrackPointExtension>
        </extensions>
      </trkpt>
      <trkpt lat="39.901305399835109710693359375" lon="116.31821815855801105499267578125">
        <ele>55</ele>
        <time>2026-09-27T00:09:52.000Z</time>
        <extensions>
          <ns3:TrackPointExtension>
            <ns3:atemp>24.0</ns3:atemp>
            <ns3:hr>131</ns3:hr>
            <ns3:cad>88</ns3:cad>
          </ns3:TrackPointExtension>
        </extensions>
      </trkpt>
      <trkpt lat="39.9013427831232547760009765625" lon="116.3182594813406467437744140625">
        <ele>55</ele>
        <time>2026-09-27T00:09:53.000Z</time>
        <extensions>
          <ns3:TrackPointExtension>
            <ns3:atemp>24.0</ns3:atemp>
            <ns3:hr>131</ns3:hr>
            <ns3:cad>88</ns3:cad>
          </ns3:TrackPointExtension>
        </extensions>
      </trkpt>
      <trkpt lat="39.901378490030765533447265625" lon="116.318299882113933563232421875">
        <ele>55</ele>
        <time>2026-09-27T00:09:54.000Z</time>
        <extensions>
          <ns3:TrackPointExtension>
            <ns3:atemp>24.0</ns3:atemp>
            <ns3:hr>132</ns3:hr>
            <ns3:cad>88</ns3:cad>
          </ns3:TrackPointExtension>
        </extensions>
      </trkpt>
      <trkpt lat="39.90138553082942962646484375" lon="116.3183431327342987060546875">
        <ele>55</ele>
        <time>2026-09-27T00:09:55.000Z</time>
        <extensions>
          <ns3:TrackPointExtension>
            <ns3:atemp>24.0</ns3:atemp>
            <ns3:hr>133</ns3:hr>
            <ns3:cad>88</ns3:cad>
          </ns3:TrackPointExtension>
        </extensions>
      </trkpt>
      <trkpt lat="39.90139148198068141937255859375" lon="116.31837020628154277801513671875">
        <ele>55</ele>
        <time>2026-09-27T00:09:56.000Z</time>
        <extensions>
          <ns3:TrackPointExtension>
            <ns3:atemp>24.0</ns3:atemp>
            <ns3:hr>133</ns3:hr>
            <ns3:cad>87</ns3:cad>
          </ns3:TrackPointExtension>
        </extensions>
      </trkpt>
      <trkpt lat="39.90138594992458820343017578125" lon="116.31840993650257587432861328125">
        <ele>55</ele>
        <time>2026-09-27T00:09:57.000Z</time>
        <extensions>
          <ns3:TrackPointExtension>
            <ns3:atemp>24.0</ns3:atemp>
            <ns3:hr>133</ns3:hr>
            <ns3:cad>87</ns3:cad>
          </ns3:TrackPointExtension>
        </extensions>
      </trkpt>
      <trkpt lat="39.901381172239780426025390625" lon="116.31843692623078823089599609375">
        <ele>55</ele>
        <time>2026-09-27T00:09:58.000Z</time>
        <extensions>
          <ns3:TrackPointExtension>
            <ns3:atemp>24.0</ns3:atemp>
            <ns3:hr>133</ns3:hr>
            <ns3:cad>87</ns3:cad>
          </ns3:TrackPointExtension>
        </extensions>
      </trkpt>
      <trkpt lat="39.90134957246482372283935546875" lon="116.3184629939496517181396484375">
        <ele>55</ele>
        <time>2026-09-27T00:09:59.000Z</time>
        <extensions>
          <ns3:TrackPointExtension>
            <ns3:atemp>24.0</ns3:atemp>
            <ns3:hr>133</ns3:hr>
            <ns3:cad>87</ns3:cad>
          </ns3:TrackPointExtension>
        </extensions>
      </trkpt>
      <trkpt lat="39.90131713449954986572265625" lon="116.3184787519276142120361328125">
        <ele>55</ele>
        <time>2026-09-27T00:10:00.000Z</time>
        <extensions>
          <ns3:TrackPointExtension>
            <ns3:atemp>24.0</ns3:atemp>
            <ns3:hr>133</ns3:hr>
            <ns3:cad>87</ns3:cad>
          </ns3:TrackPointExtension>
        </extensions>
      </trkpt>
      <trkpt lat="39.90130933932960033416748046875" lon="116.31850741803646087646484375">
        <ele>55</ele>
        <time>2026-09-27T00:10:01.000Z</time>
        <extensions>
          <ns3:TrackPointExtension>
            <ns3:atemp>24.0</ns3:atemp>
            <ns3:hr>134</ns3:hr>
            <ns3:cad>87</ns3:cad>
          </ns3:TrackPointExtension>
        </extensions>
      </trkpt>
      <trkpt lat="39.90131872706115245819091796875" lon="116.3185441307723522186279296875">
        <ele>55</ele>
        <time>2026-09-27T00:10:02.000Z</time>
        <extensions>
          <ns3:TrackPointExtension>
            <ns3:atemp>24.0</ns3:atemp>
            <ns3:hr>134</ns3:hr>
            <ns3:cad>87</ns3:cad>
          </ns3:TrackPointExtension>
        </extensions>
      </trkpt>
      <trkpt lat="39.90130716003477573394775390625" lon="116.31856332533061504364013671875">
        <ele>55</ele>
        <time>2026-09-27T00:10:03.000Z</time>
        <extensions>
          <ns3:TrackPointExtension>
            <ns3:atemp>24.0</ns3:atemp>
            <ns3:hr>133</ns3:hr>
            <ns3:cad>87</ns3:cad>
          </ns3:TrackPointExtension>
        </extensions>
      </trkpt>
      <trkpt lat="39.9013119377195835113525390625" lon="116.31859584711492061614990234375">
        <ele>55</ele>
        <time>2026-09-27T00:10:04.000Z</time>
        <extensions>
          <ns3:TrackPointExtension>
            <ns3:atemp>24.0</ns3:atemp>
            <ns3:hr>133</ns3:hr>
            <ns3:cad>87</ns3:cad>
          </ns3:TrackPointExtension>
        </extensions>
      </trkpt>
      <trkpt lat="39.9013196490705013275146484375" lon="116.31862719543278217315673828125">
        <ele>55</ele>
        <time>2026-09-27T00:10:05.000Z</time>
        <extensions>
          <ns3:TrackPointExtension>
            <ns3:atemp>24.0</ns3:atemp>
            <ns3:hr>133</ns3:hr>
            <ns3:cad>87</ns3:cad>
          </ns3:TrackPointExtension>
        </extensions>
      </trkpt>
      <trkpt lat="39.90132073871791362762451171875" lon="116.3186601363122463226318359375">
        <ele>55</ele>
        <time>2026-09-27T00:10:06.000Z</time>
        <extensions>
          <ns3:TrackPointExtension>
            <ns3:atemp>24.0</ns3:atemp>
            <ns3:hr>133</ns3:hr>
            <ns3:cad>88</ns3:cad>
          </ns3:TrackPointExtension>
        </extensions>
      </trkpt>
      <trkpt lat="39.90133046172559261322021484375" lon="116.3186943344771862030029296875">
        <ele>55</ele>
        <time>2026-09-27T00:10:07.000Z</time>
        <extensions>
          <ns3:TrackPointExtension>
            <ns3:atemp>24.0</ns3:atemp>
            <ns3:hr>133</ns3:hr>
            <ns3:cad>88</ns3:cad>
          </ns3:TrackPointExtension>
        </extensions>
      </trkpt>
      <trkpt lat="39.9013102613389492034912109375" lon="116.31874001584947109222412109375">
        <ele>55</ele>
        <time>2026-09-27T00:10:08.000Z</time>
        <extensions>
          <ns3:TrackPointExtension>
            <ns3:atemp>24.0</ns3:atemp>
            <ns3:hr>133</ns3:hr>
            <ns3:cad>88</ns3:cad>
          </ns3:TrackPointExtension>
        </extensions>
      </trkpt>
      <trkpt lat="39.90125686861574649810791015625" lon="116.318763904273509979248046875">
        <ele>55</ele>
        <time>2026-09-27T00:10:09.000Z</time>
        <extensions>
          <ns3:TrackPointExtension>
            <ns3:atemp>24.0</ns3:atemp>
            <ns3:hr>133</ns3:hr>
            <ns3:cad>88</ns3:cad>
          </ns3:TrackPointExtension>
        </extensions>
      </trkpt>
      <trkpt lat="39.90122862160205841064453125" lon="116.3187918998301029205322265625">
        <ele>55</ele>
        <time>2026-09-27T00:10:10.000Z</time>
        <extensions>
          <ns3:TrackPointExtension>
            <ns3:atemp>24.0</ns3:atemp>
            <ns3:hr>133</ns3:hr>
            <ns3:cad>88</ns3:cad>
          </ns3:TrackPointExtension>
        </extensions>
      </trkpt>
      <trkpt lat="39.9012036435306072235107421875" lon="116.3188177160918712615966796875">
        <ele>55</ele>
        <time>2026-09-27T00:10:11.000Z</time>
        <extensions>
          <ns3:TrackPointExtension>
            <ns3:atemp>24.0</ns3:atemp>
            <ns3:hr>132</ns3:hr>
            <ns3:cad>88</ns3:cad>
          </ns3:TrackPointExtension>
        </extensions>
      </trkpt>
      <trkpt lat="39.901193082332611083984375" lon="116.3188472203910350799560546875">
        <ele>55</ele>
        <time>2026-09-27T00:10:12.000Z</time>
        <extensions>
          <ns3:TrackPointExtension>
            <ns3:atemp>24.0</ns3:atemp>
            <ns3:hr>132</ns3:hr>
            <ns3:cad>87</ns3:cad>
          </ns3:TrackPointExtension>
        </extensions>
      </trkpt>
      <trkpt lat="39.90120305679738521575927734375" lon="116.31887697614729404449462890625">
        <ele>55</ele>
        <time>2026-09-27T00:10:13.000Z</time>
        <extensions>
          <ns3:TrackPointExtension>
            <ns3:atemp>24.0</ns3:atemp>
            <ns3:hr>132</ns3:hr>
            <ns3:cad>87</ns3:cad>
          </ns3:TrackPointExtension>
        </extensions>
      </trkpt>
      <trkpt lat="39.90120640955865383148193359375" lon="116.31890614517033100128173828125">
        <ele>55</ele>
        <time>2026-09-27T00:10:14.000Z</time>
        <extensions>
          <ns3:TrackPointExtension>
            <ns3:atemp>24.0</ns3:atemp>
            <ns3:hr>132</ns3:hr>
            <ns3:cad>86</ns3:cad>
          </ns3:TrackPointExtension>
        </extensions>
      </trkpt>
      <trkpt lat="39.90121789276599884033203125" lon="116.3189410977065563201904296875">
        <ele>55</ele>
        <time>2026-09-27T00:10:15.000Z</time>
        <extensions>
          <ns3:TrackPointExtension>
            <ns3:atemp>24.0</ns3:atemp>
            <ns3:hr>132</ns3:hr>
            <ns3:cad>86</ns3:cad>
          </ns3:TrackPointExtension>
        </extensions>
      </trkpt>
      <trkpt lat="39.90122325718402862548828125" lon="116.31897219456732273101806640625">
        <ele>55</ele>
        <time>2026-09-27T00:10:16.000Z</time>
        <extensions>
          <ns3:TrackPointExtension>
            <ns3:atemp>24.0</ns3:atemp>
            <ns3:hr>131</ns3:hr>
            <ns3:cad>86</ns3:cad>
          </ns3:TrackPointExtension>
        </extensions>
      </trkpt>
      <trkpt lat="39.9012321420013904571533203125" lon="116.319003291428089141845703125">
        <ele>55</ele>
        <time>2026-09-27T00:10:17.000Z</time>
        <extensions>
          <ns3:TrackPointExtension>
            <ns3:atemp>24.0</ns3:atemp>
            <ns3:hr>131</ns3:hr>
            <ns3:cad>87</ns3:cad>
          </ns3:TrackPointExtension>
        </extensions>
      </trkpt>
      <trkpt lat="39.9012492410838603973388671875" lon="116.31903187371790409088134765625">
        <ele>55</ele>
        <time>2026-09-27T00:10:18.000Z</time>
        <extensions>
          <ns3:TrackPointExtension>
            <ns3:atemp>24.0</ns3:atemp>
            <ns3:hr>130</ns3:hr>
            <ns3:cad>87</ns3:cad>
          </ns3:TrackPointExtension>
        </extensions>
      </trkpt>
      <trkpt lat="39.90126508288085460662841796875" lon="116.31906288675963878631591796875">
        <ele>55</ele>
        <time>2026-09-27T00:10:19.000Z</time>
        <extensions>
          <ns3:TrackPointExtension>
            <ns3:atemp>24.0</ns3:atemp>
            <ns3:hr>130</ns3:hr>
            <ns3:cad>87</ns3:cad>
          </ns3:TrackPointExtension>
        </extensions>
      </trkpt>
      <trkpt lat="39.9012770690023899078369140625" lon="116.31909440271556377410888671875">
        <ele>55</ele>
        <time>2026-09-27T00:10:20.000Z</time>
        <extensions>
          <ns3:TrackPointExtension>
            <ns3:atemp>24.0</ns3:atemp>
            <ns3:hr>130</ns3:hr>
            <ns3:cad>87</ns3:cad>
          </ns3:TrackPointExtension>
        </extensions>
      </trkpt>
      <trkpt lat="39.90129358135163784027099609375" lon="116.319126002490520477294921875">
        <ele>55</ele>
        <time>2026-09-27T00:10:21.000Z</time>
        <extensions>
          <ns3:TrackPointExtension>
            <ns3:atemp>24.0</ns3:atemp>
            <ns3:hr>130</ns3:hr>
            <ns3:cad>87</ns3:cad>
          </ns3:TrackPointExtension>
        </extensions>
      </trkpt>
      <trkpt lat="39.90130363963544368743896484375" lon="116.31915827281773090362548828125">
        <ele>55</ele>
        <time>2026-09-27T00:10:22.000Z</time>
        <extensions>
          <ns3:TrackPointExtension>
            <ns3:atemp>24.0</ns3:atemp>
            <ns3:hr>131</ns3:hr>
            <ns3:cad>87</ns3:cad>
          </ns3:TrackPointExtension>
        </extensions>
      </trkpt>
      <trkpt lat="39.90129140205681324005126953125" lon="116.31918526254594326019287109375">
        <ele>55</ele>
        <time>2026-09-27T00:10:23.000Z</time>
        <extensions>
          <ns3:TrackPointExtension>
            <ns3:atemp>24.0</ns3:atemp>
            <ns3:hr>131</ns3:hr>
            <ns3:cad>87</ns3:cad>
          </ns3:TrackPointExtension>
        </extensions>
      </trkpt>
      <trkpt lat="39.90129073150455951690673828125" lon="116.31921392865478992462158203125">
        <ele>55</ele>
        <time>2026-09-27T00:10:24.000Z</time>
        <extensions>
          <ns3:TrackPointExtension>
            <ns3:atemp>24.0</ns3:atemp>
            <ns3:hr>132</ns3:hr>
            <ns3:cad>87</ns3:cad>
          </ns3:TrackPointExtension>
        </extensions>
      </trkpt>
      <trkpt lat="39.9012924917042255401611328125" lon="116.31924125365912914276123046875">
        <ele>55</ele>
        <time>2026-09-27T00:10:25.000Z</time>
        <extensions>
          <ns3:TrackPointExtension>
            <ns3:atemp>24.0</ns3:atemp>
            <ns3:hr>132</ns3:hr>
            <ns3:cad>87</ns3:cad>
          </ns3:TrackPointExtension>
        </extensions>
      </trkpt>
      <trkpt lat="39.9012874625623226165771484375" lon="116.3192711770534515380859375">
        <ele>55</ele>
        <time>2026-09-27T00:10:26.000Z</time>
        <extensions>
          <ns3:TrackPointExtension>
            <ns3:atemp>24.0</ns3:atemp>
            <ns3:hr>132</ns3:hr>
            <ns3:cad>88</ns3:cad>
          </ns3:TrackPointExtension>
        </extensions>
      </trkpt>
      <trkpt lat="39.90128687582910060882568359375" lon="116.31930042989552021026611328125">
        <ele>55</ele>
        <time>2026-09-27T00:10:27.000Z</time>
        <extensions>
          <ns3:TrackPointExtension>
            <ns3:atemp>24.0</ns3:atemp>
            <ns3:hr>132</ns3:hr>
            <ns3:cad>88</ns3:cad>
          </ns3:TrackPointExtension>
        </extensions>
      </trkpt>
      <trkpt lat="39.90128754638135433197021484375" lon="116.3193330354988574981689453125">
        <ele>55</ele>
        <time>2026-09-27T00:10:28.000Z</time>
        <extensions>
          <ns3:TrackPointExtension>
            <ns3:atemp>24.0</ns3:atemp>
            <ns3:hr>132</ns3:hr>
            <ns3:cad>88</ns3:cad>
          </ns3:TrackPointExtension>
        </extensions>
      </trkpt>
      <trkpt lat="39.90129274316132068634033203125" lon="116.319362707436084747314453125">
        <ele>55</ele>
        <time>2026-09-27T00:10:29.000Z</time>
        <extensions>
          <ns3:TrackPointExtension>
            <ns3:atemp>24.0</ns3:atemp>
            <ns3:hr>132</ns3:hr>
            <ns3:cad>88</ns3:cad>
          </ns3:TrackPointExtension>
        </extensions>
      </trkpt>
      <trkpt lat="39.901295341551303863525390625" lon="116.31939263083040714263916015625">
        <ele>55</ele>
        <time>2026-09-27T00:10:30.000Z</time>
        <extensions>
          <ns3:TrackPointExtension>
            <ns3:atemp>24.0</ns3:atemp>
            <ns3:hr>132</ns3:hr>
            <ns3:cad>88</ns3:cad>
          </ns3:TrackPointExtension>
        </extensions>
      </trkpt>
      <trkpt lat="39.90129861049354076385498046875" lon="116.31941794417798519134521484375">
        <ele>55</ele>
        <time>2026-09-27T00:10:31.000Z</time>
        <extensions>
          <ns3:TrackPointExtension>
            <ns3:atemp>24.0</ns3:atemp>
            <ns3:hr>132</ns3:hr>
            <ns3:cad>88</ns3:cad>
          </ns3:TrackPointExtension>
        </extensions>
      </trkpt>
      <trkpt lat="39.90129374898970127105712890625" lon="116.319432444870471954345703125">
        <ele>55</ele>
        <time>2026-09-27T00:10:32.000Z</time>
        <extensions>
          <ns3:TrackPointExtension>
            <ns3:atemp>24.0</ns3:atemp>
            <ns3:hr>132</ns3:hr>
            <ns3:cad>88</ns3:cad>
          </ns3:TrackPointExtension>
        </extensions>
      </trkpt>
      <trkpt lat="39.90128771401941776275634765625" lon="116.31943856365978717803955078125">
        <ele>55.200000762939453125</ele>
        <time>2026-09-27T00:10:33.000Z</time>
        <extensions>
          <ns3:TrackPointExtension>
            <ns3:atemp>24.0</ns3:atemp>
            <ns3:hr>132</ns3:hr>
            <ns3:cad>87</ns3:cad>
          </ns3:TrackPointExtension>
        </extensions>
      </trkpt>
      <trkpt lat="39.9012780748307704925537109375" lon="116.31944342516362667083740234375">
        <ele>55.200000762939453125</ele>
        <time>2026-09-27T00:10:34.000Z</time>
        <extensions>
          <ns3:TrackPointExtension>
            <ns3:atemp>24.0</ns3:atemp>
            <ns3:hr>132</ns3:hr>
            <ns3:cad>87</ns3:cad>
          </ns3:TrackPointExtension>
        </extensions>
      </trkpt>
      <trkpt lat="39.9012458883225917816162109375" lon="116.31944443099200725555419921875">
        <ele>55.200000762939453125</ele>
        <time>2026-09-27T00:10:35.000Z</time>
        <extensions>
          <ns3:TrackPointExtension>
            <ns3:atemp>24.0</ns3:atemp>
            <ns3:hr>132</ns3:hr>
            <ns3:cad>86</ns3:cad>
          </ns3:TrackPointExtension>
        </extensions>
      </trkpt>
      <trkpt lat="39.9012147076427936553955078125" lon="116.31943085230886936187744140625">
        <ele>55.40000152587890625</ele>
        <time>2026-09-27T00:10:36.000Z</time>
        <extensions>
          <ns3:TrackPointExtension>
            <ns3:atemp>24.0</ns3:atemp>
            <ns3:hr>132</ns3:hr>
            <ns3:cad>86</ns3:cad>
          </ns3:TrackPointExtension>
        </extensions>
      </trkpt>
      <trkpt lat="39.9011872150003910064697265625" lon="116.31942230276763439178466796875">
        <ele>55.40000152587890625</ele>
        <time>2026-09-27T00:10:37.000Z</time>
        <extensions>
          <ns3:TrackPointExtension>
            <ns3:atemp>24.0</ns3:atemp>
            <ns3:hr>132</ns3:hr>
            <ns3:cad>86</ns3:cad>
          </ns3:TrackPointExtension>
        </extensions>
      </trkpt>
      <trkpt lat="39.9011711217463016510009765625" lon="116.319412998855113983154296875">
        <ele>55.40000152587890625</ele>
        <time>2026-09-27T00:10:38.000Z</time>
        <extensions>
          <ns3:TrackPointExtension>
            <ns3:atemp>24.0</ns3:atemp>
            <ns3:hr>132</ns3:hr>
            <ns3:cad>86</ns3:cad>
          </ns3:TrackPointExtension>
        </extensions>
      </trkpt>
      <trkpt lat="39.90115108899772167205810546875" lon="116.31940151564776897430419921875">
        <ele>55.40000152587890625</ele>
        <time>2026-09-27T00:10:39.000Z</time>
        <extensions>
          <ns3:TrackPointExtension>
            <ns3:atemp>24.0</ns3:atemp>
            <ns3:hr>132</ns3:hr>
            <ns3:cad>86</ns3:cad>
          </ns3:TrackPointExtension>
        </extensions>
      </trkpt>
      <trkpt lat="39.9011313915252685546875" lon="116.3193900324404239654541015625">
        <ele>55.59999847412109375</ele>
        <time>2026-09-27T00:10:40.000Z</time>
        <extensions>
          <ns3:TrackPointExtension>
            <ns3:atemp>24.0</ns3:atemp>
            <ns3:hr>133</ns3:hr>
            <ns3:cad>85</ns3:cad>
          </ns3:TrackPointExtension>
        </extensions>
      </trkpt>
      <trkpt lat="39.901114292442798614501953125" lon="116.31938843987882137298583984375">
        <ele>55.59999847412109375</ele>
        <time>2026-09-27T00:10:41.000Z</time>
        <extensions>
          <ns3:TrackPointExtension>
            <ns3:atemp>24.0</ns3:atemp>
            <ns3:hr>134</ns3:hr>
            <ns3:cad>85</ns3:cad>
          </ns3:TrackPointExtension>
        </extensions>
      </trkpt>
      <trkpt lat="39.90109853446483612060546875" lon="116.31939078681170940399169921875">
        <ele>55.799999237060546875</ele>
        <time>2026-09-27T00:10:42.000Z</time>
        <extensions>
          <ns3:TrackPointExtension>
            <ns3:atemp>24.0</ns3:atemp>
            <ns3:hr>135</ns3:hr>
            <ns3:cad>85</ns3:cad>
          </ns3:TrackPointExtension>
        </extensions>
      </trkpt>
      <trkpt lat="39.9010842852294445037841796875" lon="116.31939263083040714263916015625">
        <ele>56</ele>
        <time>2026-09-27T00:10:43.000Z</time>
        <extensions>
          <ns3:TrackPointExtension>
            <ns3:atemp>24.0</ns3:atemp>
            <ns3:hr>136</ns3:hr>
            <ns3:cad>85</ns3:cad>
          </ns3:TrackPointExtension>
        </extensions>
      </trkpt>
      <trkpt lat="39.90106626413762569427490234375" lon="116.31939564831554889678955078125">
        <ele>56</ele>
        <time>2026-09-27T00:10:44.000Z</time>
        <extensions>
          <ns3:TrackPointExtension>
            <ns3:atemp>24.0</ns3:atemp>
            <ns3:hr>136</ns3:hr>
            <ns3:cad>85</ns3:cad>
          </ns3:TrackPointExtension>
        </extensions>
      </trkpt>
      <trkpt lat="39.9010480754077434539794921875" lon="116.3194034434854984283447265625">
        <ele>56</ele>
        <time>2026-09-27T00:10:45.000Z</time>
        <extensions>
          <ns3:TrackPointExtension>
            <ns3:atemp>24.0</ns3:atemp>
            <ns3:hr>136</ns3:hr>
            <ns3:cad>86</ns3:cad>
          </ns3:TrackPointExtension>
        </extensions>
      </trkpt>
      <trkpt lat="39.90103022195398807525634765625" lon="116.3194119930267333984375">
        <ele>56</ele>
        <time>2026-09-27T00:10:46.000Z</time>
        <extensions>
          <ns3:TrackPointExtension>
            <ns3:atemp>24.0</ns3:atemp>
            <ns3:hr>136</ns3:hr>
            <ns3:cad>86</ns3:cad>
          </ns3:TrackPointExtension>
        </extensions>
      </trkpt>
      <trkpt lat="39.90101672708988189697265625" lon="116.319419033825397491455078125">
        <ele>56.200000762939453125</ele>
        <time>2026-09-27T00:10:47.000Z</time>
        <extensions>
          <ns3:TrackPointExtension>
            <ns3:atemp>24.0</ns3:atemp>
            <ns3:hr>136</ns3:hr>
            <ns3:cad>86</ns3:cad>
          </ns3:TrackPointExtension>
        </extensions>
      </trkpt>
      <trkpt lat="39.90100524388253688812255859375" lon="116.31943068467080593109130859375">
        <ele>56.200000762939453125</ele>
        <time>2026-09-27T00:10:48.000Z</time>
        <extensions>
          <ns3:TrackPointExtension>
            <ns3:atemp>24.0</ns3:atemp>
            <ns3:hr>136</ns3:hr>
            <ns3:cad>86</ns3:cad>
          </ns3:TrackPointExtension>
        </extensions>
      </trkpt>
      <trkpt lat="39.90099820308387279510498046875" lon="116.3194493763148784637451171875">
        <ele>56.200000762939453125</ele>
        <time>2026-09-27T00:10:49.000Z</time>
        <extensions>
          <ns3:TrackPointExtension>
            <ns3:atemp>24.0</ns3:atemp>
            <ns3:hr>137</ns3:hr>
            <ns3:cad>86</ns3:cad>
          </ns3:TrackPointExtension>
        </extensions>
      </trkpt>
      <trkpt lat="39.90097791887819766998291015625" lon="116.3194604404270648956298828125">
        <ele>56.200000762939453125</ele>
        <time>2026-09-27T00:10:50.000Z</time>
        <extensions>
          <ns3:TrackPointExtension>
            <ns3:atemp>24.0</ns3:atemp>
            <ns3:hr>137</ns3:hr>
            <ns3:cad>86</ns3:cad>
          </ns3:TrackPointExtension>
        </extensions>
      </trkpt>
      <trkpt lat="39.9009578861296176910400390625" lon="116.31946907378733158111572265625">
        <ele>56.200000762939453125</ele>
        <time>2026-09-27T00:10:51.000Z</time>
        <extensions>
          <ns3:TrackPointExtension>
            <ns3:atemp>24.0</ns3:atemp>
            <ns3:hr>136</ns3:hr>
            <ns3:cad>86</ns3:cad>
          </ns3:TrackPointExtension>
        </extensions>
      </trkpt>
      <trkpt lat="39.9009293876588344573974609375" lon="116.31946739740669727325439453125">
        <ele>56.200000762939453125</ele>
        <time>2026-09-27T00:10:52.000Z</time>
        <extensions>
          <ns3:TrackPointExtension>
            <ns3:atemp>24.0</ns3:atemp>
            <ns3:hr>136</ns3:hr>
            <ns3:cad>86</ns3:cad>
          </ns3:TrackPointExtension>
        </extensions>
      </trkpt>
      <trkpt lat="39.9008940160274505615234375" lon="116.31947192363440990447998046875">
        <ele>56.200000762939453125</ele>
        <time>2026-09-27T00:10:53.000Z</time>
        <extensions>
          <ns3:TrackPointExtension>
            <ns3:atemp>24.0</ns3:atemp>
            <ns3:hr>136</ns3:hr>
            <ns3:cad>86</ns3:cad>
          </ns3:TrackPointExtension>
        </extensions>
      </trkpt>
      <trkpt lat="39.900865517556667327880859375" lon="116.31947075016796588897705078125">
        <ele>56.200000762939453125</ele>
        <time>2026-09-27T00:10:54.000Z</time>
        <extensions>
          <ns3:TrackPointExtension>
            <ns3:atemp>24.0</ns3:atemp>
            <ns3:hr>135</ns3:hr>
            <ns3:cad>86</ns3:cad>
          </ns3:TrackPointExtension>
        </extensions>
      </trkpt>
      <trkpt lat="39.9008381925523281097412109375" lon="116.31946873851120471954345703125">
        <ele>56.200000762939453125</ele>
        <time>2026-09-27T00:10:55.000Z</time>
        <extensions>
          <ns3:TrackPointExtension>
            <ns3:atemp>24.0</ns3:atemp>
            <ns3:hr>135</ns3:hr>
            <ns3:cad>86</ns3:cad>
          </ns3:TrackPointExtension>
        </extensions>
      </trkpt>
      <trkpt lat="39.900813885033130645751953125" lon="116.31946739740669727325439453125">
        <ele>56.200000762939453125</ele>
        <time>2026-09-27T00:10:56.000Z</time>
        <extensions>
          <ns3:TrackPointExtension>
            <ns3:atemp>24.0</ns3:atemp>
            <ns3:hr>135</ns3:hr>
            <ns3:cad>86</ns3:cad>
          </ns3:TrackPointExtension>
        </extensions>
      </trkpt>
      <trkpt lat="39.90078966133296489715576171875" lon="116.31947225891053676605224609375">
        <ele>56.200000762939453125</ele>
        <time>2026-09-27T00:10:57.000Z</time>
        <extensions>
          <ns3:TrackPointExtension>
            <ns3:atemp>24.0</ns3:atemp>
            <ns3:hr>135</ns3:hr>
            <ns3:cad>87</ns3:cad>
          </ns3:TrackPointExtension>
        </extensions>
      </trkpt>
      <trkpt lat="39.9007734842598438262939453125" lon="116.31946907378733158111572265625">
        <ele>56.200000762939453125</ele>
        <time>2026-09-27T00:10:58.000Z</time>
        <extensions>
          <ns3:TrackPointExtension>
            <ns3:atemp>24.0</ns3:atemp>
            <ns3:hr>135</ns3:hr>
            <ns3:cad>87</ns3:cad>
          </ns3:TrackPointExtension>
        </extensions>
      </trkpt>
      <trkpt lat="39.9007560499012470245361328125" lon="116.319472678005695343017578125">
        <ele>56.200000762939453125</ele>
        <time>2026-09-27T00:10:59.000Z</time>
        <extensions>
          <ns3:TrackPointExtension>
            <ns3:atemp>24.0</ns3:atemp>
            <ns3:hr>133</ns3:hr>
            <ns3:cad>87</ns3:cad>
          </ns3:TrackPointExtension>
        </extensions>
      </trkpt>
      <trkpt lat="39.90075428970158100128173828125" lon="116.3194523938000202178955078125">
        <ele>56.200000762939453125</ele>
        <time>2026-09-27T00:11:00.000Z</time>
        <extensions>
          <ns3:TrackPointExtension>
            <ns3:atemp>24.0</ns3:atemp>
            <ns3:hr>132</ns3:hr>
            <ns3:cad>88</ns3:cad>
          </ns3:TrackPointExtension>
        </extensions>
      </trkpt>
      <trkpt lat="39.90073568187654018402099609375" lon="116.31945415399968624114990234375">
        <ele>56.200000762939453125</ele>
        <time>2026-09-27T00:11:01.000Z</time>
        <extensions>
          <ns3:TrackPointExtension>
            <ns3:atemp>24.0</ns3:atemp>
            <ns3:hr>133</ns3:hr>
            <ns3:cad>88</ns3:cad>
          </ns3:TrackPointExtension>
        </extensions>
      </trkpt>
      <trkpt lat="39.90072797052562236785888671875" lon="116.31945180706679821014404296875">
        <ele>56.40000152587890625</ele>
        <time>2026-09-27T00:11:02.000Z</time>
        <extensions>
          <ns3:TrackPointExtension>
            <ns3:atemp>24.0</ns3:atemp>
            <ns3:hr>133</ns3:hr>
            <ns3:cad>88</ns3:cad>
          </ns3:TrackPointExtension>
        </extensions>
      </trkpt>
      <trkpt lat="39.90072009153664112091064453125" lon="116.31944476626813411712646484375">
        <ele>56.40000152587890625</ele>
        <time>2026-09-27T00:11:03.000Z</time>
        <extensions>
          <ns3:TrackPointExtension>
            <ns3:atemp>24.0</ns3:atemp>
            <ns3:hr>133</ns3:hr>
            <ns3:cad>88</ns3:cad>
          </ns3:TrackPointExtension>
        </extensions>
      </trkpt>
      <trkpt lat="39.90072243846952915191650390625" lon="116.319436132907867431640625">
        <ele>56.40000152587890625</ele>
        <time>2026-09-27T00:11:04.000Z</time>
        <extensions>
          <ns3:TrackPointExtension>
            <ns3:atemp>24.0</ns3:atemp>
            <ns3:hr>133</ns3:hr>
            <ns3:cad>88</ns3:cad>
          </ns3:TrackPointExtension>
        </extensions>
      </trkpt>
      <trkpt lat="39.900711961090564727783203125" lon="116.31943537853658199310302734375">
        <ele>56.40000152587890625</ele>
        <time>2026-09-27T00:11:05.000Z</time>
        <extensions>
          <ns3:TrackPointExtension>
            <ns3:atemp>24.0</ns3:atemp>
            <ns3:hr>132</ns3:hr>
            <ns3:cad>88</ns3:cad>
          </ns3:TrackPointExtension>
        </extensions>
      </trkpt>
      <trkpt lat="39.90070953033864498138427734375" lon="116.31943856365978717803955078125">
        <ele>56.40000152587890625</ele>
        <time>2026-09-27T00:11:06.000Z</time>
        <extensions>
          <ns3:TrackPointExtension>
            <ns3:atemp>24.0</ns3:atemp>
            <ns3:hr>132</ns3:hr>
            <ns3:cad>88</ns3:cad>
          </ns3:TrackPointExtension>
        </extensions>
      </trkpt>
      <trkpt lat="39.9006933532655239105224609375" lon="116.31944241933524608612060546875">
        <ele>56.40000152587890625</ele>
        <time>2026-09-27T00:11:07.000Z</time>
        <extensions>
          <ns3:TrackPointExtension>
            <ns3:atemp>24.0</ns3:atemp>
            <ns3:hr>131</ns3:hr>
            <ns3:cad>88</ns3:cad>
          </ns3:TrackPointExtension>
        </extensions>
      </trkpt>
      <trkpt lat="39.900677092373371124267578125" lon="116.3194570876657962799072265625">
        <ele>56.40000152587890625</ele>
        <time>2026-09-27T00:11:08.000Z</time>
        <extensions>
          <ns3:TrackPointExtension>
            <ns3:atemp>24.0</ns3:atemp>
            <ns3:hr>131</ns3:hr>
            <ns3:cad>88</ns3:cad>
          </ns3:TrackPointExtension>
        </extensions>
      </trkpt>
      <trkpt lat="39.900658987462520599365234375" lon="116.3194788806140422821044921875">
        <ele>56.40000152587890625</ele>
        <time>2026-09-27T00:11:09.000Z</time>
        <extensions>
          <ns3:TrackPointExtension>
            <ns3:atemp>24.0</ns3:atemp>
            <ns3:hr>131</ns3:hr>
            <ns3:cad>88</ns3:cad>
          </ns3:TrackPointExtension>
        </extensions>
      </trkpt>
      <trkpt lat="39.900636859238147735595703125" lon="116.319493465125560760498046875">
        <ele>56.40000152587890625</ele>
        <time>2026-09-27T00:11:10.000Z</time>
        <extensions>
          <ns3:TrackPointExtension>
            <ns3:atemp>24.0</ns3:atemp>
            <ns3:hr>131</ns3:hr>
            <ns3:cad>88</ns3:cad>
          </ns3:TrackPointExtension>
        </extensions>
      </trkpt>
      <trkpt lat="39.9006102047860622406005859375" lon="116.3194911181926727294921875">
        <ele>56.40000152587890625</ele>
        <time>2026-09-27T00:11:11.000Z</time>
        <extensions>
          <ns3:TrackPointExtension>
            <ns3:atemp>24.0</ns3:atemp>
            <ns3:hr>131</ns3:hr>
            <ns3:cad>88</ns3:cad>
          </ns3:TrackPointExtension>
        </extensions>
      </trkpt>
      <trkpt lat="39.90059050731360912322998046875" lon="116.31948508322238922119140625">
        <ele>56.40000152587890625</ele>
        <time>2026-09-27T00:11:12.000Z</time>
        <extensions>
          <ns3:TrackPointExtension>
            <ns3:atemp>24.0</ns3:atemp>
            <ns3:hr>130</ns3:hr>
            <ns3:cad>87</ns3:cad>
          </ns3:TrackPointExtension>
        </extensions>
      </trkpt>
      <trkpt lat="39.90057189948856830596923828125" lon="116.31948047317564487457275390625">
        <ele>56.40000152587890625</ele>
        <time>2026-09-27T00:11:13.000Z</time>
        <extensions>
          <ns3:TrackPointExtension>
            <ns3:atemp>24.0</ns3:atemp>
            <ns3:hr>130</ns3:hr>
            <ns3:cad>87</ns3:cad>
          </ns3:TrackPointExtension>
        </extensions>
      </trkpt>
      <trkpt lat="39.90054373629391193389892578125" lon="116.31948818452656269073486328125">
        <ele>56.40000152587890625</ele>
        <time>2026-09-27T00:11:14.000Z</time>
        <extensions>
          <ns3:TrackPointExtension>
            <ns3:atemp>24.0</ns3:atemp>
            <ns3:hr>130</ns3:hr>
            <ns3:cad>87</ns3:cad>
          </ns3:TrackPointExtension>
        </extensions>
      </trkpt>
      <trkpt lat="39.90051322616636753082275390625" lon="116.3194849155843257904052734375">
        <ele>56.40000152587890625</ele>
        <time>2026-09-27T00:11:15.000Z</time>
        <extensions>
          <ns3:TrackPointExtension>
            <ns3:atemp>24.0</ns3:atemp>
            <ns3:hr>130</ns3:hr>
            <ns3:cad>88</ns3:cad>
          </ns3:TrackPointExtension>
        </extensions>
      </trkpt>
      <trkpt lat="39.900484979152679443359375" lon="116.31948566995561122894287109375">
        <ele>56.40000152587890625</ele>
        <time>2026-09-27T00:11:16.000Z</time>
        <extensions>
          <ns3:TrackPointExtension>
            <ns3:atemp>24.0</ns3:atemp>
            <ns3:hr>131</ns3:hr>
            <ns3:cad>88</ns3:cad>
          </ns3:TrackPointExtension>
        </extensions>
      </trkpt>
      <trkpt lat="39.90045614540576934814453125" lon="116.31947644986212253570556640625">
        <ele>56.40000152587890625</ele>
        <time>2026-09-27T00:11:17.000Z</time>
        <extensions>
          <ns3:TrackPointExtension>
            <ns3:atemp>24.0</ns3:atemp>
            <ns3:hr>130</ns3:hr>
            <ns3:cad>88</ns3:cad>
          </ns3:TrackPointExtension>
        </extensions>
      </trkpt>
      <trkpt lat="39.900430999696254730224609375" lon="116.3194507174193859100341796875">
        <ele>56.40000152587890625</ele>
        <time>2026-09-27T00:11:18.000Z</time>
        <extensions>
          <ns3:TrackPointExtension>
            <ns3:atemp>24.0</ns3:atemp>
            <ns3:hr>130</ns3:hr>
            <ns3:cad>89</ns3:cad>
          </ns3:TrackPointExtension>
        </extensions>
      </trkpt>
      <trkpt lat="39.90040543489158153533935546875" lon="116.31943034939467906951904296875">
        <ele>56.200000762939453125</ele>
        <time>2026-09-27T00:11:19.000Z</time>
        <extensions>
          <ns3:TrackPointExtension>
            <ns3:atemp>24.0</ns3:atemp>
            <ns3:hr>130</ns3:hr>
            <ns3:cad>89</ns3:cad>
          </ns3:TrackPointExtension>
        </extensions>
      </trkpt>
      <trkpt lat="39.90037995390594005584716796875" lon="116.3194111548364162445068359375">
        <ele>56.200000762939453125</ele>
        <time>2026-09-27T00:11:20.000Z</time>
        <extensions>
          <ns3:TrackPointExtension>
            <ns3:atemp>24.0</ns3:atemp>
            <ns3:hr>130</ns3:hr>
            <ns3:cad>89</ns3:cad>
          </ns3:TrackPointExtension>
        </extensions>
      </trkpt>
      <trkpt lat="39.90035078488290309906005859375" lon="116.31940662860870361328125">
        <ele>56.200000762939453125</ele>
        <time>2026-09-27T00:11:21.000Z</time>
        <extensions>
          <ns3:TrackPointExtension>
            <ns3:atemp>24.0</ns3:atemp>
            <ns3:hr>129</ns3:hr>
            <ns3:cad>88</ns3:cad>
          </ns3:TrackPointExtension>
        </extensions>
      </trkpt>
      <trkpt lat="39.90031893365085124969482421875" lon="116.319407634437084197998046875">
        <ele>56.200000762939453125</ele>
        <time>2026-09-27T00:11:22.000Z</time>
        <extensions>
          <ns3:TrackPointExtension>
            <ns3:atemp>24.0</ns3:atemp>
            <ns3:hr>130</ns3:hr>
            <ns3:cad>88</ns3:cad>
          </ns3:TrackPointExtension>
        </extensions>
      </trkpt>
      <trkpt lat="39.90028205327689647674560546875" lon="116.31940805353224277496337890625">
        <ele>56.200000762939453125</ele>
        <time>2026-09-27T00:11:23.000Z</time>
        <extensions>
          <ns3:TrackPointExtension>
            <ns3:atemp>24.0</ns3:atemp>
            <ns3:hr>130</ns3:hr>
            <ns3:cad>88</ns3:cad>
          </ns3:TrackPointExtension>
        </extensions>
      </trkpt>
      <trkpt lat="39.9002494476735591888427734375" lon="116.31941710598766803741455078125">
        <ele>56.200000762939453125</ele>
        <time>2026-09-27T00:11:24.000Z</time>
        <extensions>
          <ns3:TrackPointExtension>
            <ns3:atemp>24.0</ns3:atemp>
            <ns3:hr>130</ns3:hr>
            <ns3:cad>88</ns3:cad>
          </ns3:TrackPointExtension>
        </extensions>
      </trkpt>
      <trkpt lat="39.90022053010761737823486328125" lon="116.3194228895008563995361328125">
        <ele>56.200000762939453125</ele>
        <time>2026-09-27T00:11:25.000Z</time>
        <extensions>
          <ns3:TrackPointExtension>
            <ns3:atemp>24.0</ns3:atemp>
            <ns3:hr>130</ns3:hr>
            <ns3:cad>88</ns3:cad>
          </ns3:TrackPointExtension>
        </extensions>
      </trkpt>
      <trkpt lat="39.900190941989421844482421875" lon="116.3194342888891696929931640625">
        <ele>56.200000762939453125</ele>
        <time>2026-09-27T00:11:26.000Z</time>
        <extensions>
          <ns3:TrackPointExtension>
            <ns3:atemp>24.0</ns3:atemp>
            <ns3:hr>130</ns3:hr>
            <ns3:cad>88</ns3:cad>
          </ns3:TrackPointExtension>
        </extensions>
      </trkpt>
      <trkpt lat="39.90016688592731952667236328125" lon="116.31944593973457813262939453125">
        <ele>56.200000762939453125</ele>
        <time>2026-09-27T00:11:27.000Z</time>
        <extensions>
          <ns3:TrackPointExtension>
            <ns3:atemp>24.0</ns3:atemp>
            <ns3:hr>131</ns3:hr>
            <ns3:cad>88</ns3:cad>
          </ns3:TrackPointExtension>
        </extensions>
      </trkpt>
      <trkpt lat="39.90013704635202884674072265625" lon="116.31945650093257427215576171875">
        <ele>56.200000762939453125</ele>
        <time>2026-09-27T00:11:28.000Z</time>
        <extensions>
          <ns3:TrackPointExtension>
            <ns3:atemp>24.0</ns3:atemp>
            <ns3:hr>131</ns3:hr>
            <ns3:cad>88</ns3:cad>
          </ns3:TrackPointExtension>
        </extensions>
      </trkpt>
      <trkpt lat="39.900111816823482513427734375" lon="116.3194520585238933563232421875">
        <ele>56.200000762939453125</ele>
        <time>2026-09-27T00:11:29.000Z</time>
        <extensions>
          <ns3:TrackPointExtension>
            <ns3:atemp>24.0</ns3:atemp>
            <ns3:hr>131</ns3:hr>
            <ns3:cad>88</ns3:cad>
          </ns3:TrackPointExtension>
        </extensions>
      </trkpt>
      <trkpt lat="39.90008172579109668731689453125" lon="116.31945247761905193328857421875">
        <ele>56.200000762939453125</ele>
        <time>2026-09-27T00:11:30.000Z</time>
        <extensions>
          <ns3:TrackPointExtension>
            <ns3:atemp>24.0</ns3:atemp>
            <ns3:hr>131</ns3:hr>
            <ns3:cad>87</ns3:cad>
          </ns3:TrackPointExtension>
        </extensions>
      </trkpt>
      <trkpt lat="39.90005188621580600738525390625" lon="116.3194678165018558502197265625">
        <ele>56.200000762939453125</ele>
        <time>2026-09-27T00:11:31.000Z</time>
        <extensions>
          <ns3:TrackPointExtension>
            <ns3:atemp>24.0</ns3:atemp>
            <ns3:hr>131</ns3:hr>
            <ns3:cad>87</ns3:cad>
          </ns3:TrackPointExtension>
        </extensions>
      </trkpt>
      <trkpt lat="39.900020621716976165771484375" lon="116.319480724632740020751953125">
        <ele>56.200000762939453125</ele>
        <time>2026-09-27T00:11:32.000Z</time>
        <extensions>
          <ns3:TrackPointExtension>
            <ns3:atemp>24.0</ns3:atemp>
            <ns3:hr>131</ns3:hr>
            <ns3:cad>88</ns3:cad>
          </ns3:TrackPointExtension>
        </extensions>
      </trkpt>
      <trkpt lat="39.89999371580779552459716796875" lon="116.31949170492589473724365234375">
        <ele>56</ele>
        <time>2026-09-27T00:11:33.000Z</time>
        <extensions>
          <ns3:TrackPointExtension>
            <ns3:atemp>24.0</ns3:atemp>
            <ns3:hr>130</ns3:hr>
            <ns3:cad>88</ns3:cad>
          </ns3:TrackPointExtension>
        </extensions>
      </trkpt>
      <trkpt lat="39.8999651335179805755615234375" lon="116.319502852857112884521484375">
        <ele>56</ele>
        <time>2026-09-27T00:11:34.000Z</time>
        <extensions>
          <ns3:TrackPointExtension>
            <ns3:atemp>24.0</ns3:atemp>
            <ns3:hr>131</ns3:hr>
            <ns3:cad>88</ns3:cad>
          </ns3:TrackPointExtension>
        </extensions>
      </trkpt>
      <trkpt lat="39.899940155446529388427734375" lon="116.3195137493312358856201171875">
        <ele>56</ele>
        <time>2026-09-27T00:11:35.000Z</time>
        <extensions>
          <ns3:TrackPointExtension>
            <ns3:atemp>24.0</ns3:atemp>
            <ns3:hr>130</ns3:hr>
            <ns3:cad>89</ns3:cad>
          </ns3:TrackPointExtension>
        </extensions>
      </trkpt>
      <trkpt lat="39.89992263726890087127685546875" lon="116.319522969424724578857421875">
        <ele>56</ele>
        <time>2026-09-27T00:11:36.000Z</time>
        <extensions>
          <ns3:TrackPointExtension>
            <ns3:atemp>24.0</ns3:atemp>
            <ns3:hr>130</ns3:hr>
            <ns3:cad>89</ns3:cad>
          </ns3:TrackPointExtension>
        </extensions>
      </trkpt>
      <trkpt lat="39.89991140551865100860595703125" lon="116.319518275558948516845703125">
        <ele>56</ele>
        <time>2026-09-27T00:11:37.000Z</time>
        <extensions>
          <ns3:TrackPointExtension>
            <ns3:atemp>24.0</ns3:atemp>
            <ns3:hr>130</ns3:hr>
            <ns3:cad>89</ns3:cad>
          </ns3:TrackPointExtension>
        </extensions>
      </trkpt>
      <trkpt lat="39.89989363588392734527587890625" lon="116.31951567716896533966064453125">
        <ele>56</ele>
        <time>2026-09-27T00:11:38.000Z</time>
        <extensions>
          <ns3:TrackPointExtension>
            <ns3:atemp>24.0</ns3:atemp>
            <ns3:hr>130</ns3:hr>
            <ns3:cad>89</ns3:cad>
          </ns3:TrackPointExtension>
        </extensions>
      </trkpt>
      <trkpt lat="39.89988340996205806732177734375" lon="116.3195127435028553009033203125">
        <ele>56</ele>
        <time>2026-09-27T00:11:39.000Z</time>
        <extensions>
          <ns3:TrackPointExtension>
            <ns3:atemp>24.0</ns3:atemp>
            <ns3:hr>130</ns3:hr>
            <ns3:cad>89</ns3:cad>
          </ns3:TrackPointExtension>
        </extensions>
      </trkpt>
      <trkpt lat="39.899864383041858673095703125" lon="116.31952104158699512481689453125">
        <ele>56</ele>
        <time>2026-09-27T00:11:40.000Z</time>
        <extensions>
          <ns3:TrackPointExtension>
            <ns3:atemp>24.0</ns3:atemp>
            <ns3:hr>130</ns3:hr>
            <ns3:cad>89</ns3:cad>
          </ns3:TrackPointExtension>
        </extensions>
      </trkpt>
      <trkpt lat="39.89983580075204372406005859375" lon="116.31952087394893169403076171875">
        <ele>56</ele>
        <time>2026-09-27T00:11:41.000Z</time>
        <extensions>
          <ns3:TrackPointExtension>
            <ns3:atemp>24.0</ns3:atemp>
            <ns3:hr>130</ns3:hr>
            <ns3:cad>88</ns3:cad>
          </ns3:TrackPointExtension>
        </extensions>
      </trkpt>
      <trkpt lat="39.89981031976640224456787109375" lon="116.31952439434826374053955078125">
        <ele>56</ele>
        <time>2026-09-27T00:11:42.000Z</time>
        <extensions>
          <ns3:TrackPointExtension>
            <ns3:atemp>24.0</ns3:atemp>
            <ns3:hr>130</ns3:hr>
            <ns3:cad>88</ns3:cad>
          </ns3:TrackPointExtension>
        </extensions>
      </trkpt>
      <trkpt lat="39.8997835814952850341796875" lon="116.3195328600704669952392578125">
        <ele>56</ele>
        <time>2026-09-27T00:11:43.000Z</time>
        <extensions>
          <ns3:TrackPointExtension>
            <ns3:atemp>24.0</ns3:atemp>
            <ns3:hr>130</ns3:hr>
            <ns3:cad>88</ns3:cad>
          </ns3:TrackPointExtension>
        </extensions>
      </trkpt>
      <trkpt lat="39.8997589386999607086181640625" lon="116.31953311152756214141845703125">
        <ele>56</ele>
        <time>2026-09-27T00:11:44.000Z</time>
        <extensions>
          <ns3:TrackPointExtension>
            <ns3:atemp>24.0</ns3:atemp>
            <ns3:hr>130</ns3:hr>
            <ns3:cad>88</ns3:cad>
          </ns3:TrackPointExtension>
        </extensions>
      </trkpt>
      <trkpt lat="39.8997311107814311981201171875" lon="116.3195405714213848114013671875">
        <ele>56</ele>
        <time>2026-09-27T00:11:45.000Z</time>
        <extensions>
          <ns3:TrackPointExtension>
            <ns3:atemp>24.0</ns3:atemp>
            <ns3:hr>130</ns3:hr>
            <ns3:cad>88</ns3:cad>
          </ns3:TrackPointExtension>
        </extensions>
      </trkpt>
      <trkpt lat="39.89970236085355281829833984375" lon="116.3195405714213848114013671875">
        <ele>56</ele>
        <time>2026-09-27T00:11:46.000Z</time>
        <extensions>
          <ns3:TrackPointExtension>
            <ns3:atemp>24.0</ns3:atemp>
            <ns3:hr>130</ns3:hr>
            <ns3:cad>88</ns3:cad>
          </ns3:TrackPointExtension>
        </extensions>
      </trkpt>
      <trkpt lat="39.8996687494218349456787109375" lon="116.3195482827723026275634765625">
        <ele>56</ele>
        <time>2026-09-27T00:11:47.000Z</time>
        <extensions>
          <ns3:TrackPointExtension>
            <ns3:atemp>24.0</ns3:atemp>
            <ns3:hr>130</ns3:hr>
            <ns3:cad>87</ns3:cad>
          </ns3:TrackPointExtension>
        </extensions>
      </trkpt>
      <trkpt lat="39.899631701409816741943359375" lon="116.31955071352422237396240234375">
        <ele>55.799999237060546875</ele>
        <time>2026-09-27T00:11:48.000Z</time>
        <extensions>
          <ns3:TrackPointExtension>
            <ns3:atemp>24.0</ns3:atemp>
            <ns3:hr>130</ns3:hr>
            <ns3:cad>87</ns3:cad>
          </ns3:TrackPointExtension>
        </extensions>
      </trkpt>
      <trkpt lat="39.8996006883680820465087890625" lon="116.3195559941232204437255859375">
        <ele>55.799999237060546875</ele>
        <time>2026-09-27T00:11:49.000Z</time>
        <extensions>
          <ns3:TrackPointExtension>
            <ns3:atemp>24.0</ns3:atemp>
            <ns3:hr>130</ns3:hr>
            <ns3:cad>88</ns3:cad>
          </ns3:TrackPointExtension>
        </extensions>
      </trkpt>
      <trkpt lat="39.89957277663052082061767578125" lon="116.319560520350933074951171875">
        <ele>55.799999237060546875</ele>
        <time>2026-09-27T00:11:50.000Z</time>
        <extensions>
          <ns3:TrackPointExtension>
            <ns3:atemp>24.0</ns3:atemp>
            <ns3:hr>130</ns3:hr>
            <ns3:cad>88</ns3:cad>
          </ns3:TrackPointExtension>
        </extensions>
      </trkpt>
      <trkpt lat="39.899549223482608795166015625" lon="116.3195590116083621978759765625">
        <ele>55.799999237060546875</ele>
        <time>2026-09-27T00:11:51.000Z</time>
        <extensions>
          <ns3:TrackPointExtension>
            <ns3:atemp>24.0</ns3:atemp>
            <ns3:hr>131</ns3:hr>
            <ns3:cad>88</ns3:cad>
          </ns3:TrackPointExtension>
        </extensions>
      </trkpt>
      <trkpt lat="39.89953103475272655487060546875" lon="116.3195610232651233673095703125">
        <ele>55.799999237060546875</ele>
        <time>2026-09-27T00:11:52.000Z</time>
        <extensions>
          <ns3:TrackPointExtension>
            <ns3:atemp>24.0</ns3:atemp>
            <ns3:hr>131</ns3:hr>
            <ns3:cad>89</ns3:cad>
          </ns3:TrackPointExtension>
        </extensions>
      </trkpt>
      <trkpt lat="39.8995088227093219757080078125" lon="116.31954903714358806610107421875">
        <ele>55.59999847412109375</ele>
        <time>2026-09-27T00:11:53.000Z</time>
        <extensions>
          <ns3:TrackPointExtension>
            <ns3:atemp>24.0</ns3:atemp>
            <ns3:hr>132</ns3:hr>
            <ns3:cad>89</ns3:cad>
          </ns3:TrackPointExtension>
        </extensions>
      </trkpt>
      <trkpt lat="39.89948895759880542755126953125" lon="116.31954182870686054229736328125">
        <ele>55.59999847412109375</ele>
        <time>2026-09-27T00:11:54.000Z</time>
        <extensions>
          <ns3:TrackPointExtension>
            <ns3:atemp>24.0</ns3:atemp>
            <ns3:hr>132</ns3:hr>
            <ns3:cad>89</ns3:cad>
          </ns3:TrackPointExtension>
        </extensions>
      </trkpt>
      <trkpt lat="39.89947621710598468780517578125" lon="116.31953537464141845703125">
        <ele>55.59999847412109375</ele>
        <time>2026-09-27T00:11:55.000Z</time>
        <extensions>
          <ns3:TrackPointExtension>
            <ns3:atemp>24.0</ns3:atemp>
            <ns3:hr>133</ns3:hr>
            <ns3:cad>88</ns3:cad>
          </ns3:TrackPointExtension>
        </extensions>
      </trkpt>
      <trkpt lat="39.89946330897510051727294921875" lon="116.31952908821403980255126953125">
        <ele>55.59999847412109375</ele>
        <time>2026-09-27T00:11:56.000Z</time>
        <extensions>
          <ns3:TrackPointExtension>
            <ns3:atemp>24.0</ns3:atemp>
            <ns3:hr>133</ns3:hr>
            <ns3:cad>88</ns3:cad>
          </ns3:TrackPointExtension>
        </extensions>
      </trkpt>
      <trkpt lat="39.8994451202452182769775390625" lon="116.31952556781470775604248046875">
        <ele>55.59999847412109375</ele>
        <time>2026-09-27T00:11:57.000Z</time>
        <extensions>
          <ns3:TrackPointExtension>
            <ns3:atemp>24.0</ns3:atemp>
            <ns3:hr>134</ns3:hr>
            <ns3:cad>89</ns3:cad>
          </ns3:TrackPointExtension>
        </extensions>
      </trkpt>
      <trkpt lat="39.89941955544054508209228515625" lon="116.319525651633739471435546875">
        <ele>55.59999847412109375</ele>
        <time>2026-09-27T00:11:58.000Z</time>
        <extensions>
          <ns3:TrackPointExtension>
            <ns3:atemp>24.0</ns3:atemp>
            <ns3:hr>134</ns3:hr>
            <ns3:cad>89</ns3:cad>
          </ns3:TrackPointExtension>
        </extensions>
      </trkpt>
      <trkpt lat="39.89939206279814243316650390625" lon="116.31953093223273754119873046875">
        <ele>55.59999847412109375</ele>
        <time>2026-09-27T00:11:59.000Z</time>
        <extensions>
          <ns3:TrackPointExtension>
            <ns3:atemp>24.0</ns3:atemp>
            <ns3:hr>134</ns3:hr>
            <ns3:cad>89</ns3:cad>
          </ns3:TrackPointExtension>
        </extensions>
      </trkpt>
      <trkpt lat="39.8993670009076595306396484375" lon="116.3195375539362430572509765625">
        <ele>55.59999847412109375</ele>
        <time>2026-09-27T00:12:00.000Z</time>
        <extensions>
          <ns3:TrackPointExtension>
            <ns3:atemp>24.0</ns3:atemp>
            <ns3:hr>134</ns3:hr>
            <ns3:cad>89</ns3:cad>
          </ns3:TrackPointExtension>
        </extensions>
      </trkpt>
      <trkpt lat="39.89935300312936305999755859375" lon="116.3195378892123699188232421875">
        <ele>55.59999847412109375</ele>
        <time>2026-09-27T00:12:01.000Z</time>
        <extensions>
          <ns3:TrackPointExtension>
            <ns3:atemp>24.0</ns3:atemp>
            <ns3:hr>134</ns3:hr>
            <ns3:cad>89</ns3:cad>
          </ns3:TrackPointExtension>
        </extensions>
      </trkpt>
      <trkpt lat="39.89933992736041545867919921875" lon="116.31953009404242038726806640625">
        <ele>55.59999847412109375</ele>
        <time>2026-09-27T00:12:02.000Z</time>
        <extensions>
          <ns3:TrackPointExtension>
            <ns3:atemp>24.0</ns3:atemp>
            <ns3:hr>134</ns3:hr>
            <ns3:cad>88</ns3:cad>
          </ns3:TrackPointExtension>
        </extensions>
      </trkpt>
      <trkpt lat="39.89932467229664325714111328125" lon="116.31952724419534206390380859375">
        <ele>55.40000152587890625</ele>
        <time>2026-09-27T00:12:03.000Z</time>
        <extensions>
          <ns3:TrackPointExtension>
            <ns3:atemp>24.0</ns3:atemp>
            <ns3:hr>134</ns3:hr>
            <ns3:cad>88</ns3:cad>
          </ns3:TrackPointExtension>
        </extensions>
      </trkpt>
      <trkpt lat="39.89930639974772930145263671875" lon="116.3195291720330715179443359375">
        <ele>55.40000152587890625</ele>
        <time>2026-09-27T00:12:04.000Z</time>
        <extensions>
          <ns3:TrackPointExtension>
            <ns3:atemp>24.0</ns3:atemp>
            <ns3:hr>134</ns3:hr>
            <ns3:cad>88</ns3:cad>
          </ns3:TrackPointExtension>
        </extensions>
      </trkpt>
      <trkpt lat="39.89928879775106906890869140625" lon="116.31953143514692783355712890625">
        <ele>55.40000152587890625</ele>
        <time>2026-09-27T00:12:05.000Z</time>
        <extensions>
          <ns3:TrackPointExtension>
            <ns3:atemp>24.0</ns3:atemp>
            <ns3:hr>134</ns3:hr>
            <ns3:cad>88</ns3:cad>
          </ns3:TrackPointExtension>
        </extensions>
      </trkpt>
      <trkpt lat="39.89927488379180431365966796875" lon="116.31953462027013301849365234375">
        <ele>55.40000152587890625</ele>
        <time>2026-09-27T00:12:06.000Z</time>
        <extensions>
          <ns3:TrackPointExtension>
            <ns3:atemp>24.0</ns3:atemp>
            <ns3:hr>134</ns3:hr>
            <ns3:cad>89</ns3:cad>
          </ns3:TrackPointExtension>
        </extensions>
      </trkpt>
      <trkpt lat="39.89925451576709747314453125" lon="116.31953160278499126434326171875">
        <ele>55.40000152587890625</ele>
        <time>2026-09-27T00:12:07.000Z</time>
        <extensions>
          <ns3:TrackPointExtension>
            <ns3:atemp>24.0</ns3:atemp>
            <ns3:hr>134</ns3:hr>
            <ns3:cad>89</ns3:cad>
          </ns3:TrackPointExtension>
        </extensions>
      </trkpt>
      <trkpt lat="39.8992235027253627777099609375" lon="116.319532357156276702880859375">
        <ele>55.40000152587890625</ele>
        <time>2026-09-27T00:12:08.000Z</time>
        <extensions>
          <ns3:TrackPointExtension>
            <ns3:atemp>24.0</ns3:atemp>
            <ns3:hr>134</ns3:hr>
            <ns3:cad>89</ns3:cad>
          </ns3:TrackPointExtension>
        </extensions>
      </trkpt>
      <trkpt lat="39.8991943337023258209228515625" lon="116.319539062678813934326171875">
        <ele>55.40000152587890625</ele>
        <time>2026-09-27T00:12:09.000Z</time>
        <extensions>
          <ns3:TrackPointExtension>
            <ns3:atemp>24.0</ns3:atemp>
            <ns3:hr>133</ns3:hr>
            <ns3:cad>88</ns3:cad>
          </ns3:TrackPointExtension>
        </extensions>
      </trkpt>
      <trkpt lat="39.899167008697986602783203125" lon="116.31953872740268707275390625">
        <ele>55.40000152587890625</ele>
        <time>2026-09-27T00:12:10.000Z</time>
        <extensions>
          <ns3:TrackPointExtension>
            <ns3:atemp>24.0</ns3:atemp>
            <ns3:hr>133</ns3:hr>
            <ns3:cad>88</ns3:cad>
          </ns3:TrackPointExtension>
        </extensions>
      </trkpt>
      <trkpt lat="39.89914186298847198486328125" lon="116.3195392303168773651123046875">
        <ele>55.40000152587890625</ele>
        <time>2026-09-27T00:12:11.000Z</time>
        <extensions>
          <ns3:TrackPointExtension>
            <ns3:atemp>24.0</ns3:atemp>
            <ns3:hr>133</ns3:hr>
            <ns3:cad>87</ns3:cad>
          </ns3:TrackPointExtension>
        </extensions>
      </trkpt>
      <trkpt lat="39.89911965094506740570068359375" lon="116.31954719312489032745361328125">
        <ele>55.40000152587890625</ele>
        <time>2026-09-27T00:12:12.000Z</time>
        <extensions>
          <ns3:TrackPointExtension>
            <ns3:atemp>24.0</ns3:atemp>
            <ns3:hr>132</ns3:hr>
            <ns3:cad>87</ns3:cad>
          </ns3:TrackPointExtension>
        </extensions>
      </trkpt>
      <trkpt lat="39.89909366704523563385009765625" lon="116.3195472769439220428466796875">
        <ele>55.200000762939453125</ele>
        <time>2026-09-27T00:12:13.000Z</time>
        <extensions>
          <ns3:TrackPointExtension>
            <ns3:atemp>24.0</ns3:atemp>
            <ns3:hr>133</ns3:hr>
            <ns3:cad>87</ns3:cad>
          </ns3:TrackPointExtension>
        </extensions>
      </trkpt>
      <trkpt lat="39.899061061441898345947265625" lon="116.3195472769439220428466796875">
        <ele>55.200000762939453125</ele>
        <time>2026-09-27T00:12:14.000Z</time>
        <extensions>
          <ns3:TrackPointExtension>
            <ns3:atemp>24.0</ns3:atemp>
            <ns3:hr>133</ns3:hr>
            <ns3:cad>87</ns3:cad>
          </ns3:TrackPointExtension>
        </extensions>
      </trkpt>
      <trkpt lat="39.89903616718947887420654296875" lon="116.3195506297051906585693359375">
        <ele>55.200000762939453125</ele>
        <time>2026-09-27T00:12:15.000Z</time>
        <extensions>
          <ns3:TrackPointExtension>
            <ns3:atemp>24.0</ns3:atemp>
            <ns3:hr>133</ns3:hr>
            <ns3:cad>87</ns3:cad>
          </ns3:TrackPointExtension>
        </extensions>
      </trkpt>
      <trkpt lat="39.89901253022253513336181640625" lon="116.31955238990485668182373046875">
        <ele>55.200000762939453125</ele>
        <time>2026-09-27T00:12:16.000Z</time>
        <extensions>
          <ns3:TrackPointExtension>
            <ns3:atemp>24.0</ns3:atemp>
            <ns3:hr>133</ns3:hr>
            <ns3:cad>88</ns3:cad>
          </ns3:TrackPointExtension>
        </extensions>
      </trkpt>
      <trkpt lat="39.898989312350749969482421875" lon="116.31955607794225215911865234375">
        <ele>55.200000762939453125</ele>
        <time>2026-09-27T00:12:17.000Z</time>
        <extensions>
          <ns3:TrackPointExtension>
            <ns3:atemp>24.0</ns3:atemp>
            <ns3:hr>133</ns3:hr>
            <ns3:cad>88</ns3:cad>
          </ns3:TrackPointExtension>
        </extensions>
      </trkpt>
      <trkpt lat="39.89896609447896480560302734375" lon="116.3195554912090301513671875">
        <ele>55.200000762939453125</ele>
        <time>2026-09-27T00:12:18.000Z</time>
        <extensions>
          <ns3:TrackPointExtension>
            <ns3:atemp>24.0</ns3:atemp>
            <ns3:hr>133</ns3:hr>
            <ns3:cad>88</ns3:cad>
          </ns3:TrackPointExtension>
        </extensions>
      </trkpt>
      <trkpt lat="39.89894078113138675689697265625" lon="116.3195533119142055511474609375">
        <ele>55.200000762939453125</ele>
        <time>2026-09-27T00:12:19.000Z</time>
        <extensions>
          <ns3:TrackPointExtension>
            <ns3:atemp>24.0</ns3:atemp>
            <ns3:hr>133</ns3:hr>
            <ns3:cad>88</ns3:cad>
          </ns3:TrackPointExtension>
        </extensions>
      </trkpt>
      <trkpt lat="39.89891278557479381561279296875" lon="116.31957602687180042266845703125">
        <ele>55.200000762939453125</ele>
        <time>2026-09-27T00:12:20.000Z</time>
        <extensions>
          <ns3:TrackPointExtension>
            <ns3:atemp>24.0</ns3:atemp>
            <ns3:hr>133</ns3:hr>
            <ns3:cad>88</ns3:cad>
          </ns3:TrackPointExtension>
        </extensions>
      </trkpt>
      <trkpt lat="39.8988791741430759429931640625" lon="116.31959849037230014801025390625">
        <ele>55.200000762939453125</ele>
        <time>2026-09-27T00:12:21.000Z</time>
        <extensions>
          <ns3:TrackPointExtension>
            <ns3:atemp>24.0</ns3:atemp>
            <ns3:hr>133</ns3:hr>
            <ns3:cad>88</ns3:cad>
          </ns3:TrackPointExtension>
        </extensions>
      </trkpt>
      <trkpt lat="39.89883366040885448455810546875" lon="116.3196126557886600494384765625">
        <ele>55.200000762939453125</ele>
        <time>2026-09-27T00:12:22.000Z</time>
        <extensions>
          <ns3:TrackPointExtension>
            <ns3:atemp>24.0</ns3:atemp>
            <ns3:hr>132</ns3:hr>
            <ns3:cad>88</ns3:cad>
          </ns3:TrackPointExtension>
        </extensions>
      </trkpt>
      <trkpt lat="39.8988074250519275665283203125" lon="116.31961793638765811920166015625">
        <ele>55.200000762939453125</ele>
        <time>2026-09-27T00:12:23.000Z</time>
        <extensions>
          <ns3:TrackPointExtension>
            <ns3:atemp>24.0</ns3:atemp>
            <ns3:hr>132</ns3:hr>
            <ns3:cad>88</ns3:cad>
          </ns3:TrackPointExtension>
        </extensions>
      </trkpt>
      <trkpt lat="39.89877549000084400177001953125" lon="116.3196207024157047271728515625">
        <ele>55.200000762939453125</ele>
        <time>2026-09-27T00:12:24.000Z</time>
        <extensions>
          <ns3:TrackPointExtension>
            <ns3:atemp>24.0</ns3:atemp>
            <ns3:hr>132</ns3:hr>
            <ns3:cad>88</ns3:cad>
          </ns3:TrackPointExtension>
        </extensions>
      </trkpt>
      <trkpt lat="39.89874632097780704498291015625" lon="116.31961827166378498077392578125">
        <ele>55.200000762939453125</ele>
        <time>2026-09-27T00:12:25.000Z</time>
        <extensions>
          <ns3:TrackPointExtension>
            <ns3:atemp>24.0</ns3:atemp>
            <ns3:hr>132</ns3:hr>
            <ns3:cad>88</ns3:cad>
          </ns3:TrackPointExtension>
        </extensions>
      </trkpt>
      <trkpt lat="39.89871815778315067291259765625" lon="116.3196133263409137725830078125">
        <ele>55.200000762939453125</ele>
        <time>2026-09-27T00:12:26.000Z</time>
        <extensions>
          <ns3:TrackPointExtension>
            <ns3:atemp>24.0</ns3:atemp>
            <ns3:hr>132</ns3:hr>
            <ns3:cad>87</ns3:cad>
          </ns3:TrackPointExtension>
        </extensions>
      </trkpt>
      <trkpt lat="39.89869125187397003173828125" lon="116.31960972212255001068115234375">
        <ele>55.200000762939453125</ele>
        <time>2026-09-27T00:12:27.000Z</time>
        <extensions>
          <ns3:TrackPointExtension>
            <ns3:atemp>24.0</ns3:atemp>
            <ns3:hr>132</ns3:hr>
            <ns3:cad>87</ns3:cad>
          </ns3:TrackPointExtension>
        </extensions>
      </trkpt>
      <trkpt lat="39.89866803400218486785888671875" lon="116.31960687227547168731689453125">
        <ele>55.200000762939453125</ele>
        <time>2026-09-27T00:12:28.000Z</time>
        <extensions>
          <ns3:TrackPointExtension>
            <ns3:atemp>24.0</ns3:atemp>
            <ns3:hr>132</ns3:hr>
            <ns3:cad>87</ns3:cad>
          </ns3:TrackPointExtension>
        </extensions>
      </trkpt>
      <trkpt lat="39.89864439703524112701416015625" lon="116.319607459008693695068359375">
        <ele>55.200000762939453125</ele>
        <time>2026-09-27T00:12:29.000Z</time>
        <extensions>
          <ns3:TrackPointExtension>
            <ns3:atemp>24.0</ns3:atemp>
            <ns3:hr>132</ns3:hr>
            <ns3:cad>87</ns3:cad>
          </ns3:TrackPointExtension>
        </extensions>
      </trkpt>
      <trkpt lat="39.8986257053911685943603515625" lon="116.31960636936128139495849609375">
        <ele>55.200000762939453125</ele>
        <time>2026-09-27T00:12:30.000Z</time>
        <extensions>
          <ns3:TrackPointExtension>
            <ns3:atemp>24.0</ns3:atemp>
            <ns3:hr>132</ns3:hr>
            <ns3:cad>87</ns3:cad>
          </ns3:TrackPointExtension>
        </extensions>
      </trkpt>
      <trkpt lat="39.8986069299280643463134765625" lon="116.31960988976061344146728515625">
        <ele>55.200000762939453125</ele>
        <time>2026-09-27T00:12:31.000Z</time>
        <extensions>
          <ns3:TrackPointExtension>
            <ns3:atemp>24.0</ns3:atemp>
            <ns3:hr>132</ns3:hr>
            <ns3:cad>87</ns3:cad>
          </ns3:TrackPointExtension>
        </extensions>
      </trkpt>
      <trkpt lat="39.89855135791003704071044921875" lon="116.3196833990514278411865234375">
        <ele>57.59999847412109375</ele>
        <time>2026-09-27T00:24:30.000Z</time>
        <extensions>
          <ns3:TrackPointExtension>
            <ns3:atemp>27.0</ns3:atemp>
            <ns3:hr>100</ns3:hr>
            <ns3:cad>0</ns3:cad>
          </ns3:TrackPointExtension>
        </extensions>
      </trkpt>
      <trkpt lat="39.8985438980162143707275390625" lon="116.31967258639633655548095703125">
        <ele>57.40000152587890625</ele>
        <time>2026-09-27T00:24:31.000Z</time>
        <extensions>
          <ns3:TrackPointExtension>
            <ns3:atemp>27.0</ns3:atemp>
            <ns3:hr>100</ns3:hr>
            <ns3:cad>0</ns3:cad>
          </ns3:TrackPointExtension>
        </extensions>
      </trkpt>
      <trkpt lat="39.89854180254042148590087890625" lon="116.31968893110752105712890625">
        <ele>57.40000152587890625</ele>
        <time>2026-09-27T00:24:32.000Z</time>
        <extensions>
          <ns3:TrackPointExtension>
            <ns3:atemp>27.0</ns3:atemp>
            <ns3:hr>99</ns3:hr>
            <ns3:cad>0</ns3:cad>
          </ns3:TrackPointExtension>
        </extensions>
      </trkpt>
      <trkpt lat="39.89852763712406158447265625" lon="116.3196954689919948577880859375">
        <ele>57.200000762939453125</ele>
        <time>2026-09-27T00:24:33.000Z</time>
        <extensions>
          <ns3:TrackPointExtension>
            <ns3:atemp>27.0</ns3:atemp>
            <ns3:hr>98</ns3:hr>
            <ns3:cad>0</ns3:cad>
          </ns3:TrackPointExtension>
        </extensions>
      </trkpt>
      <trkpt lat="39.89849151112139225006103515625" lon="116.31971650756895542144775390625">
        <ele>57.200000762939453125</ele>
        <time>2026-09-27T00:24:34.000Z</time>
        <extensions>
          <ns3:TrackPointExtension>
            <ns3:atemp>27.0</ns3:atemp>
            <ns3:hr>97</ns3:hr>
            <ns3:cad>0</ns3:cad>
          </ns3:TrackPointExtension>
        </extensions>
      </trkpt>
      <trkpt lat="39.89846033044159412384033203125" lon="116.3197125680744647979736328125">
        <ele>57.200000762939453125</ele>
        <time>2026-09-27T00:24:35.000Z</time>
        <extensions>
          <ns3:TrackPointExtension>
            <ns3:atemp>27.0</ns3:atemp>
            <ns3:hr>96</ns3:hr>
            <ns3:cad>93</ns3:cad>
          </ns3:TrackPointExtension>
        </extensions>
      </trkpt>
      <trkpt lat="39.89842512644827365875244140625" lon="116.31970711983740329742431640625">
        <ele>57.200000762939453125</ele>
        <time>2026-09-27T00:24:36.000Z</time>
        <extensions>
          <ns3:TrackPointExtension>
            <ns3:atemp>27.0</ns3:atemp>
            <ns3:hr>96</ns3:hr>
            <ns3:cad>93</ns3:cad>
          </ns3:TrackPointExtension>
        </extensions>
      </trkpt>
      <trkpt lat="39.89840467460453510284423828125" lon="116.31968599744141101837158203125">
        <ele>57.200000762939453125</ele>
        <time>2026-09-27T00:24:37.000Z</time>
        <extensions>
          <ns3:TrackPointExtension>
            <ns3:atemp>27.0</ns3:atemp>
            <ns3:hr>95</ns3:hr>
            <ns3:cad>91</ns3:cad>
          </ns3:TrackPointExtension>
        </extensions>
      </trkpt>
      <trkpt lat="39.8983950354158878326416015625" lon="116.31966554559767246246337890625">
        <ele>57</ele>
        <time>2026-09-27T00:24:38.000Z</time>
        <extensions>
          <ns3:TrackPointExtension>
            <ns3:atemp>27.0</ns3:atemp>
            <ns3:hr>97</ns3:hr>
            <ns3:cad>91</ns3:cad>
          </ns3:TrackPointExtension>
        </extensions>
      </trkpt>
      <trkpt lat="39.8983987234532833099365234375" lon="116.319634281098842620849609375">
        <ele>57</ele>
        <time>2026-09-27T00:24:39.000Z</time>
        <extensions>
          <ns3:TrackPointExtension>
            <ns3:atemp>27.0</ns3:atemp>
            <ns3:hr>99</ns3:hr>
            <ns3:cad>91</ns3:cad>
          </ns3:TrackPointExtension>
        </extensions>
      </trkpt>
      <trkpt lat="39.89839746616780757904052734375" lon="116.31960888393223285675048828125">
        <ele>57</ele>
        <time>2026-09-27T00:24:40.000Z</time>
        <extensions>
          <ns3:TrackPointExtension>
            <ns3:atemp>27.0</ns3:atemp>
            <ns3:hr>100</ns3:hr>
            <ns3:cad>91</ns3:cad>
          </ns3:TrackPointExtension>
        </extensions>
      </trkpt>
      <trkpt lat="39.89839679561555385589599609375" lon="116.319580972194671630859375">
        <ele>57</ele>
        <time>2026-09-27T00:24:41.000Z</time>
        <extensions>
          <ns3:TrackPointExtension>
            <ns3:atemp>27.0</ns3:atemp>
            <ns3:hr>101</ns3:hr>
            <ns3:cad>91</ns3:cad>
          </ns3:TrackPointExtension>
        </extensions>
      </trkpt>
      <trkpt lat="39.89840098656713962554931640625" lon="116.319550462067127227783203125">
        <ele>57</ele>
        <time>2026-09-27T00:24:42.000Z</time>
        <extensions>
          <ns3:TrackPointExtension>
            <ns3:atemp>27.0</ns3:atemp>
            <ns3:hr>103</ns3:hr>
            <ns3:cad>91</ns3:cad>
          </ns3:TrackPointExtension>
        </extensions>
      </trkpt>
      <trkpt lat="39.8984020762145519256591796875" lon="116.31952322088181972503662109375">
        <ele>57.200000762939453125</ele>
        <time>2026-09-27T00:24:43.000Z</time>
        <extensions>
          <ns3:TrackPointExtension>
            <ns3:atemp>27.0</ns3:atemp>
            <ns3:hr>104</ns3:hr>
            <ns3:cad>91</ns3:cad>
          </ns3:TrackPointExtension>
        </extensions>
      </trkpt>
      <trkpt lat="39.89840299822390079498291015625" lon="116.31949740462005138397216796875">
        <ele>57.200000762939453125</ele>
        <time>2026-09-27T00:24:44.000Z</time>
        <extensions>
          <ns3:TrackPointExtension>
            <ns3:atemp>27.0</ns3:atemp>
            <ns3:hr>105</ns3:hr>
            <ns3:cad>91</ns3:cad>
          </ns3:TrackPointExtension>
        </extensions>
      </trkpt>
      <trkpt lat="39.89840559661388397216796875" lon="116.31947276182472705841064453125">
        <ele>57.200000762939453125</ele>
        <time>2026-09-27T00:24:45.000Z</time>
        <extensions>
          <ns3:TrackPointExtension>
            <ns3:atemp>27.0</ns3:atemp>
            <ns3:hr>106</ns3:hr>
            <ns3:cad>90</ns3:cad>
          </ns3:TrackPointExtension>
        </extensions>
      </trkpt>
      <trkpt lat="39.89840450696647167205810546875" lon="116.3194490410387516021728515625">
        <ele>57.200000762939453125</ele>
        <time>2026-09-27T00:24:46.000Z</time>
        <extensions>
          <ns3:TrackPointExtension>
            <ns3:atemp>27.0</ns3:atemp>
            <ns3:hr>107</ns3:hr>
            <ns3:cad>90</ns3:cad>
          </ns3:TrackPointExtension>
        </extensions>
      </trkpt>
      <trkpt lat="39.89840316586196422576904296875" lon="116.3194138370454311370849609375">
        <ele>57.200000762939453125</ele>
        <time>2026-09-27T00:24:47.000Z</time>
        <extensions>
          <ns3:TrackPointExtension>
            <ns3:atemp>27.0</ns3:atemp>
            <ns3:hr>109</ns3:hr>
            <ns3:cad>90</ns3:cad>
          </ns3:TrackPointExtension>
        </extensions>
      </trkpt>
      <trkpt lat="39.898404590785503387451171875" lon="116.3193769566714763641357421875">
        <ele>57.200000762939453125</ele>
        <time>2026-09-27T00:24:48.000Z</time>
        <extensions>
          <ns3:TrackPointExtension>
            <ns3:atemp>27.0</ns3:atemp>
            <ns3:hr>110</ns3:hr>
            <ns3:cad>90</ns3:cad>
          </ns3:TrackPointExtension>
        </extensions>
      </trkpt>
      <trkpt lat="39.8984091170132160186767578125" lon="116.3193400762975215911865234375">
        <ele>57.200000762939453125</ele>
        <time>2026-09-27T00:24:49.000Z</time>
        <extensions>
          <ns3:TrackPointExtension>
            <ns3:atemp>27.0</ns3:atemp>
            <ns3:hr>111</ns3:hr>
            <ns3:cad>90</ns3:cad>
          </ns3:TrackPointExtension>
        </extensions>
      </trkpt>
      <trkpt lat="39.89841339178383350372314453125" lon="116.319307051599025726318359375">
        <ele>57.200000762939453125</ele>
        <time>2026-09-27T00:24:50.000Z</time>
        <extensions>
          <ns3:TrackPointExtension>
            <ns3:atemp>27.0</ns3:atemp>
            <ns3:hr>112</ns3:hr>
            <ns3:cad>90</ns3:cad>
          </ns3:TrackPointExtension>
        </extensions>
      </trkpt>
      <trkpt lat="39.89841624163091182708740234375" lon="116.3192763738334178924560546875">
        <ele>57.200000762939453125</ele>
        <time>2026-09-27T00:24:51.000Z</time>
        <extensions>
          <ns3:TrackPointExtension>
            <ns3:atemp>27.0</ns3:atemp>
            <ns3:hr>113</ns3:hr>
            <ns3:cad>90</ns3:cad>
          </ns3:TrackPointExtension>
        </extensions>
      </trkpt>
      <trkpt lat="39.89841992966830730438232421875" lon="116.3192445226013660430908203125">
        <ele>57.200000762939453125</ele>
        <time>2026-09-27T00:24:52.000Z</time>
        <extensions>
          <ns3:TrackPointExtension>
            <ns3:atemp>27.0</ns3:atemp>
            <ns3:hr>113</ns3:hr>
            <ns3:cad>90</ns3:cad>
          </ns3:TrackPointExtension>
        </extensions>
      </trkpt>
      <trkpt lat="39.89842227660119533538818359375" lon="116.319215185940265655517578125">
        <ele>57.200000762939453125</ele>
        <time>2026-09-27T00:24:53.000Z</time>
        <extensions>
          <ns3:TrackPointExtension>
            <ns3:atemp>27.0</ns3:atemp>
            <ns3:hr>114</ns3:hr>
            <ns3:cad>89</ns3:cad>
          </ns3:TrackPointExtension>
        </extensions>
      </trkpt>
      <trkpt lat="39.8984191752970218658447265625" lon="116.3191831670701503753662109375">
        <ele>57.200000762939453125</ele>
        <time>2026-09-27T00:24:54.000Z</time>
        <extensions>
          <ns3:TrackPointExtension>
            <ns3:atemp>27.0</ns3:atemp>
            <ns3:hr>116</ns3:hr>
            <ns3:cad>89</ns3:cad>
          </ns3:TrackPointExtension>
        </extensions>
      </trkpt>
      <trkpt lat="39.89841138012707233428955078125" lon="116.31914067082107067108154296875">
        <ele>57.200000762939453125</ele>
        <time>2026-09-27T00:24:55.000Z</time>
        <extensions>
          <ns3:TrackPointExtension>
            <ns3:atemp>27.0</ns3:atemp>
            <ns3:hr>117</ns3:hr>
            <ns3:cad>89</ns3:cad>
          </ns3:TrackPointExtension>
        </extensions>
      </trkpt>
      <trkpt lat="39.89841230213642120361328125" lon="116.319105215370655059814453125">
        <ele>57.200000762939453125</ele>
        <time>2026-09-27T00:24:56.000Z</time>
        <extensions>
          <ns3:TrackPointExtension>
            <ns3:atemp>27.0</ns3:atemp>
            <ns3:hr>116</ns3:hr>
            <ns3:cad>89</ns3:cad>
          </ns3:TrackPointExtension>
        </extensions>
      </trkpt>
      <trkpt lat="39.8984144814312458038330078125" lon="116.3190700113773345947265625">
        <ele>57.40000152587890625</ele>
        <time>2026-09-27T00:24:57.000Z</time>
        <extensions>
          <ns3:TrackPointExtension>
            <ns3:atemp>27.0</ns3:atemp>
            <ns3:hr>117</ns3:hr>
            <ns3:cad>89</ns3:cad>
          </ns3:TrackPointExtension>
        </extensions>
      </trkpt>
      <trkpt lat="39.8984104581177234649658203125" lon="116.3190405070781707763671875">
        <ele>57.40000152587890625</ele>
        <time>2026-09-27T00:24:58.000Z</time>
        <extensions>
          <ns3:TrackPointExtension>
            <ns3:atemp>27.0</ns3:atemp>
            <ns3:hr>118</ns3:hr>
            <ns3:cad>88</ns3:cad>
          </ns3:TrackPointExtension>
        </extensions>
      </trkpt>
      <trkpt lat="39.8984050936996936798095703125" lon="116.31900404579937458038330078125">
        <ele>57.200000762939453125</ele>
        <time>2026-09-27T00:24:59.000Z</time>
        <extensions>
          <ns3:TrackPointExtension>
            <ns3:atemp>27.0</ns3:atemp>
            <ns3:hr>114</ns3:hr>
            <ns3:cad>88</ns3:cad>
          </ns3:TrackPointExtension>
        </extensions>
      </trkpt>
      <trkpt lat="39.89840559661388397216796875" lon="116.31897571496665477752685546875">
        <ele>57.200000762939453125</ele>
        <time>2026-09-27T00:25:00.000Z</time>
        <extensions>
          <ns3:TrackPointExtension>
            <ns3:atemp>27.0</ns3:atemp>
            <ns3:hr>119</ns3:hr>
            <ns3:cad>88</ns3:cad>
          </ns3:TrackPointExtension>
        </extensions>
      </trkpt>
      <trkpt lat="39.89840400405228137969970703125" lon="116.31894520483911037445068359375">
        <ele>57.200000762939453125</ele>
        <time>2026-09-27T00:25:01.000Z</time>
        <extensions>
          <ns3:TrackPointExtension>
            <ns3:atemp>27.0</ns3:atemp>
            <ns3:hr>119</ns3:hr>
            <ns3:cad>88</ns3:cad>
          </ns3:TrackPointExtension>
        </extensions>
      </trkpt>
      <trkpt lat="39.8984034173190593719482421875" lon="116.31891938857734203338623046875">
        <ele>57.200000762939453125</ele>
        <time>2026-09-27T00:25:02.000Z</time>
        <extensions>
          <ns3:TrackPointExtension>
            <ns3:atemp>27.0</ns3:atemp>
            <ns3:hr>120</ns3:hr>
            <ns3:cad>88</ns3:cad>
          </ns3:TrackPointExtension>
        </extensions>
      </trkpt>
      <trkpt lat="39.8984010703861713409423828125" lon="116.3188903033733367919921875">
        <ele>57.200000762939453125</ele>
        <time>2026-09-27T00:25:03.000Z</time>
        <extensions>
          <ns3:TrackPointExtension>
            <ns3:atemp>27.0</ns3:atemp>
            <ns3:hr>118</ns3:hr>
            <ns3:cad>88</ns3:cad>
          </ns3:TrackPointExtension>
        </extensions>
      </trkpt>
      <trkpt lat="39.89839595742523670196533203125" lon="116.31886188872158527374267578125">
        <ele>57.200000762939453125</ele>
        <time>2026-09-27T00:25:04.000Z</time>
        <extensions>
          <ns3:TrackPointExtension>
            <ns3:atemp>27.0</ns3:atemp>
            <ns3:hr>121</ns3:hr>
            <ns3:cad>88</ns3:cad>
          </ns3:TrackPointExtension>
        </extensions>
      </trkpt>
      <trkpt lat="39.898391179740428924560546875" lon="116.3188314624130725860595703125">
        <ele>57.200000762939453125</ele>
        <time>2026-09-27T00:25:05.000Z</time>
        <extensions>
          <ns3:TrackPointExtension>
            <ns3:atemp>27.0</ns3:atemp>
            <ns3:hr>121</ns3:hr>
            <ns3:cad>88</ns3:cad>
          </ns3:TrackPointExtension>
        </extensions>
      </trkpt>
      <trkpt lat="39.8983859829604625701904296875" lon="116.318790055811405181884765625">
        <ele>57.200000762939453125</ele>
        <time>2026-09-27T00:25:06.000Z</time>
        <extensions>
          <ns3:TrackPointExtension>
            <ns3:atemp>27.0</ns3:atemp>
            <ns3:hr>123</ns3:hr>
            <ns3:cad>87</ns3:cad>
          </ns3:TrackPointExtension>
        </extensions>
      </trkpt>
      <trkpt lat="39.8983846418559551239013671875" lon="116.3187667541205883026123046875">
        <ele>57.200000762939453125</ele>
        <time>2026-09-27T00:25:07.000Z</time>
        <extensions>
          <ns3:TrackPointExtension>
            <ns3:atemp>27.0</ns3:atemp>
            <ns3:hr>122</ns3:hr>
            <ns3:cad>87</ns3:cad>
          </ns3:TrackPointExtension>
        </extensions>
      </trkpt>
      <trkpt lat="39.8983916826546192169189453125" lon="116.318743117153644561767578125">
        <ele>57.200000762939453125</ele>
        <time>2026-09-27T00:25:08.000Z</time>
        <extensions>
          <ns3:TrackPointExtension>
            <ns3:atemp>27.0</ns3:atemp>
            <ns3:hr>123</ns3:hr>
            <ns3:cad>87</ns3:cad>
          </ns3:TrackPointExtension>
        </extensions>
      </trkpt>
      <trkpt lat="39.89839260466396808624267578125" lon="116.31871487013995647430419921875">
        <ele>57.200000762939453125</ele>
        <time>2026-09-27T00:25:09.000Z</time>
        <extensions>
          <ns3:TrackPointExtension>
            <ns3:atemp>27.0</ns3:atemp>
            <ns3:hr>123</ns3:hr>
            <ns3:cad>88</ns3:cad>
          </ns3:TrackPointExtension>
        </extensions>
      </trkpt>
      <trkpt lat="39.89839092828333377838134765625" lon="116.3186836056411266326904296875">
        <ele>57.200000762939453125</ele>
        <time>2026-09-27T00:25:10.000Z</time>
        <extensions>
          <ns3:TrackPointExtension>
            <ns3:atemp>27.0</ns3:atemp>
            <ns3:hr>123</ns3:hr>
            <ns3:cad>88</ns3:cad>
          </ns3:TrackPointExtension>
        </extensions>
      </trkpt>
      <trkpt lat="39.89839260466396808624267578125" lon="116.31865628063678741455078125">
        <ele>57.200000762939453125</ele>
        <time>2026-09-27T00:25:11.000Z</time>
        <extensions>
          <ns3:TrackPointExtension>
            <ns3:atemp>27.0</ns3:atemp>
            <ns3:hr>124</ns3:hr>
            <ns3:cad>88</ns3:cad>
          </ns3:TrackPointExtension>
        </extensions>
      </trkpt>
      <trkpt lat="39.8983963765203952789306640625" lon="116.3186336494982242584228515625">
        <ele>57.200000762939453125</ele>
        <time>2026-09-27T00:25:12.000Z</time>
        <extensions>
          <ns3:TrackPointExtension>
            <ns3:atemp>27.0</ns3:atemp>
            <ns3:hr>124</ns3:hr>
            <ns3:cad>88</ns3:cad>
          </ns3:TrackPointExtension>
        </extensions>
      </trkpt>
      <trkpt lat="39.89839578978717327117919921875" lon="116.31861026398837566375732421875">
        <ele>57</ele>
        <time>2026-09-27T00:25:13.000Z</time>
        <extensions>
          <ns3:TrackPointExtension>
            <ns3:atemp>27.0</ns3:atemp>
            <ns3:hr>124</ns3:hr>
            <ns3:cad>88</ns3:cad>
          </ns3:TrackPointExtension>
        </extensions>
      </trkpt>
      <trkpt lat="39.89839361049234867095947265625" lon="116.31857908330857753753662109375">
        <ele>57</ele>
        <time>2026-09-27T00:25:14.000Z</time>
        <extensions>
          <ns3:TrackPointExtension>
            <ns3:atemp>27.0</ns3:atemp>
            <ns3:hr>126</ns3:hr>
            <ns3:cad>88</ns3:cad>
          </ns3:TrackPointExtension>
        </extensions>
      </trkpt>
      <trkpt lat="39.898391850292682647705078125" lon="116.31855326704680919647216796875">
        <ele>57</ele>
        <time>2026-09-27T00:25:15.000Z</time>
        <extensions>
          <ns3:TrackPointExtension>
            <ns3:atemp>27.0</ns3:atemp>
            <ns3:hr>125</ns3:hr>
            <ns3:cad>89</ns3:cad>
          </ns3:TrackPointExtension>
        </extensions>
      </trkpt>
      <trkpt lat="39.89838816225528717041015625" lon="116.3185280375182628631591796875">
        <ele>57</ele>
        <time>2026-09-27T00:25:16.000Z</time>
        <extensions>
          <ns3:TrackPointExtension>
            <ns3:atemp>27.0</ns3:atemp>
            <ns3:hr>125</ns3:hr>
            <ns3:cad>89</ns3:cad>
          </ns3:TrackPointExtension>
        </extensions>
      </trkpt>
      <trkpt lat="39.89839176647365093231201171875" lon="116.31849878467619419097900390625">
        <ele>57</ele>
        <time>2026-09-27T00:25:17.000Z</time>
        <extensions>
          <ns3:TrackPointExtension>
            <ns3:atemp>27.0</ns3:atemp>
            <ns3:hr>126</ns3:hr>
            <ns3:cad>89</ns3:cad>
          </ns3:TrackPointExtension>
        </extensions>
      </trkpt>
      <trkpt lat="39.89839629270136356353759765625" lon="116.3184691965579986572265625">
        <ele>57</ele>
        <time>2026-09-27T00:25:18.000Z</time>
        <extensions>
          <ns3:TrackPointExtension>
            <ns3:atemp>27.0</ns3:atemp>
            <ns3:hr>128</ns3:hr>
            <ns3:cad>89</ns3:cad>
          </ns3:TrackPointExtension>
        </extensions>
      </trkpt>
      <trkpt lat="39.898405261337757110595703125" lon="116.31844078190624713897705078125">
        <ele>56.799999237060546875</ele>
        <time>2026-09-27T00:25:19.000Z</time>
        <extensions>
          <ns3:TrackPointExtension>
            <ns3:atemp>27.0</ns3:atemp>
            <ns3:hr>128</ns3:hr>
            <ns3:cad>88</ns3:cad>
          </ns3:TrackPointExtension>
        </extensions>
      </trkpt>
      <trkpt lat="39.89841054193675518035888671875" lon="116.318410523235797882080078125">
        <ele>56.799999237060546875</ele>
        <time>2026-09-27T00:25:20.000Z</time>
        <extensions>
          <ns3:TrackPointExtension>
            <ns3:atemp>27.0</ns3:atemp>
            <ns3:hr>127</ns3:hr>
            <ns3:cad>88</ns3:cad>
          </ns3:TrackPointExtension>
        </extensions>
      </trkpt>
      <trkpt lat="39.89841422997415065765380859375" lon="116.31837666034698486328125">
        <ele>56.799999237060546875</ele>
        <time>2026-09-27T00:25:21.000Z</time>
        <extensions>
          <ns3:TrackPointExtension>
            <ns3:atemp>27.0</ns3:atemp>
            <ns3:hr>127</ns3:hr>
            <ns3:cad>88</ns3:cad>
          </ns3:TrackPointExtension>
        </extensions>
      </trkpt>
      <trkpt lat="39.898414313793182373046875" lon="116.3183431327342987060546875">
        <ele>56.799999237060546875</ele>
        <time>2026-09-27T00:25:22.000Z</time>
        <extensions>
          <ns3:TrackPointExtension>
            <ns3:atemp>27.0</ns3:atemp>
            <ns3:hr>127</ns3:hr>
            <ns3:cad>88</ns3:cad>
          </ns3:TrackPointExtension>
        </extensions>
      </trkpt>
      <trkpt lat="39.89841163158416748046875" lon="116.31831161677837371826171875">
        <ele>56.799999237060546875</ele>
        <time>2026-09-27T00:25:23.000Z</time>
        <extensions>
          <ns3:TrackPointExtension>
            <ns3:atemp>27.0</ns3:atemp>
            <ns3:hr>127</ns3:hr>
            <ns3:cad>88</ns3:cad>
          </ns3:TrackPointExtension>
        </extensions>
      </trkpt>
      <trkpt lat="39.8984074406325817108154296875" lon="116.3182842917740345001220703125">
        <ele>56.799999237060546875</ele>
        <time>2026-09-27T00:25:24.000Z</time>
        <extensions>
          <ns3:TrackPointExtension>
            <ns3:atemp>27.0</ns3:atemp>
            <ns3:hr>127</ns3:hr>
            <ns3:cad>88</ns3:cad>
          </ns3:TrackPointExtension>
        </extensions>
      </trkpt>
      <trkpt lat="39.89840467460453510284423828125" lon="116.31825319491326808929443359375">
        <ele>56.799999237060546875</ele>
        <time>2026-09-27T00:25:25.000Z</time>
        <extensions>
          <ns3:TrackPointExtension>
            <ns3:atemp>27.0</ns3:atemp>
            <ns3:hr>127</ns3:hr>
            <ns3:cad>88</ns3:cad>
          </ns3:TrackPointExtension>
        </extensions>
      </trkpt>
      <trkpt lat="39.8984003998339176177978515625" lon="116.3182202540338039398193359375">
        <ele>56.59999847412109375</ele>
        <time>2026-09-27T00:25:26.000Z</time>
        <extensions>
          <ns3:TrackPointExtension>
            <ns3:atemp>27.0</ns3:atemp>
            <ns3:hr>127</ns3:hr>
            <ns3:cad>88</ns3:cad>
          </ns3:TrackPointExtension>
        </extensions>
      </trkpt>
      <trkpt lat="39.89839612506330013275146484375" lon="116.3181875646114349365234375">
        <ele>56.59999847412109375</ele>
        <time>2026-09-27T00:25:27.000Z</time>
        <extensions>
          <ns3:TrackPointExtension>
            <ns3:atemp>27.0</ns3:atemp>
            <ns3:hr>128</ns3:hr>
            <ns3:cad>88</ns3:cad>
          </ns3:TrackPointExtension>
        </extensions>
      </trkpt>
      <trkpt lat="39.89839076064527034759521484375" lon="116.3181500136852264404296875">
        <ele>56.59999847412109375</ele>
        <time>2026-09-27T00:25:28.000Z</time>
        <extensions>
          <ns3:TrackPointExtension>
            <ns3:atemp>27.0</ns3:atemp>
            <ns3:hr>127</ns3:hr>
            <ns3:cad>88</ns3:cad>
          </ns3:TrackPointExtension>
        </extensions>
      </trkpt>
      <trkpt lat="39.8983848094940185546875" lon="116.3181223534047603607177734375">
        <ele>56.59999847412109375</ele>
        <time>2026-09-27T00:25:29.000Z</time>
        <extensions>
          <ns3:TrackPointExtension>
            <ns3:atemp>27.0</ns3:atemp>
            <ns3:hr>128</ns3:hr>
            <ns3:cad>88</ns3:cad>
          </ns3:TrackPointExtension>
        </extensions>
      </trkpt>
      <trkpt lat="39.89837785251438617706298828125" lon="116.31807868368923664093017578125">
        <ele>56.59999847412109375</ele>
        <time>2026-09-27T00:25:30.000Z</time>
        <extensions>
          <ns3:TrackPointExtension>
            <ns3:atemp>27.0</ns3:atemp>
            <ns3:hr>127</ns3:hr>
            <ns3:cad>89</ns3:cad>
          </ns3:TrackPointExtension>
        </extensions>
      </trkpt>
      <trkpt lat="39.8983772657811641693115234375" lon="116.318049766123294830322265625">
        <ele>56.59999847412109375</ele>
        <time>2026-09-27T00:25:31.000Z</time>
        <extensions>
          <ns3:TrackPointExtension>
            <ns3:atemp>27.0</ns3:atemp>
            <ns3:hr>128</ns3:hr>
            <ns3:cad>89</ns3:cad>
          </ns3:TrackPointExtension>
        </extensions>
      </trkpt>
      <trkpt lat="39.89837609231472015380859375" lon="116.318017579615116119384765625">
        <ele>56.59999847412109375</ele>
        <time>2026-09-27T00:25:32.000Z</time>
        <extensions>
          <ns3:TrackPointExtension>
            <ns3:atemp>27.0</ns3:atemp>
            <ns3:hr>126</ns3:hr>
            <ns3:cad>88</ns3:cad>
          </ns3:TrackPointExtension>
        </extensions>
      </trkpt>
      <trkpt lat="39.8983702249825000762939453125" lon="116.317982710897922515869140625">
        <ele>56.59999847412109375</ele>
        <time>2026-09-27T00:25:33.000Z</time>
        <extensions>
          <ns3:TrackPointExtension>
            <ns3:atemp>27.0</ns3:atemp>
            <ns3:hr>126</ns3:hr>
            <ns3:cad>88</ns3:cad>
          </ns3:TrackPointExtension>
        </extensions>
      </trkpt>
      <trkpt lat="39.89836745895445346832275390625" lon="116.317945830523967742919921875">
        <ele>56.40000152587890625</ele>
        <time>2026-09-27T00:25:34.000Z</time>
        <extensions>
          <ns3:TrackPointExtension>
            <ns3:atemp>27.0</ns3:atemp>
            <ns3:hr>126</ns3:hr>
            <ns3:cad>88</ns3:cad>
          </ns3:TrackPointExtension>
        </extensions>
      </trkpt>
      <trkpt lat="39.8983648605644702911376953125" lon="116.31790735758841037750244140625">
        <ele>56.40000152587890625</ele>
        <time>2026-09-27T00:25:35.000Z</time>
        <extensions>
          <ns3:TrackPointExtension>
            <ns3:atemp>27.0</ns3:atemp>
            <ns3:hr>126</ns3:hr>
            <ns3:cad>88</ns3:cad>
          </ns3:TrackPointExtension>
        </extensions>
      </trkpt>
      <trkpt lat="39.8983615078032016754150390625" lon="116.31787114776670932769775390625">
        <ele>56.40000152587890625</ele>
        <time>2026-09-27T00:25:36.000Z</time>
        <extensions>
          <ns3:TrackPointExtension>
            <ns3:atemp>27.0</ns3:atemp>
            <ns3:hr>124</ns3:hr>
            <ns3:cad>88</ns3:cad>
          </ns3:TrackPointExtension>
        </extensions>
      </trkpt>
      <trkpt lat="39.898360669612884521484375" lon="116.31783795543015003204345703125">
        <ele>56.40000152587890625</ele>
        <time>2026-09-27T00:25:37.000Z</time>
        <extensions>
          <ns3:TrackPointExtension>
            <ns3:atemp>27.0</ns3:atemp>
            <ns3:hr>123</ns3:hr>
            <ns3:cad>89</ns3:cad>
          </ns3:TrackPointExtension>
        </extensions>
      </trkpt>
      <trkpt lat="39.8983615078032016754150390625" lon="116.31780467927455902099609375">
        <ele>56.40000152587890625</ele>
        <time>2026-09-27T00:25:38.000Z</time>
        <extensions>
          <ns3:TrackPointExtension>
            <ns3:atemp>27.0</ns3:atemp>
            <ns3:hr>123</ns3:hr>
            <ns3:cad>89</ns3:cad>
          </ns3:TrackPointExtension>
        </extensions>
      </trkpt>
      <trkpt lat="39.89836779423058032989501953125" lon="116.31777249276638031005859375">
        <ele>56.40000152587890625</ele>
        <time>2026-09-27T00:25:39.000Z</time>
        <extensions>
          <ns3:TrackPointExtension>
            <ns3:atemp>26.0</ns3:atemp>
            <ns3:hr>123</ns3:hr>
            <ns3:cad>89</ns3:cad>
          </ns3:TrackPointExtension>
        </extensions>
      </trkpt>
      <trkpt lat="39.89836511202156543731689453125" lon="116.31774223409593105316162109375">
        <ele>56.40000152587890625</ele>
        <time>2026-09-27T00:25:40.000Z</time>
        <extensions>
          <ns3:TrackPointExtension>
            <ns3:atemp>26.0</ns3:atemp>
            <ns3:hr>122</ns3:hr>
            <ns3:cad>89</ns3:cad>
          </ns3:TrackPointExtension>
        </extensions>
      </trkpt>
      <trkpt lat="39.89836402237415313720703125" lon="116.317711807787418365478515625">
        <ele>56.40000152587890625</ele>
        <time>2026-09-27T00:25:41.000Z</time>
        <extensions>
          <ns3:TrackPointExtension>
            <ns3:atemp>26.0</ns3:atemp>
            <ns3:hr>122</ns3:hr>
            <ns3:cad>88</ns3:cad>
          </ns3:TrackPointExtension>
        </extensions>
      </trkpt>
      <trkpt lat="39.89836796186864376068115234375" lon="116.3176807947456836700439453125">
        <ele>56.40000152587890625</ele>
        <time>2026-09-27T00:25:42.000Z</time>
        <extensions>
          <ns3:TrackPointExtension>
            <ns3:atemp>26.0</ns3:atemp>
            <ns3:hr>122</ns3:hr>
            <ns3:cad>88</ns3:cad>
          </ns3:TrackPointExtension>
        </extensions>
      </trkpt>
      <trkpt lat="39.89835999906063079833984375" lon="116.31764567457139492034912109375">
        <ele>56.40000152587890625</ele>
        <time>2026-09-27T00:25:43.000Z</time>
        <extensions>
          <ns3:TrackPointExtension>
            <ns3:atemp>26.0</ns3:atemp>
            <ns3:hr>122</ns3:hr>
            <ns3:cad>88</ns3:cad>
          </ns3:TrackPointExtension>
        </extensions>
      </trkpt>
      <trkpt lat="39.8983638547360897064208984375" lon="116.31761332042515277862548828125">
        <ele>56.200000762939453125</ele>
        <time>2026-09-27T00:25:44.000Z</time>
        <extensions>
          <ns3:TrackPointExtension>
            <ns3:atemp>26.0</ns3:atemp>
            <ns3:hr>122</ns3:hr>
            <ns3:cad>89</ns3:cad>
          </ns3:TrackPointExtension>
        </extensions>
      </trkpt>
      <trkpt lat="39.89837517030537128448486328125" lon="116.317587085068225860595703125">
        <ele>56.200000762939453125</ele>
        <time>2026-09-27T00:25:45.000Z</time>
        <extensions>
          <ns3:TrackPointExtension>
            <ns3:atemp>26.0</ns3:atemp>
            <ns3:hr>122</ns3:hr>
            <ns3:cad>89</ns3:cad>
          </ns3:TrackPointExtension>
        </extensions>
      </trkpt>
      <trkpt lat="39.89836427383124828338623046875" lon="116.3175279088318347930908203125">
        <ele>56.200000762939453125</ele>
        <time>2026-09-27T00:25:46.000Z</time>
        <extensions>
          <ns3:TrackPointExtension>
            <ns3:atemp>26.0</ns3:atemp>
            <ns3:hr>122</ns3:hr>
            <ns3:cad>89</ns3:cad>
          </ns3:TrackPointExtension>
        </extensions>
      </trkpt>
      <trkpt lat="39.89836058579385280609130859375" lon="116.31747116334736347198486328125">
        <ele>56.200000762939453125</ele>
        <time>2026-09-27T00:25:47.000Z</time>
        <extensions>
          <ns3:TrackPointExtension>
            <ns3:atemp>26.0</ns3:atemp>
            <ns3:hr>122</ns3:hr>
            <ns3:cad>89</ns3:cad>
          </ns3:TrackPointExtension>
        </extensions>
      </trkpt>
      <trkpt lat="39.89837164990603923797607421875" lon="116.31743696518242359161376953125">
        <ele>56.200000762939453125</ele>
        <time>2026-09-27T00:25:48.000Z</time>
        <extensions>
          <ns3:TrackPointExtension>
            <ns3:atemp>26.0</ns3:atemp>
            <ns3:hr>122</ns3:hr>
            <ns3:cad>88</ns3:cad>
          </ns3:TrackPointExtension>
        </extensions>
      </trkpt>
      <trkpt lat="39.898389168083667755126953125" lon="116.3174204528331756591796875">
        <ele>56</ele>
        <time>2026-09-27T00:25:49.000Z</time>
        <extensions>
          <ns3:TrackPointExtension>
            <ns3:atemp>26.0</ns3:atemp>
            <ns3:hr>122</ns3:hr>
            <ns3:cad>88</ns3:cad>
          </ns3:TrackPointExtension>
        </extensions>
      </trkpt>
      <trkpt lat="39.89840651862323284149169921875" lon="116.31742271594703197479248046875">
        <ele>56</ele>
        <time>2026-09-27T00:25:50.000Z</time>
        <extensions>
          <ns3:TrackPointExtension>
            <ns3:atemp>26.0</ns3:atemp>
            <ns3:hr>122</ns3:hr>
            <ns3:cad>88</ns3:cad>
          </ns3:TrackPointExtension>
        </extensions>
      </trkpt>
      <trkpt lat="39.89842437207698822021484375" lon="116.317418105900287628173828125">
        <ele>56</ele>
        <time>2026-09-27T00:25:51.000Z</time>
        <extensions>
          <ns3:TrackPointExtension>
            <ns3:atemp>26.0</ns3:atemp>
            <ns3:hr>122</ns3:hr>
            <ns3:cad>88</ns3:cad>
          </ns3:TrackPointExtension>
        </extensions>
      </trkpt>
      <trkpt lat="39.898443482816219329833984375" lon="116.31741081364452838897705078125">
        <ele>56</ele>
        <time>2026-09-27T00:25:52.000Z</time>
        <extensions>
          <ns3:TrackPointExtension>
            <ns3:atemp>26.0</ns3:atemp>
            <ns3:hr>122</ns3:hr>
            <ns3:cad>89</ns3:cad>
          </ns3:TrackPointExtension>
        </extensions>
      </trkpt>
      <trkpt lat="39.898466281592845916748046875" lon="116.31740561686456203460693359375">
        <ele>56</ele>
        <time>2026-09-27T00:25:53.000Z</time>
        <extensions>
          <ns3:TrackPointExtension>
            <ns3:atemp>26.0</ns3:atemp>
            <ns3:hr>122</ns3:hr>
            <ns3:cad>89</ns3:cad>
          </ns3:TrackPointExtension>
        </extensions>
      </trkpt>
      <trkpt lat="39.8984869010746479034423828125" lon="116.31740125827491283416748046875">
        <ele>56</ele>
        <time>2026-09-27T00:25:54.000Z</time>
        <extensions>
          <ns3:TrackPointExtension>
            <ns3:atemp>26.0</ns3:atemp>
            <ns3:hr>123</ns3:hr>
            <ns3:cad>89</ns3:cad>
          </ns3:TrackPointExtension>
        </extensions>
      </trkpt>
      <trkpt lat="39.89850542508065700531005859375" lon="116.31739790551364421844482421875">
        <ele>56</ele>
        <time>2026-09-27T00:25:55.000Z</time>
        <extensions>
          <ns3:TrackPointExtension>
            <ns3:atemp>26.0</ns3:atemp>
            <ns3:hr>123</ns3:hr>
            <ns3:cad>89</ns3:cad>
          </ns3:TrackPointExtension>
        </extensions>
      </trkpt>
      <trkpt lat="39.89852470345795154571533203125" lon="116.3173921220004558563232421875">
        <ele>56.200000762939453125</ele>
        <time>2026-09-27T00:25:56.000Z</time>
        <extensions>
          <ns3:TrackPointExtension>
            <ns3:atemp>26.0</ns3:atemp>
            <ns3:hr>124</ns3:hr>
            <ns3:cad>89</ns3:cad>
          </ns3:TrackPointExtension>
        </extensions>
      </trkpt>
      <trkpt lat="39.8985472507774829864501953125" lon="116.317389942705631256103515625">
        <ele>56.200000762939453125</ele>
        <time>2026-09-27T00:25:57.000Z</time>
        <extensions>
          <ns3:TrackPointExtension>
            <ns3:atemp>26.0</ns3:atemp>
            <ns3:hr>124</ns3:hr>
            <ns3:cad>89</ns3:cad>
          </ns3:TrackPointExtension>
        </extensions>
      </trkpt>
      <trkpt lat="39.89857097156345844268798828125" lon="116.317389272153377532958984375">
        <ele>56.200000762939453125</ele>
        <time>2026-09-27T00:25:58.000Z</time>
        <extensions>
          <ns3:TrackPointExtension>
            <ns3:atemp>26.0</ns3:atemp>
            <ns3:hr>124</ns3:hr>
            <ns3:cad>89</ns3:cad>
          </ns3:TrackPointExtension>
        </extensions>
      </trkpt>
      <trkpt lat="39.89859309978783130645751953125" lon="116.3173931278288364410400390625">
        <ele>56.200000762939453125</ele>
        <time>2026-09-27T00:25:59.000Z</time>
        <extensions>
          <ns3:TrackPointExtension>
            <ns3:atemp>26.0</ns3:atemp>
            <ns3:hr>125</ns3:hr>
            <ns3:cad>89</ns3:cad>
          </ns3:TrackPointExtension>
        </extensions>
      </trkpt>
      <trkpt lat="39.89861120469868183135986328125" lon="116.317392624914646148681640625">
        <ele>56.200000762939453125</ele>
        <time>2026-09-27T00:26:00.000Z</time>
        <extensions>
          <ns3:TrackPointExtension>
            <ns3:atemp>26.0</ns3:atemp>
            <ns3:hr>125</ns3:hr>
            <ns3:cad>89</ns3:cad>
          </ns3:TrackPointExtension>
        </extensions>
      </trkpt>
      <trkpt lat="39.89862830378115177154541015625" lon="116.317386589944362640380859375">
        <ele>56.200000762939453125</ele>
        <time>2026-09-27T00:26:01.000Z</time>
        <extensions>
          <ns3:TrackPointExtension>
            <ns3:atemp>26.0</ns3:atemp>
            <ns3:hr>125</ns3:hr>
            <ns3:cad>89</ns3:cad>
          </ns3:TrackPointExtension>
        </extensions>
      </trkpt>
      <trkpt lat="39.898645319044589996337890625" lon="116.3173797167837619781494140625">
        <ele>56.200000762939453125</ele>
        <time>2026-09-27T00:26:02.000Z</time>
        <extensions>
          <ns3:TrackPointExtension>
            <ns3:atemp>26.0</ns3:atemp>
            <ns3:hr>126</ns3:hr>
            <ns3:cad>89</ns3:cad>
          </ns3:TrackPointExtension>
        </extensions>
      </trkpt>
      <trkpt lat="39.89867138676345348358154296875" lon="116.31738633848726749420166015625">
        <ele>56.200000762939453125</ele>
        <time>2026-09-27T00:26:03.000Z</time>
        <extensions>
          <ns3:TrackPointExtension>
            <ns3:atemp>26.0</ns3:atemp>
            <ns3:hr>126</ns3:hr>
            <ns3:cad>89</ns3:cad>
          </ns3:TrackPointExtension>
        </extensions>
      </trkpt>
      <trkpt lat="39.89869904704391956329345703125" lon="116.3173921220004558563232421875">
        <ele>56.200000762939453125</ele>
        <time>2026-09-27T00:26:04.000Z</time>
        <extensions>
          <ns3:TrackPointExtension>
            <ns3:atemp>26.0</ns3:atemp>
            <ns3:hr>126</ns3:hr>
            <ns3:cad>88</ns3:cad>
          </ns3:TrackPointExtension>
        </extensions>
      </trkpt>
      <trkpt lat="39.89871111698448657989501953125" lon="116.3173949718475341796875">
        <ele>56.200000762939453125</ele>
        <time>2026-09-27T00:26:05.000Z</time>
        <extensions>
          <ns3:TrackPointExtension>
            <ns3:atemp>26.0</ns3:atemp>
            <ns3:hr>126</ns3:hr>
            <ns3:cad>88</ns3:cad>
          </ns3:TrackPointExtension>
        </extensions>
      </trkpt>
      <trkpt lat="39.898733161389827728271484375" lon="116.31740092299878597259521484375">
        <ele>56.200000762939453125</ele>
        <time>2026-09-27T00:26:06.000Z</time>
        <extensions>
          <ns3:TrackPointExtension>
            <ns3:atemp>26.0</ns3:atemp>
            <ns3:hr>127</ns3:hr>
            <ns3:cad>88</ns3:cad>
          </ns3:TrackPointExtension>
        </extensions>
      </trkpt>
      <trkpt lat="39.89877037703990936279296875" lon="116.31741282530128955841064453125">
        <ele>56.200000762939453125</ele>
        <time>2026-09-27T00:26:07.000Z</time>
        <extensions>
          <ns3:TrackPointExtension>
            <ns3:atemp>26.0</ns3:atemp>
            <ns3:hr>127</ns3:hr>
            <ns3:cad>88</ns3:cad>
          </ns3:TrackPointExtension>
        </extensions>
      </trkpt>
      <trkpt lat="39.89879979752004146575927734375" lon="116.31741181947290897369384765625">
        <ele>56.40000152587890625</ele>
        <time>2026-09-27T00:26:08.000Z</time>
        <extensions>
          <ns3:TrackPointExtension>
            <ns3:atemp>26.0</ns3:atemp>
            <ns3:hr>126</ns3:hr>
            <ns3:cad>87</ns3:cad>
          </ns3:TrackPointExtension>
        </extensions>
      </trkpt>
      <trkpt lat="39.898821003735065460205078125" lon="116.3174070417881011962890625">
        <ele>56.40000152587890625</ele>
        <time>2026-09-27T00:26:09.000Z</time>
        <extensions>
          <ns3:TrackPointExtension>
            <ns3:atemp>26.0</ns3:atemp>
            <ns3:hr>127</ns3:hr>
            <ns3:cad>87</ns3:cad>
          </ns3:TrackPointExtension>
        </extensions>
      </trkpt>
      <trkpt lat="39.89884472452104091644287109375" lon="116.31741131655871868133544921875">
        <ele>56.40000152587890625</ele>
        <time>2026-09-27T00:26:10.000Z</time>
        <extensions>
          <ns3:TrackPointExtension>
            <ns3:atemp>26.0</ns3:atemp>
            <ns3:hr>127</ns3:hr>
            <ns3:cad>88</ns3:cad>
          </ns3:TrackPointExtension>
        </extensions>
      </trkpt>
      <trkpt lat="39.89886718802154064178466796875" lon="116.31741114892065525054931640625">
        <ele>56.59999847412109375</ele>
        <time>2026-09-27T00:26:11.000Z</time>
        <extensions>
          <ns3:TrackPointExtension>
            <ns3:atemp>26.0</ns3:atemp>
            <ns3:hr>127</ns3:hr>
            <ns3:cad>88</ns3:cad>
          </ns3:TrackPointExtension>
        </extensions>
      </trkpt>
      <trkpt lat="39.898896776139736175537109375" lon="116.317412070930004119873046875">
        <ele>56.59999847412109375</ele>
        <time>2026-09-27T00:26:12.000Z</time>
        <extensions>
          <ns3:TrackPointExtension>
            <ns3:atemp>26.0</ns3:atemp>
            <ns3:hr>127</ns3:hr>
            <ns3:cad>88</ns3:cad>
          </ns3:TrackPointExtension>
        </extensions>
      </trkpt>
      <trkpt lat="39.89892586134374141693115234375" lon="116.31741215474903583526611328125">
        <ele>56.59999847412109375</ele>
        <time>2026-09-27T00:26:13.000Z</time>
        <extensions>
          <ns3:TrackPointExtension>
            <ns3:atemp>26.0</ns3:atemp>
            <ns3:hr>127</ns3:hr>
            <ns3:cad>87</ns3:cad>
          </ns3:TrackPointExtension>
        </extensions>
      </trkpt>
      <trkpt lat="39.8989492468535900115966796875" lon="116.31741416640579700469970703125">
        <ele>56.59999847412109375</ele>
        <time>2026-09-27T00:26:14.000Z</time>
        <extensions>
          <ns3:TrackPointExtension>
            <ns3:atemp>26.0</ns3:atemp>
            <ns3:hr>127</ns3:hr>
            <ns3:cad>87</ns3:cad>
          </ns3:TrackPointExtension>
        </extensions>
      </trkpt>
      <trkpt lat="39.89897598512470722198486328125" lon="116.3174243085086345672607421875">
        <ele>56.59999847412109375</ele>
        <time>2026-09-27T00:26:15.000Z</time>
        <extensions>
          <ns3:TrackPointExtension>
            <ns3:atemp>26.0</ns3:atemp>
            <ns3:hr>127</ns3:hr>
            <ns3:cad>87</ns3:cad>
          </ns3:TrackPointExtension>
        </extensions>
      </trkpt>
      <trkpt lat="39.8990022204816341400146484375" lon="116.31744258105754852294921875">
        <ele>56.59999847412109375</ele>
        <time>2026-09-27T00:26:16.000Z</time>
        <extensions>
          <ns3:TrackPointExtension>
            <ns3:atemp>26.0</ns3:atemp>
            <ns3:hr>127</ns3:hr>
            <ns3:cad>87</ns3:cad>
          </ns3:TrackPointExtension>
        </extensions>
      </trkpt>
      <trkpt lat="39.89902745001018047332763671875" lon="116.31745406426489353179931640625">
        <ele>56.799999237060546875</ele>
        <time>2026-09-27T00:26:17.000Z</time>
        <extensions>
          <ns3:TrackPointExtension>
            <ns3:atemp>26.0</ns3:atemp>
            <ns3:hr>128</ns3:hr>
            <ns3:cad>87</ns3:cad>
          </ns3:TrackPointExtension>
        </extensions>
      </trkpt>
      <trkpt lat="39.8990541882812976837158203125" lon="116.317467056214809417724609375">
        <ele>56.799999237060546875</ele>
        <time>2026-09-27T00:26:18.000Z</time>
        <extensions>
          <ns3:TrackPointExtension>
            <ns3:atemp>26.0</ns3:atemp>
            <ns3:hr>128</ns3:hr>
            <ns3:cad>86</ns3:cad>
          </ns3:TrackPointExtension>
        </extensions>
      </trkpt>
      <trkpt lat="39.89907623268663883209228515625" lon="116.31747267208993434906005859375">
        <ele>56.799999237060546875</ele>
        <time>2026-09-27T00:26:19.000Z</time>
        <extensions>
          <ns3:TrackPointExtension>
            <ns3:atemp>26.0</ns3:atemp>
            <ns3:hr>128</ns3:hr>
            <ns3:cad>86</ns3:cad>
          </ns3:TrackPointExtension>
        </extensions>
      </trkpt>
      <trkpt lat="39.899098612368106842041015625" lon="116.31748306564986705780029296875">
        <ele>56.799999237060546875</ele>
        <time>2026-09-27T00:26:20.000Z</time>
        <extensions>
          <ns3:TrackPointExtension>
            <ns3:atemp>26.0</ns3:atemp>
            <ns3:hr>127</ns3:hr>
            <ns3:cad>87</ns3:cad>
          </ns3:TrackPointExtension>
        </extensions>
      </trkpt>
      <trkpt lat="39.8991185612976551055908203125" lon="116.31748775951564311981201171875">
        <ele>56.799999237060546875</ele>
        <time>2026-09-27T00:26:21.000Z</time>
        <extensions>
          <ns3:TrackPointExtension>
            <ns3:atemp>26.0</ns3:atemp>
            <ns3:hr>127</ns3:hr>
            <ns3:cad>87</ns3:cad>
          </ns3:TrackPointExtension>
        </extensions>
      </trkpt>
      <trkpt lat="39.89913825877010822296142578125" lon="116.3174933753907680511474609375">
        <ele>56.799999237060546875</ele>
        <time>2026-09-27T00:26:22.000Z</time>
        <extensions>
          <ns3:TrackPointExtension>
            <ns3:atemp>26.0</ns3:atemp>
            <ns3:hr>127</ns3:hr>
            <ns3:cad>87</ns3:cad>
          </ns3:TrackPointExtension>
        </extensions>
      </trkpt>
      <trkpt lat="39.899158291518688201904296875" lon="116.317499913275241851806640625">
        <ele>56.799999237060546875</ele>
        <time>2026-09-27T00:26:23.000Z</time>
        <extensions>
          <ns3:TrackPointExtension>
            <ns3:atemp>26.0</ns3:atemp>
            <ns3:hr>127</ns3:hr>
            <ns3:cad>87</ns3:cad>
          </ns3:TrackPointExtension>
        </extensions>
      </trkpt>
      <trkpt lat="39.8991805873811244964599609375" lon="116.3175074569880962371826171875">
        <ele>56.799999237060546875</ele>
        <time>2026-09-27T00:26:24.000Z</time>
        <extensions>
          <ns3:TrackPointExtension>
            <ns3:atemp>26.0</ns3:atemp>
            <ns3:hr>127</ns3:hr>
            <ns3:cad>87</ns3:cad>
          </ns3:TrackPointExtension>
        </extensions>
      </trkpt>
      <trkpt lat="39.89920816384255886077880859375" lon="116.31751231849193572998046875">
        <ele>56.799999237060546875</ele>
        <time>2026-09-27T00:26:25.000Z</time>
        <extensions>
          <ns3:TrackPointExtension>
            <ns3:atemp>26.0</ns3:atemp>
            <ns3:hr>127</ns3:hr>
            <ns3:cad>87</ns3:cad>
          </ns3:TrackPointExtension>
        </extensions>
      </trkpt>
      <trkpt lat="39.89923129789531230926513671875" lon="116.31751407869160175323486328125">
        <ele>56.799999237060546875</ele>
        <time>2026-09-27T00:26:26.000Z</time>
        <extensions>
          <ns3:TrackPointExtension>
            <ns3:atemp>26.0</ns3:atemp>
            <ns3:hr>126</ns3:hr>
            <ns3:cad>87</ns3:cad>
          </ns3:TrackPointExtension>
        </extensions>
      </trkpt>
      <trkpt lat="39.8992530070245265960693359375" lon="116.3175155036151409149169921875">
        <ele>56.799999237060546875</ele>
        <time>2026-09-27T00:26:27.000Z</time>
        <extensions>
          <ns3:TrackPointExtension>
            <ns3:atemp>26.0</ns3:atemp>
            <ns3:hr>126</ns3:hr>
            <ns3:cad>87</ns3:cad>
          </ns3:TrackPointExtension>
        </extensions>
      </trkpt>
      <trkpt lat="39.89927371032536029815673828125" lon="116.31751357577741146087646484375">
        <ele>56.799999237060546875</ele>
        <time>2026-09-27T00:26:28.000Z</time>
        <extensions>
          <ns3:TrackPointExtension>
            <ns3:atemp>26.0</ns3:atemp>
            <ns3:hr>126</ns3:hr>
            <ns3:cad>87</ns3:cad>
          </ns3:TrackPointExtension>
        </extensions>
      </trkpt>
      <trkpt lat="39.8992925696074962615966796875" lon="116.3175118155777454376220703125">
        <ele>56.799999237060546875</ele>
        <time>2026-09-27T00:26:29.000Z</time>
        <extensions>
          <ns3:TrackPointExtension>
            <ns3:atemp>26.0</ns3:atemp>
            <ns3:hr>126</ns3:hr>
            <ns3:cad>87</ns3:cad>
          </ns3:TrackPointExtension>
        </extensions>
      </trkpt>
      <trkpt lat="39.89930874668061733245849609375" lon="116.31750988774001598358154296875">
        <ele>56.799999237060546875</ele>
        <time>2026-09-27T00:26:30.000Z</time>
        <extensions>
          <ns3:TrackPointExtension>
            <ns3:atemp>26.0</ns3:atemp>
            <ns3:hr>126</ns3:hr>
            <ns3:cad>87</ns3:cad>
          </ns3:TrackPointExtension>
        </extensions>
      </trkpt>
      <trkpt lat="39.89932735450565814971923828125" lon="116.317510642111301422119140625">
        <ele>56.799999237060546875</ele>
        <time>2026-09-27T00:26:31.000Z</time>
        <extensions>
          <ns3:TrackPointExtension>
            <ns3:atemp>26.0</ns3:atemp>
            <ns3:hr>125</ns3:hr>
            <ns3:cad>87</ns3:cad>
          </ns3:TrackPointExtension>
        </extensions>
      </trkpt>
      <trkpt lat="39.89934512414038181304931640625" lon="116.3175098039209842681884765625">
        <ele>56.799999237060546875</ele>
        <time>2026-09-27T00:26:32.000Z</time>
        <extensions>
          <ns3:TrackPointExtension>
            <ns3:atemp>26.0</ns3:atemp>
            <ns3:hr>125</ns3:hr>
            <ns3:cad>87</ns3:cad>
          </ns3:TrackPointExtension>
        </extensions>
      </trkpt>
      <trkpt lat="39.89936222322285175323486328125" lon="116.3175089657306671142578125">
        <ele>56.799999237060546875</ele>
        <time>2026-09-27T00:26:33.000Z</time>
        <extensions>
          <ns3:TrackPointExtension>
            <ns3:atemp>26.0</ns3:atemp>
            <ns3:hr>125</ns3:hr>
            <ns3:cad>87</ns3:cad>
          </ns3:TrackPointExtension>
        </extensions>
      </trkpt>
      <trkpt lat="39.8993797414004802703857421875" lon="116.3175084628164768218994140625">
        <ele>56.799999237060546875</ele>
        <time>2026-09-27T00:26:34.000Z</time>
        <extensions>
          <ns3:TrackPointExtension>
            <ns3:atemp>26.0</ns3:atemp>
            <ns3:hr>125</ns3:hr>
            <ns3:cad>87</ns3:cad>
          </ns3:TrackPointExtension>
        </extensions>
      </trkpt>
      <trkpt lat="39.89939625374972820281982421875" lon="116.31750988774001598358154296875">
        <ele>56.799999237060546875</ele>
        <time>2026-09-27T00:26:35.000Z</time>
        <extensions>
          <ns3:TrackPointExtension>
            <ns3:atemp>26.0</ns3:atemp>
            <ns3:hr>124</ns3:hr>
            <ns3:cad>87</ns3:cad>
          </ns3:TrackPointExtension>
        </extensions>
      </trkpt>
      <trkpt lat="39.89941586740314960479736328125" lon="116.3175185211002826690673828125">
        <ele>56.799999237060546875</ele>
        <time>2026-09-27T00:26:36.000Z</time>
        <extensions>
          <ns3:TrackPointExtension>
            <ns3:atemp>26.0</ns3:atemp>
            <ns3:hr>124</ns3:hr>
            <ns3:cad>87</ns3:cad>
          </ns3:TrackPointExtension>
        </extensions>
      </trkpt>
      <trkpt lat="39.89943556487560272216796875" lon="116.3175215385854244232177734375">
        <ele>56.799999237060546875</ele>
        <time>2026-09-27T00:26:37.000Z</time>
        <extensions>
          <ns3:TrackPointExtension>
            <ns3:atemp>26.0</ns3:atemp>
            <ns3:hr>124</ns3:hr>
            <ns3:cad>87</ns3:cad>
          </ns3:TrackPointExtension>
        </extensions>
      </trkpt>
      <trkpt lat="39.8994511552155017852783203125" lon="116.31751944310963153839111328125">
        <ele>56.799999237060546875</ele>
        <time>2026-09-27T00:26:38.000Z</time>
        <extensions>
          <ns3:TrackPointExtension>
            <ns3:atemp>26.0</ns3:atemp>
            <ns3:hr>124</ns3:hr>
            <ns3:cad>86</ns3:cad>
          </ns3:TrackPointExtension>
        </extensions>
      </trkpt>
      <trkpt lat="39.89946641027927398681640625" lon="116.31751575507223606109619140625">
        <ele>56.799999237060546875</ele>
        <time>2026-09-27T00:26:39.000Z</time>
        <extensions>
          <ns3:TrackPointExtension>
            <ns3:atemp>26.0</ns3:atemp>
            <ns3:hr>123</ns3:hr>
            <ns3:cad>86</ns3:cad>
          </ns3:TrackPointExtension>
        </extensions>
      </trkpt>
      <trkpt lat="39.899484179913997650146484375" lon="116.3175091333687305450439453125">
        <ele>57</ele>
        <time>2026-09-27T00:26:40.000Z</time>
        <extensions>
          <ns3:TrackPointExtension>
            <ns3:atemp>26.0</ns3:atemp>
            <ns3:hr>123</ns3:hr>
            <ns3:cad>86</ns3:cad>
          </ns3:TrackPointExtension>
        </extensions>
      </trkpt>
      <trkpt lat="39.8994980938732624053955078125" lon="116.317499577999114990234375">
        <ele>57</ele>
        <time>2026-09-27T00:26:41.000Z</time>
        <extensions>
          <ns3:TrackPointExtension>
            <ns3:atemp>26.0</ns3:atemp>
            <ns3:hr>123</ns3:hr>
            <ns3:cad>86</ns3:cad>
          </ns3:TrackPointExtension>
        </extensions>
      </trkpt>
      <trkpt lat="39.89950706250965595245361328125" lon="116.317493878304958343505859375">
        <ele>57</ele>
        <time>2026-09-27T00:26:42.000Z</time>
        <extensions>
          <ns3:TrackPointExtension>
            <ns3:atemp>26.0</ns3:atemp>
            <ns3:hr>123</ns3:hr>
            <ns3:cad>86</ns3:cad>
          </ns3:TrackPointExtension>
        </extensions>
      </trkpt>
      <trkpt lat="39.89950655959546566009521484375" lon="116.31749446503818035125732421875">
        <ele>57</ele>
        <time>2026-09-27T00:26:43.000Z</time>
        <extensions>
          <ns3:TrackPointExtension>
            <ns3:atemp>26.0</ns3:atemp>
            <ns3:hr>123</ns3:hr>
            <ns3:cad>86</ns3:cad>
          </ns3:TrackPointExtension>
        </extensions>
      </trkpt>
      <trkpt lat="39.8995064757764339447021484375" lon="116.317494548857212066650390625">
        <ele>57</ele>
        <time>2026-09-27T00:26:44.000Z</time>
        <extensions>
          <ns3:TrackPointExtension>
            <ns3:atemp>26.0</ns3:atemp>
            <ns3:hr>123</ns3:hr>
            <ns3:cad>87</ns3:cad>
          </ns3:TrackPointExtension>
        </extensions>
      </trkpt>
      <trkpt lat="39.89952701143920421600341796875" lon="116.31749647669494152069091796875">
        <ele>57</ele>
        <time>2026-09-27T00:26:45.000Z</time>
        <extensions>
          <ns3:TrackPointExtension>
            <ns3:atemp>26.0</ns3:atemp>
            <ns3:hr>123</ns3:hr>
            <ns3:cad>87</ns3:cad>
          </ns3:TrackPointExtension>
        </extensions>
      </trkpt>
      <trkpt lat="39.89955064840614795684814453125" lon="116.3174997456371784210205078125">
        <ele>57</ele>
        <time>2026-09-27T00:26:46.000Z</time>
        <extensions>
          <ns3:TrackPointExtension>
            <ns3:atemp>26.0</ns3:atemp>
            <ns3:hr>123</ns3:hr>
            <ns3:cad>87</ns3:cad>
          </ns3:TrackPointExtension>
        </extensions>
      </trkpt>
      <trkpt lat="39.89956556819379329681396484375" lon="116.3174967281520366668701171875">
        <ele>57</ele>
        <time>2026-09-27T00:26:47.000Z</time>
        <extensions>
          <ns3:TrackPointExtension>
            <ns3:atemp>26.0</ns3:atemp>
            <ns3:hr>123</ns3:hr>
            <ns3:cad>87</ns3:cad>
          </ns3:TrackPointExtension>
        </extensions>
      </trkpt>
      <trkpt lat="39.899590797722339630126953125" lon="116.3175007514655590057373046875">
        <ele>57</ele>
        <time>2026-09-27T00:26:48.000Z</time>
        <extensions>
          <ns3:TrackPointExtension>
            <ns3:atemp>26.0</ns3:atemp>
            <ns3:hr>122</ns3:hr>
            <ns3:cad>87</ns3:cad>
          </ns3:TrackPointExtension>
        </extensions>
      </trkpt>
      <trkpt lat="39.89962063729763031005859375" lon="116.31749563850462436676025390625">
        <ele>57</ele>
        <time>2026-09-27T00:26:49.000Z</time>
        <extensions>
          <ns3:TrackPointExtension>
            <ns3:atemp>26.0</ns3:atemp>
            <ns3:hr>122</ns3:hr>
            <ns3:cad>87</ns3:cad>
          </ns3:TrackPointExtension>
        </extensions>
      </trkpt>
      <trkpt lat="39.8996439389884471893310546875" lon="116.31749748252332210540771484375">
        <ele>57</ele>
        <time>2026-09-27T00:26:50.000Z</time>
        <extensions>
          <ns3:TrackPointExtension>
            <ns3:atemp>26.0</ns3:atemp>
            <ns3:hr>122</ns3:hr>
            <ns3:cad>87</ns3:cad>
          </ns3:TrackPointExtension>
        </extensions>
      </trkpt>
      <trkpt lat="39.89966279827058315277099609375" lon="116.3174973987042903900146484375">
        <ele>57</ele>
        <time>2026-09-27T00:26:51.000Z</time>
        <extensions>
          <ns3:TrackPointExtension>
            <ns3:atemp>26.0</ns3:atemp>
            <ns3:hr>122</ns3:hr>
            <ns3:cad>86</ns3:cad>
          </ns3:TrackPointExtension>
        </extensions>
      </trkpt>
      <trkpt lat="39.89968308247625827789306640625" lon="116.31749697960913181304931640625">
        <ele>57</ele>
        <time>2026-09-27T00:26:52.000Z</time>
        <extensions>
          <ns3:TrackPointExtension>
            <ns3:atemp>26.0</ns3:atemp>
            <ns3:hr>121</ns3:hr>
            <ns3:cad>86</ns3:cad>
          </ns3:TrackPointExtension>
        </extensions>
      </trkpt>
      <trkpt lat="39.89970244467258453369140625" lon="116.31749161519110202789306640625">
        <ele>57</ele>
        <time>2026-09-27T00:26:53.000Z</time>
        <extensions>
          <ns3:TrackPointExtension>
            <ns3:atemp>26.0</ns3:atemp>
            <ns3:hr>121</ns3:hr>
            <ns3:cad>86</ns3:cad>
          </ns3:TrackPointExtension>
        </extensions>
      </trkpt>
      <trkpt lat="39.89972515963017940521240234375" lon="116.31749278865754604339599609375">
        <ele>57</ele>
        <time>2026-09-27T00:26:54.000Z</time>
        <extensions>
          <ns3:TrackPointExtension>
            <ns3:atemp>26.0</ns3:atemp>
            <ns3:hr>121</ns3:hr>
            <ns3:cad>86</ns3:cad>
          </ns3:TrackPointExtension>
        </extensions>
      </trkpt>
      <trkpt lat="39.89974997006356716156005859375" lon="116.317493207752704620361328125">
        <ele>57</ele>
        <time>2026-09-27T00:26:55.000Z</time>
        <extensions>
          <ns3:TrackPointExtension>
            <ns3:atemp>26.0</ns3:atemp>
            <ns3:hr>121</ns3:hr>
            <ns3:cad>86</ns3:cad>
          </ns3:TrackPointExtension>
        </extensions>
      </trkpt>
      <trkpt lat="39.89977394230663776397705078125" lon="116.31749094463884830474853515625">
        <ele>57</ele>
        <time>2026-09-27T00:26:56.000Z</time>
        <extensions>
          <ns3:TrackPointExtension>
            <ns3:atemp>26.0</ns3:atemp>
            <ns3:hr>121</ns3:hr>
            <ns3:cad>86</ns3:cad>
          </ns3:TrackPointExtension>
        </extensions>
      </trkpt>
      <trkpt lat="39.8997969925403594970703125" lon="116.31748876534402370452880859375">
        <ele>57</ele>
        <time>2026-09-27T00:26:57.000Z</time>
        <extensions>
          <ns3:TrackPointExtension>
            <ns3:atemp>26.0</ns3:atemp>
            <ns3:hr>121</ns3:hr>
            <ns3:cad>86</ns3:cad>
          </ns3:TrackPointExtension>
        </extensions>
      </trkpt>
      <trkpt lat="39.89982104860246181488037109375" lon="116.317489854991436004638671875">
        <ele>57</ele>
        <time>2026-09-27T00:26:58.000Z</time>
        <extensions>
          <ns3:TrackPointExtension>
            <ns3:atemp>26.0</ns3:atemp>
            <ns3:hr>118</ns3:hr>
            <ns3:cad>86</ns3:cad>
          </ns3:TrackPointExtension>
        </extensions>
      </trkpt>
      <trkpt lat="39.8998434282839298248291015625" lon="116.31748910062015056610107421875">
        <ele>57</ele>
        <time>2026-09-27T00:26:59.000Z</time>
        <extensions>
          <ns3:TrackPointExtension>
            <ns3:atemp>26.0</ns3:atemp>
            <ns3:hr>121</ns3:hr>
            <ns3:cad>86</ns3:cad>
          </ns3:TrackPointExtension>
        </extensions>
      </trkpt>
      <trkpt lat="39.8998638801276683807373046875" lon="116.3174901902675628662109375">
        <ele>57</ele>
        <time>2026-09-27T00:27:00.000Z</time>
        <extensions>
          <ns3:TrackPointExtension>
            <ns3:atemp>26.0</ns3:atemp>
            <ns3:hr>122</ns3:hr>
            <ns3:cad>86</ns3:cad>
          </ns3:TrackPointExtension>
        </extensions>
      </trkpt>
      <trkpt lat="39.89988693036139011383056640625" lon="116.31749614141881465911865234375">
        <ele>57</ele>
        <time>2026-09-27T00:27:01.000Z</time>
        <extensions>
          <ns3:TrackPointExtension>
            <ns3:atemp>26.0</ns3:atemp>
            <ns3:hr>121</ns3:hr>
            <ns3:cad>87</ns3:cad>
          </ns3:TrackPointExtension>
        </extensions>
      </trkpt>
      <trkpt lat="39.8999138362705707550048828125" lon="116.31750502623617649078369140625">
        <ele>57</ele>
        <time>2026-09-27T00:27:02.000Z</time>
        <extensions>
          <ns3:TrackPointExtension>
            <ns3:atemp>26.0</ns3:atemp>
            <ns3:hr>121</ns3:hr>
            <ns3:cad>87</ns3:cad>
          </ns3:TrackPointExtension>
        </extensions>
      </trkpt>
      <trkpt lat="39.89993521012365818023681640625" lon="116.3175067864358425140380859375">
        <ele>57</ele>
        <time>2026-09-27T00:27:03.000Z</time>
        <extensions>
          <ns3:TrackPointExtension>
            <ns3:atemp>26.0</ns3:atemp>
            <ns3:hr>122</ns3:hr>
            <ns3:cad>87</ns3:cad>
          </ns3:TrackPointExtension>
        </extensions>
      </trkpt>
      <trkpt lat="39.89995348267257213592529296875" lon="116.31750904954969882965087890625">
        <ele>57.200000762939453125</ele>
        <time>2026-09-27T00:27:04.000Z</time>
        <extensions>
          <ns3:TrackPointExtension>
            <ns3:atemp>26.0</ns3:atemp>
            <ns3:hr>121</ns3:hr>
            <ns3:cad>86</ns3:cad>
          </ns3:TrackPointExtension>
        </extensions>
      </trkpt>
      <trkpt lat="39.899973683059215545654296875" lon="116.31751391105353832244873046875">
        <ele>57.200000762939453125</ele>
        <time>2026-09-27T00:27:05.000Z</time>
        <extensions>
          <ns3:TrackPointExtension>
            <ns3:atemp>26.0</ns3:atemp>
            <ns3:hr>121</ns3:hr>
            <ns3:cad>86</ns3:cad>
          </ns3:TrackPointExtension>
        </extensions>
      </trkpt>
      <trkpt lat="39.9000063724815845489501953125" lon="116.3175191916525363922119140625">
        <ele>57.200000762939453125</ele>
        <time>2026-09-27T00:27:06.000Z</time>
        <extensions>
          <ns3:TrackPointExtension>
            <ns3:atemp>26.0</ns3:atemp>
            <ns3:hr>121</ns3:hr>
            <ns3:cad>86</ns3:cad>
          </ns3:TrackPointExtension>
        </extensions>
      </trkpt>
      <trkpt lat="39.90002707578241825103759765625" lon="116.31751173175871372222900390625">
        <ele>57.200000762939453125</ele>
        <time>2026-09-27T00:27:07.000Z</time>
        <extensions>
          <ns3:TrackPointExtension>
            <ns3:atemp>26.0</ns3:atemp>
            <ns3:hr>121</ns3:hr>
            <ns3:cad>87</ns3:cad>
          </ns3:TrackPointExtension>
        </extensions>
      </trkpt>
      <trkpt lat="39.90005523897707462310791015625" lon="116.31750829517841339111328125">
        <ele>57.200000762939453125</ele>
        <time>2026-09-27T00:27:08.000Z</time>
        <extensions>
          <ns3:TrackPointExtension>
            <ns3:atemp>26.0</ns3:atemp>
            <ns3:hr>122</ns3:hr>
            <ns3:cad>87</ns3:cad>
          </ns3:TrackPointExtension>
        </extensions>
      </trkpt>
      <trkpt lat="39.90008658729493618011474609375" lon="116.31750770844519138336181640625">
        <ele>57.200000762939453125</ele>
        <time>2026-09-27T00:27:09.000Z</time>
        <extensions>
          <ns3:TrackPointExtension>
            <ns3:atemp>26.0</ns3:atemp>
            <ns3:hr>122</ns3:hr>
            <ns3:cad>87</ns3:cad>
          </ns3:TrackPointExtension>
        </extensions>
      </trkpt>
      <trkpt lat="39.9001176841557025909423828125" lon="116.31750963628292083740234375">
        <ele>57.200000762939453125</ele>
        <time>2026-09-27T00:27:10.000Z</time>
        <extensions>
          <ns3:TrackPointExtension>
            <ns3:atemp>26.0</ns3:atemp>
            <ns3:hr>122</ns3:hr>
            <ns3:cad>87</ns3:cad>
          </ns3:TrackPointExtension>
        </extensions>
      </trkpt>
      <trkpt lat="39.90014526061713695526123046875" lon="116.31750754080712795257568359375">
        <ele>57.200000762939453125</ele>
        <time>2026-09-27T00:27:11.000Z</time>
        <extensions>
          <ns3:TrackPointExtension>
            <ns3:atemp>26.0</ns3:atemp>
            <ns3:hr>121</ns3:hr>
            <ns3:cad>87</ns3:cad>
          </ns3:TrackPointExtension>
        </extensions>
      </trkpt>
      <trkpt lat="39.900169484317302703857421875" lon="116.31750787608325481414794921875">
        <ele>57.200000762939453125</ele>
        <time>2026-09-27T00:27:12.000Z</time>
        <extensions>
          <ns3:TrackPointExtension>
            <ns3:atemp>26.0</ns3:atemp>
            <ns3:hr>122</ns3:hr>
            <ns3:cad>87</ns3:cad>
          </ns3:TrackPointExtension>
        </extensions>
      </trkpt>
      <trkpt lat="39.900191612541675567626953125" lon="116.31750586442649364471435546875">
        <ele>57.200000762939453125</ele>
        <time>2026-09-27T00:27:13.000Z</time>
        <extensions>
          <ns3:TrackPointExtension>
            <ns3:atemp>26.0</ns3:atemp>
            <ns3:hr>122</ns3:hr>
            <ns3:cad>87</ns3:cad>
          </ns3:TrackPointExtension>
        </extensions>
      </trkpt>
      <trkpt lat="39.90021608769893646240234375" lon="116.31750762462615966796875">
        <ele>57.200000762939453125</ele>
        <time>2026-09-27T00:27:14.000Z</time>
        <extensions>
          <ns3:TrackPointExtension>
            <ns3:atemp>26.0</ns3:atemp>
            <ns3:hr>122</ns3:hr>
            <ns3:cad>87</ns3:cad>
          </ns3:TrackPointExtension>
        </extensions>
      </trkpt>
      <trkpt lat="39.9002447538077831268310546875" lon="116.3175111450254917144775390625">
        <ele>57.200000762939453125</ele>
        <time>2026-09-27T00:27:15.000Z</time>
        <extensions>
          <ns3:TrackPointExtension>
            <ns3:atemp>26.0</ns3:atemp>
            <ns3:hr>122</ns3:hr>
            <ns3:cad>87</ns3:cad>
          </ns3:TrackPointExtension>
        </extensions>
      </trkpt>
      <trkpt lat="39.90027098916471004486083984375" lon="116.31751022301614284515380859375">
        <ele>57.200000762939453125</ele>
        <time>2026-09-27T00:27:16.000Z</time>
        <extensions>
          <ns3:TrackPointExtension>
            <ns3:atemp>25.0</ns3:atemp>
            <ns3:hr>122</ns3:hr>
            <ns3:cad>87</ns3:cad>
          </ns3:TrackPointExtension>
        </extensions>
      </trkpt>
      <trkpt lat="39.90029697306454181671142578125" lon="116.317515671253204345703125">
        <ele>57.200000762939453125</ele>
        <time>2026-09-27T00:27:17.000Z</time>
        <extensions>
          <ns3:TrackPointExtension>
            <ns3:atemp>25.0</ns3:atemp>
            <ns3:hr>122</ns3:hr>
            <ns3:cad>87</ns3:cad>
          </ns3:TrackPointExtension>
        </extensions>
      </trkpt>
      <trkpt lat="39.9003218673169612884521484375" lon="116.31752095185220241546630859375">
        <ele>57.40000152587890625</ele>
        <time>2026-09-27T00:27:18.000Z</time>
        <extensions>
          <ns3:TrackPointExtension>
            <ns3:atemp>25.0</ns3:atemp>
            <ns3:hr>122</ns3:hr>
            <ns3:cad>86</ns3:cad>
          </ns3:TrackPointExtension>
        </extensions>
      </trkpt>
      <trkpt lat="39.90034659393131732940673828125" lon="116.317524053156375885009765625">
        <ele>57.200000762939453125</ele>
        <time>2026-09-27T00:27:19.000Z</time>
        <extensions>
          <ns3:TrackPointExtension>
            <ns3:atemp>25.0</ns3:atemp>
            <ns3:hr>122</ns3:hr>
            <ns3:cad>86</ns3:cad>
          </ns3:TrackPointExtension>
        </extensions>
      </trkpt>
      <trkpt lat="39.90037031471729278564453125" lon="116.317523382604122161865234375">
        <ele>57.200000762939453125</ele>
        <time>2026-09-27T00:27:20.000Z</time>
        <extensions>
          <ns3:TrackPointExtension>
            <ns3:atemp>25.0</ns3:atemp>
            <ns3:hr>122</ns3:hr>
            <ns3:cad>86</ns3:cad>
          </ns3:TrackPointExtension>
        </extensions>
      </trkpt>
      <trkpt lat="39.900389425456523895263671875" lon="116.3175168447196483612060546875">
        <ele>57.200000762939453125</ele>
        <time>2026-09-27T00:27:21.000Z</time>
        <extensions>
          <ns3:TrackPointExtension>
            <ns3:atemp>25.0</ns3:atemp>
            <ns3:hr>122</ns3:hr>
            <ns3:cad>87</ns3:cad>
          </ns3:TrackPointExtension>
        </extensions>
      </trkpt>
      <trkpt lat="39.90041264332830905914306640625" lon="116.3175121508538722991943359375">
        <ele>57.200000762939453125</ele>
        <time>2026-09-27T00:27:22.000Z</time>
        <extensions>
          <ns3:TrackPointExtension>
            <ns3:atemp>25.0</ns3:atemp>
            <ns3:hr>121</ns3:hr>
            <ns3:cad>87</ns3:cad>
          </ns3:TrackPointExtension>
        </extensions>
      </trkpt>
      <trkpt lat="39.9004335142672061920166015625" lon="116.3175084628164768218994140625">
        <ele>57.200000762939453125</ele>
        <time>2026-09-27T00:27:23.000Z</time>
        <extensions>
          <ns3:TrackPointExtension>
            <ns3:atemp>25.0</ns3:atemp>
            <ns3:hr>121</ns3:hr>
            <ns3:cad>86</ns3:cad>
          </ns3:TrackPointExtension>
        </extensions>
      </trkpt>
      <trkpt lat="39.90045522339642047882080078125" lon="116.31749697960913181304931640625">
        <ele>57.200000762939453125</ele>
        <time>2026-09-27T00:27:24.000Z</time>
        <extensions>
          <ns3:TrackPointExtension>
            <ns3:atemp>25.0</ns3:atemp>
            <ns3:hr>118</ns3:hr>
            <ns3:cad>86</ns3:cad>
          </ns3:TrackPointExtension>
        </extensions>
      </trkpt>
      <trkpt lat="39.9004724062979221343994140625" lon="116.317485831677913665771484375">
        <ele>57.200000762939453125</ele>
        <time>2026-09-27T00:27:25.000Z</time>
        <extensions>
          <ns3:TrackPointExtension>
            <ns3:atemp>25.0</ns3:atemp>
            <ns3:hr>121</ns3:hr>
            <ns3:cad>87</ns3:cad>
          </ns3:TrackPointExtension>
        </extensions>
      </trkpt>
      <trkpt lat="39.90049143321812152862548828125" lon="116.3174769468605518341064453125">
        <ele>57.200000762939453125</ele>
        <time>2026-09-27T00:27:26.000Z</time>
        <extensions>
          <ns3:TrackPointExtension>
            <ns3:atemp>25.0</ns3:atemp>
            <ns3:hr>121</ns3:hr>
            <ns3:cad>87</ns3:cad>
          </ns3:TrackPointExtension>
        </extensions>
      </trkpt>
      <trkpt lat="39.90051322616636753082275390625" lon="116.3174682296812534332275390625">
        <ele>57.200000762939453125</ele>
        <time>2026-09-27T00:27:27.000Z</time>
        <extensions>
          <ns3:TrackPointExtension>
            <ns3:atemp>25.0</ns3:atemp>
            <ns3:hr>121</ns3:hr>
            <ns3:cad>86</ns3:cad>
          </ns3:TrackPointExtension>
        </extensions>
      </trkpt>
      <trkpt lat="39.9005292356014251708984375" lon="116.317447610199451446533203125">
        <ele>57.200000762939453125</ele>
        <time>2026-09-27T00:27:28.000Z</time>
        <extensions>
          <ns3:TrackPointExtension>
            <ns3:atemp>25.0</ns3:atemp>
            <ns3:hr>120</ns3:hr>
            <ns3:cad>86</ns3:cad>
          </ns3:TrackPointExtension>
        </extensions>
      </trkpt>
      <trkpt lat="39.90054893307387828826904296875" lon="116.31743931211531162261962890625">
        <ele>57.200000762939453125</ele>
        <time>2026-09-27T00:27:29.000Z</time>
        <extensions>
          <ns3:TrackPointExtension>
            <ns3:atemp>25.0</ns3:atemp>
            <ns3:hr>119</ns3:hr>
            <ns3:cad>87</ns3:cad>
          </ns3:TrackPointExtension>
        </extensions>
      </trkpt>
      <trkpt lat="39.90056184120476245880126953125" lon="116.3174437545239925384521484375">
        <ele>57.200000762939453125</ele>
        <time>2026-09-27T00:27:30.000Z</time>
        <extensions>
          <ns3:TrackPointExtension>
            <ns3:atemp>25.0</ns3:atemp>
            <ns3:hr>119</ns3:hr>
            <ns3:cad>87</ns3:cad>
          </ns3:TrackPointExtension>
        </extensions>
      </trkpt>
      <trkpt lat="39.90057223476469516754150390625" lon="116.31744367070496082305908203125">
        <ele>57.200000762939453125</ele>
        <time>2026-09-27T00:27:31.000Z</time>
        <extensions>
          <ns3:TrackPointExtension>
            <ns3:atemp>25.0</ns3:atemp>
            <ns3:hr>119</ns3:hr>
            <ns3:cad>86</ns3:cad>
          </ns3:TrackPointExtension>
        </extensions>
      </trkpt>
      <trkpt lat="39.90059159696102142333984375" lon="116.3174440898001194000244140625">
        <ele>57.200000762939453125</ele>
        <time>2026-09-27T00:27:32.000Z</time>
        <extensions>
          <ns3:TrackPointExtension>
            <ns3:atemp>25.0</ns3:atemp>
            <ns3:hr>119</ns3:hr>
            <ns3:cad>86</ns3:cad>
          </ns3:TrackPointExtension>
        </extensions>
      </trkpt>
      <trkpt lat="39.90061297081410884857177734375" lon="116.31744132377207279205322265625">
        <ele>57.200000762939453125</ele>
        <time>2026-09-27T00:27:33.000Z</time>
        <extensions>
          <ns3:TrackPointExtension>
            <ns3:atemp>25.0</ns3:atemp>
            <ns3:hr>119</ns3:hr>
            <ns3:cad>87</ns3:cad>
          </ns3:TrackPointExtension>
        </extensions>
      </trkpt>
      <trkpt lat="39.90063325501978397369384765625" lon="116.31744123995304107666015625">
        <ele>57.200000762939453125</ele>
        <time>2026-09-27T00:27:34.000Z</time>
        <extensions>
          <ns3:TrackPointExtension>
            <ns3:atemp>25.0</ns3:atemp>
            <ns3:hr>118</ns3:hr>
            <ns3:cad>87</ns3:cad>
          </ns3:TrackPointExtension>
        </extensions>
      </trkpt>
      <trkpt lat="39.90065773017704486846923828125" lon="116.317445933818817138671875">
        <ele>57.200000762939453125</ele>
        <time>2026-09-27T00:27:35.000Z</time>
        <extensions>
          <ns3:TrackPointExtension>
            <ns3:atemp>25.0</ns3:atemp>
            <ns3:hr>117</ns3:hr>
            <ns3:cad>87</ns3:cad>
          </ns3:TrackPointExtension>
        </extensions>
      </trkpt>
      <trkpt lat="39.90068471990525722503662109375" lon="116.3174481131136417388916015625">
        <ele>57.200000762939453125</ele>
        <time>2026-09-27T00:27:36.000Z</time>
        <extensions>
          <ns3:TrackPointExtension>
            <ns3:atemp>25.0</ns3:atemp>
            <ns3:hr>117</ns3:hr>
            <ns3:cad>86</ns3:cad>
          </ns3:TrackPointExtension>
        </extensions>
      </trkpt>
      <trkpt lat="39.90070399828255176544189453125" lon="116.31745490245521068572998046875">
        <ele>57.200000762939453125</ele>
        <time>2026-09-27T00:27:37.000Z</time>
        <extensions>
          <ns3:TrackPointExtension>
            <ns3:atemp>25.0</ns3:atemp>
            <ns3:hr>117</ns3:hr>
            <ns3:cad>86</ns3:cad>
          </ns3:TrackPointExtension>
        </extensions>
      </trkpt>
      <trkpt lat="39.9007223546504974365234375" lon="116.3174601830542087554931640625">
        <ele>57.200000762939453125</ele>
        <time>2026-09-27T00:27:38.000Z</time>
        <extensions>
          <ns3:TrackPointExtension>
            <ns3:atemp>25.0</ns3:atemp>
            <ns3:hr>117</ns3:hr>
            <ns3:cad>87</ns3:cad>
          </ns3:TrackPointExtension>
        </extensions>
      </trkpt>
      <trkpt lat="39.9007483385503292083740234375" lon="116.31747351028025150299072265625">
        <ele>57.200000762939453125</ele>
        <time>2026-09-27T00:27:39.000Z</time>
        <extensions>
          <ns3:TrackPointExtension>
            <ns3:atemp>25.0</ns3:atemp>
            <ns3:hr>117</ns3:hr>
            <ns3:cad>87</ns3:cad>
          </ns3:TrackPointExtension>
        </extensions>
      </trkpt>
      <trkpt lat="39.90076401270925998687744140625" lon="116.31747133098542690277099609375">
        <ele>57</ele>
        <time>2026-09-27T00:27:40.000Z</time>
        <extensions>
          <ns3:TrackPointExtension>
            <ns3:atemp>25.0</ns3:atemp>
            <ns3:hr>117</ns3:hr>
            <ns3:cad>87</ns3:cad>
          </ns3:TrackPointExtension>
        </extensions>
      </trkpt>
      <trkpt lat="39.90077641792595386505126953125" lon="116.31747334264218807220458984375">
        <ele>57</ele>
        <time>2026-09-27T00:27:41.000Z</time>
        <extensions>
          <ns3:TrackPointExtension>
            <ns3:atemp>25.0</ns3:atemp>
            <ns3:hr>117</ns3:hr>
            <ns3:cad>87</ns3:cad>
          </ns3:TrackPointExtension>
        </extensions>
      </trkpt>
      <trkpt lat="39.90079150535166263580322265625" lon="116.31747434847056865692138671875">
        <ele>57</ele>
        <time>2026-09-27T00:27:42.000Z</time>
        <extensions>
          <ns3:TrackPointExtension>
            <ns3:atemp>25.0</ns3:atemp>
            <ns3:hr>117</ns3:hr>
            <ns3:cad>86</ns3:cad>
          </ns3:TrackPointExtension>
        </extensions>
      </trkpt>
      <trkpt lat="39.90081396885216236114501953125" lon="116.31747585721313953399658203125">
        <ele>57</ele>
        <time>2026-09-27T00:27:43.000Z</time>
        <extensions>
          <ns3:TrackPointExtension>
            <ns3:atemp>25.0</ns3:atemp>
            <ns3:hr>117</ns3:hr>
            <ns3:cad>86</ns3:cad>
          </ns3:TrackPointExtension>
        </extensions>
      </trkpt>
      <trkpt lat="39.900837354362010955810546875" lon="116.31748004816472530364990234375">
        <ele>57</ele>
        <time>2026-09-27T00:27:44.000Z</time>
        <extensions>
          <ns3:TrackPointExtension>
            <ns3:atemp>25.0</ns3:atemp>
            <ns3:hr>117</ns3:hr>
            <ns3:cad>87</ns3:cad>
          </ns3:TrackPointExtension>
        </extensions>
      </trkpt>
      <trkpt lat="39.90085847675800323486328125" lon="116.317480467259883880615234375">
        <ele>57</ele>
        <time>2026-09-27T00:27:45.000Z</time>
        <extensions>
          <ns3:TrackPointExtension>
            <ns3:atemp>25.0</ns3:atemp>
            <ns3:hr>117</ns3:hr>
            <ns3:cad>87</ns3:cad>
          </ns3:TrackPointExtension>
        </extensions>
      </trkpt>
      <trkpt lat="39.900878258049488067626953125" lon="116.31747744977474212646484375">
        <ele>57</ele>
        <time>2026-09-27T00:27:46.000Z</time>
        <extensions>
          <ns3:TrackPointExtension>
            <ns3:atemp>25.0</ns3:atemp>
            <ns3:hr>117</ns3:hr>
            <ns3:cad>88</ns3:cad>
          </ns3:TrackPointExtension>
        </extensions>
      </trkpt>
      <trkpt lat="39.9008931778371334075927734375" lon="116.3174705766141414642333984375">
        <ele>57</ele>
        <time>2026-09-27T00:27:47.000Z</time>
        <extensions>
          <ns3:TrackPointExtension>
            <ns3:atemp>25.0</ns3:atemp>
            <ns3:hr>117</ns3:hr>
            <ns3:cad>88</ns3:cad>
          </ns3:TrackPointExtension>
        </extensions>
      </trkpt>
      <trkpt lat="39.90091086365282535552978515625" lon="116.31746781058609485626220703125">
        <ele>57</ele>
        <time>2026-09-27T00:27:48.000Z</time>
        <extensions>
          <ns3:TrackPointExtension>
            <ns3:atemp>25.0</ns3:atemp>
            <ns3:hr>117</ns3:hr>
            <ns3:cad>88</ns3:cad>
          </ns3:TrackPointExtension>
        </extensions>
      </trkpt>
      <trkpt lat="39.90092645399272441864013671875" lon="116.317462027072906494140625">
        <ele>57</ele>
        <time>2026-09-27T00:27:49.000Z</time>
        <extensions>
          <ns3:TrackPointExtension>
            <ns3:atemp>25.0</ns3:atemp>
            <ns3:hr>118</ns3:hr>
            <ns3:cad>88</ns3:cad>
          </ns3:TrackPointExtension>
        </extensions>
      </trkpt>
      <trkpt lat="39.900947324931621551513671875" lon="116.317457668483257293701171875">
        <ele>57</ele>
        <time>2026-09-27T00:27:50.000Z</time>
        <extensions>
          <ns3:TrackPointExtension>
            <ns3:atemp>25.0</ns3:atemp>
            <ns3:hr>118</ns3:hr>
            <ns3:cad>88</ns3:cad>
          </ns3:TrackPointExtension>
        </extensions>
      </trkpt>
      <trkpt lat="39.90097112953662872314453125" lon="116.31746211089193820953369140625">
        <ele>56.799999237060546875</ele>
        <time>2026-09-27T00:27:51.000Z</time>
        <extensions>
          <ns3:TrackPointExtension>
            <ns3:atemp>25.0</ns3:atemp>
            <ns3:hr>119</ns3:hr>
            <ns3:cad>88</ns3:cad>
          </ns3:TrackPointExtension>
        </extensions>
      </trkpt>
      <trkpt lat="39.90099585615098476409912109375" lon="116.317464374005794525146484375">
        <ele>56.799999237060546875</ele>
        <time>2026-09-27T00:27:52.000Z</time>
        <extensions>
          <ns3:TrackPointExtension>
            <ns3:atemp>25.0</ns3:atemp>
            <ns3:hr>119</ns3:hr>
            <ns3:cad>88</ns3:cad>
          </ns3:TrackPointExtension>
        </extensions>
      </trkpt>
      <trkpt lat="39.90102468989789485931396484375" lon="116.31746931932866573333740234375">
        <ele>56.799999237060546875</ele>
        <time>2026-09-27T00:27:53.000Z</time>
        <extensions>
          <ns3:TrackPointExtension>
            <ns3:atemp>25.0</ns3:atemp>
            <ns3:hr>120</ns3:hr>
            <ns3:cad>88</ns3:cad>
          </ns3:TrackPointExtension>
        </extensions>
      </trkpt>
      <trkpt lat="39.90104966796934604644775390625" lon="116.3174767792224884033203125">
        <ele>56.799999237060546875</ele>
        <time>2026-09-27T00:27:54.000Z</time>
        <extensions>
          <ns3:TrackPointExtension>
            <ns3:atemp>25.0</ns3:atemp>
            <ns3:hr>120</ns3:hr>
            <ns3:cad>88</ns3:cad>
          </ns3:TrackPointExtension>
        </extensions>
      </trkpt>
      <trkpt lat="39.90107364021241664886474609375" lon="116.31748960353434085845947265625">
        <ele>56.799999237060546875</ele>
        <time>2026-09-27T00:27:55.000Z</time>
        <extensions>
          <ns3:TrackPointExtension>
            <ns3:atemp>25.0</ns3:atemp>
            <ns3:hr>120</ns3:hr>
            <ns3:cad>88</ns3:cad>
          </ns3:TrackPointExtension>
        </extensions>
      </trkpt>
      <trkpt lat="39.90109526552259922027587890625" lon="116.3175004161894321441650390625">
        <ele>56.799999237060546875</ele>
        <time>2026-09-27T00:27:56.000Z</time>
        <extensions>
          <ns3:TrackPointExtension>
            <ns3:atemp>25.0</ns3:atemp>
            <ns3:hr>120</ns3:hr>
            <ns3:cad>87</ns3:cad>
          </ns3:TrackPointExtension>
        </extensions>
      </trkpt>
      <trkpt lat="39.9011139571666717529296875" lon="116.317501924932003021240234375">
        <ele>56.59999847412109375</ele>
        <time>2026-09-27T00:27:57.000Z</time>
        <extensions>
          <ns3:TrackPointExtension>
            <ns3:atemp>25.0</ns3:atemp>
            <ns3:hr>120</ns3:hr>
            <ns3:cad>87</ns3:cad>
          </ns3:TrackPointExtension>
        </extensions>
      </trkpt>
      <trkpt lat="39.90113801322877407073974609375" lon="116.317503936588764190673828125">
        <ele>56.59999847412109375</ele>
        <time>2026-09-27T00:27:58.000Z</time>
        <extensions>
          <ns3:TrackPointExtension>
            <ns3:atemp>25.0</ns3:atemp>
            <ns3:hr>120</ns3:hr>
            <ns3:cad>87</ns3:cad>
          </ns3:TrackPointExtension>
        </extensions>
      </trkpt>
      <trkpt lat="39.9011650867760181427001953125" lon="116.317508630454540252685546875">
        <ele>56.799999237060546875</ele>
        <time>2026-09-27T00:27:59.000Z</time>
        <extensions>
          <ns3:TrackPointExtension>
            <ns3:atemp>25.0</ns3:atemp>
            <ns3:hr>120</ns3:hr>
            <ns3:cad>87</ns3:cad>
          </ns3:TrackPointExtension>
        </extensions>
      </trkpt>
      <trkpt lat="39.9011972732841968536376953125" lon="116.31752170622348785400390625">
        <ele>56.59999847412109375</ele>
        <time>2026-09-27T00:28:00.000Z</time>
        <extensions>
          <ns3:TrackPointExtension>
            <ns3:atemp>25.0</ns3:atemp>
            <ns3:hr>121</ns3:hr>
            <ns3:cad>87</ns3:cad>
          </ns3:TrackPointExtension>
        </extensions>
      </trkpt>
      <trkpt lat="39.9012110196053981781005859375" lon="116.3175473548471927642822265625">
        <ele>56.59999847412109375</ele>
        <time>2026-09-27T00:28:01.000Z</time>
        <extensions>
          <ns3:TrackPointExtension>
            <ns3:atemp>25.0</ns3:atemp>
            <ns3:hr>122</ns3:hr>
            <ns3:cad>86</ns3:cad>
          </ns3:TrackPointExtension>
        </extensions>
      </trkpt>
      <trkpt lat="39.9012251012027263641357421875" lon="116.31757677532732486724853515625">
        <ele>56.59999847412109375</ele>
        <time>2026-09-27T00:28:02.000Z</time>
        <extensions>
          <ns3:TrackPointExtension>
            <ns3:atemp>25.0</ns3:atemp>
            <ns3:hr>122</ns3:hr>
            <ns3:cad>86</ns3:cad>
          </ns3:TrackPointExtension>
        </extensions>
      </trkpt>
      <trkpt lat="39.90123641677200794219970703125" lon="116.31760619580745697021484375">
        <ele>56.59999847412109375</ele>
        <time>2026-09-27T00:28:03.000Z</time>
        <extensions>
          <ns3:TrackPointExtension>
            <ns3:atemp>25.0</ns3:atemp>
            <ns3:hr>122</ns3:hr>
            <ns3:cad>86</ns3:cad>
          </ns3:TrackPointExtension>
        </extensions>
      </trkpt>
      <trkpt lat="39.90122769959270954132080078125" lon="116.31763595156371593475341796875">
        <ele>56.40000152587890625</ele>
        <time>2026-09-27T00:28:04.000Z</time>
        <extensions>
          <ns3:TrackPointExtension>
            <ns3:atemp>25.0</ns3:atemp>
            <ns3:hr>123</ns3:hr>
            <ns3:cad>86</ns3:cad>
          </ns3:TrackPointExtension>
        </extensions>
      </trkpt>
      <trkpt lat="39.9012080021202564239501953125" lon="116.31766126491129398345947265625">
        <ele>56.40000152587890625</ele>
        <time>2026-09-27T00:28:05.000Z</time>
        <extensions>
          <ns3:TrackPointExtension>
            <ns3:atemp>25.0</ns3:atemp>
            <ns3:hr>123</ns3:hr>
            <ns3:cad>86</ns3:cad>
          </ns3:TrackPointExtension>
        </extensions>
      </trkpt>
      <trkpt lat="39.9012113548815250396728515625" lon="116.31769445724785327911376953125">
        <ele>56.200000762939453125</ele>
        <time>2026-09-27T00:28:06.000Z</time>
        <extensions>
          <ns3:TrackPointExtension>
            <ns3:atemp>25.0</ns3:atemp>
            <ns3:hr>125</ns3:hr>
            <ns3:cad>87</ns3:cad>
          </ns3:TrackPointExtension>
        </extensions>
      </trkpt>
      <trkpt lat="39.9012264423072338104248046875" lon="116.31772832013666629791259765625">
        <ele>56.200000762939453125</ele>
        <time>2026-09-27T00:28:07.000Z</time>
        <extensions>
          <ns3:TrackPointExtension>
            <ns3:atemp>25.0</ns3:atemp>
            <ns3:hr>123</ns3:hr>
            <ns3:cad>87</ns3:cad>
          </ns3:TrackPointExtension>
        </extensions>
      </trkpt>
      <trkpt lat="39.90122996270656585693359375" lon="116.31776151247322559356689453125">
        <ele>56</ele>
        <time>2026-09-27T00:28:08.000Z</time>
        <extensions>
          <ns3:TrackPointExtension>
            <ns3:atemp>25.0</ns3:atemp>
            <ns3:hr>122</ns3:hr>
            <ns3:cad>88</ns3:cad>
          </ns3:TrackPointExtension>
        </extensions>
      </trkpt>
      <trkpt lat="39.90122602321207523345947265625" lon="116.3177937828004360198974609375">
        <ele>56</ele>
        <time>2026-09-27T00:28:09.000Z</time>
        <extensions>
          <ns3:TrackPointExtension>
            <ns3:atemp>25.0</ns3:atemp>
            <ns3:hr>122</ns3:hr>
            <ns3:cad>88</ns3:cad>
          </ns3:TrackPointExtension>
        </extensions>
      </trkpt>
      <trkpt lat="39.90123675204813480377197265625" lon="116.31782907061278820037841796875">
        <ele>56</ele>
        <time>2026-09-27T00:28:10.000Z</time>
        <extensions>
          <ns3:TrackPointExtension>
            <ns3:atemp>25.0</ns3:atemp>
            <ns3:hr>122</ns3:hr>
            <ns3:cad>88</ns3:cad>
          </ns3:TrackPointExtension>
        </extensions>
      </trkpt>
      <trkpt lat="39.9012422002851963043212890625" lon="116.31786771118640899658203125">
        <ele>56</ele>
        <time>2026-09-27T00:28:11.000Z</time>
        <extensions>
          <ns3:TrackPointExtension>
            <ns3:atemp>25.0</ns3:atemp>
            <ns3:hr>122</ns3:hr>
            <ns3:cad>88</ns3:cad>
          </ns3:TrackPointExtension>
        </extensions>
      </trkpt>
      <trkpt lat="39.90124496631324291229248046875" lon="116.3179047591984272003173828125">
        <ele>56</ele>
        <time>2026-09-27T00:28:12.000Z</time>
        <extensions>
          <ns3:TrackPointExtension>
            <ns3:atemp>25.0</ns3:atemp>
            <ns3:hr>122</ns3:hr>
            <ns3:cad>88</ns3:cad>
          </ns3:TrackPointExtension>
        </extensions>
      </trkpt>
      <trkpt lat="39.9012468941509723663330078125" lon="116.31794339977204799652099609375">
        <ele>56</ele>
        <time>2026-09-27T00:28:13.000Z</time>
        <extensions>
          <ns3:TrackPointExtension>
            <ns3:atemp>25.0</ns3:atemp>
            <ns3:hr>122</ns3:hr>
            <ns3:cad>87</ns3:cad>
          </ns3:TrackPointExtension>
        </extensions>
      </trkpt>
      <trkpt lat="39.90124362520873546600341796875" lon="116.31797826848924160003662109375">
        <ele>55.799999237060546875</ele>
        <time>2026-09-27T00:28:14.000Z</time>
        <extensions>
          <ns3:TrackPointExtension>
            <ns3:atemp>25.0</ns3:atemp>
            <ns3:hr>122</ns3:hr>
            <ns3:cad>87</ns3:cad>
          </ns3:TrackPointExtension>
        </extensions>
      </trkpt>
      <trkpt lat="39.9012603051960468292236328125" lon="116.31801615469157695770263671875">
        <ele>55.799999237060546875</ele>
        <time>2026-09-27T00:28:15.000Z</time>
        <extensions>
          <ns3:TrackPointExtension>
            <ns3:atemp>25.0</ns3:atemp>
            <ns3:hr>122</ns3:hr>
            <ns3:cad>87</ns3:cad>
          </ns3:TrackPointExtension>
        </extensions>
      </trkpt>
      <trkpt lat="39.901267178356647491455078125" lon="116.31805337034165859222412109375">
        <ele>55.799999237060546875</ele>
        <time>2026-09-27T00:28:16.000Z</time>
        <extensions>
          <ns3:TrackPointExtension>
            <ns3:atemp>25.0</ns3:atemp>
            <ns3:hr>122</ns3:hr>
            <ns3:cad>87</ns3:cad>
          </ns3:TrackPointExtension>
        </extensions>
      </trkpt>
      <trkpt lat="39.90126776508986949920654296875" lon="116.31807985715568065643310546875">
        <ele>55.799999237060546875</ele>
        <time>2026-09-27T00:28:17.000Z</time>
        <extensions>
          <ns3:TrackPointExtension>
            <ns3:atemp>25.0</ns3:atemp>
            <ns3:hr>122</ns3:hr>
            <ns3:cad>87</ns3:cad>
          </ns3:TrackPointExtension>
        </extensions>
      </trkpt>
      <trkpt lat="39.90125569514930248260498046875" lon="116.31810349412262439727783203125">
        <ele>55.799999237060546875</ele>
        <time>2026-09-27T00:28:18.000Z</time>
        <extensions>
          <ns3:TrackPointExtension>
            <ns3:atemp>25.0</ns3:atemp>
            <ns3:hr>122</ns3:hr>
            <ns3:cad>86</ns3:cad>
          </ns3:TrackPointExtension>
        </extensions>
      </trkpt>
      <trkpt lat="39.9012696929275989532470703125" lon="116.31812897510826587677001953125">
        <ele>55.799999237060546875</ele>
        <time>2026-09-27T00:28:19.000Z</time>
        <extensions>
          <ns3:TrackPointExtension>
            <ns3:atemp>25.0</ns3:atemp>
            <ns3:hr>122</ns3:hr>
            <ns3:cad>86</ns3:cad>
          </ns3:TrackPointExtension>
        </extensions>
      </trkpt>
      <trkpt lat="39.901281259953975677490234375" lon="116.31815604865550994873046875">
        <ele>56</ele>
        <time>2026-09-27T00:28:20.000Z</time>
        <extensions>
          <ns3:TrackPointExtension>
            <ns3:atemp>25.0</ns3:atemp>
            <ns3:hr>123</ns3:hr>
            <ns3:cad>86</ns3:cad>
          </ns3:TrackPointExtension>
        </extensions>
      </trkpt>
      <trkpt lat="39.9012909829616546630859375" lon="116.31818161346018314361572265625">
        <ele>56</ele>
        <time>2026-09-27T00:28:21.000Z</time>
        <extensions>
          <ns3:TrackPointExtension>
            <ns3:atemp>25.0</ns3:atemp>
            <ns3:hr>122</ns3:hr>
            <ns3:cad>87</ns3:cad>
          </ns3:TrackPointExtension>
        </extensions>
      </trkpt>
      <trkpt lat="39.90130498073995113372802734375" lon="116.318224780261516571044921875">
        <ele>56</ele>
        <time>2026-09-27T00:28:22.000Z</time>
        <extensions>
          <ns3:TrackPointExtension>
            <ns3:atemp>25.0</ns3:atemp>
            <ns3:hr>123</ns3:hr>
            <ns3:cad>87</ns3:cad>
          </ns3:TrackPointExtension>
        </extensions>
      </trkpt>
      <trkpt lat="39.901309423148632049560546875" lon="116.31825654767453670501708984375">
        <ele>56</ele>
        <time>2026-09-27T00:28:23.000Z</time>
        <extensions>
          <ns3:TrackPointExtension>
            <ns3:atemp>25.0</ns3:atemp>
            <ns3:hr>123</ns3:hr>
            <ns3:cad>87</ns3:cad>
          </ns3:TrackPointExtension>
        </extensions>
      </trkpt>
      <trkpt lat="39.90131939761340618133544921875" lon="116.31828605197370052337646484375">
        <ele>56</ele>
        <time>2026-09-27T00:28:24.000Z</time>
        <extensions>
          <ns3:TrackPointExtension>
            <ns3:atemp>25.0</ns3:atemp>
            <ns3:hr>123</ns3:hr>
            <ns3:cad>87</ns3:cad>
          </ns3:TrackPointExtension>
        </extensions>
      </trkpt>
      <trkpt lat="39.90130648948252201080322265625" lon="116.31831957958638668060302734375">
        <ele>56</ele>
        <time>2026-09-27T00:28:25.000Z</time>
        <extensions>
          <ns3:TrackPointExtension>
            <ns3:atemp>25.0</ns3:atemp>
            <ns3:hr>123</ns3:hr>
            <ns3:cad>87</ns3:cad>
          </ns3:TrackPointExtension>
        </extensions>
      </trkpt>
      <trkpt lat="39.90129525773227214813232421875" lon="116.3183483295142650604248046875">
        <ele>56</ele>
        <time>2026-09-27T00:28:26.000Z</time>
        <extensions>
          <ns3:TrackPointExtension>
            <ns3:atemp>25.0</ns3:atemp>
            <ns3:hr>124</ns3:hr>
            <ns3:cad>87</ns3:cad>
          </ns3:TrackPointExtension>
        </extensions>
      </trkpt>
      <trkpt lat="39.90129374898970127105712890625" lon="116.3183806836605072021484375">
        <ele>56</ele>
        <time>2026-09-27T00:28:27.000Z</time>
        <extensions>
          <ns3:TrackPointExtension>
            <ns3:atemp>25.0</ns3:atemp>
            <ns3:hr>124</ns3:hr>
            <ns3:cad>87</ns3:cad>
          </ns3:TrackPointExtension>
        </extensions>
      </trkpt>
      <trkpt lat="39.90129659883677959442138671875" lon="116.31841094233095645904541015625">
        <ele>56</ele>
        <time>2026-09-27T00:28:28.000Z</time>
        <extensions>
          <ns3:TrackPointExtension>
            <ns3:atemp>25.0</ns3:atemp>
            <ns3:hr>124</ns3:hr>
            <ns3:cad>87</ns3:cad>
          </ns3:TrackPointExtension>
        </extensions>
      </trkpt>
      <trkpt lat="39.901299364864826202392578125" lon="116.3184405304491519927978515625">
        <ele>56</ele>
        <time>2026-09-27T00:28:29.000Z</time>
        <extensions>
          <ns3:TrackPointExtension>
            <ns3:atemp>25.0</ns3:atemp>
            <ns3:hr>124</ns3:hr>
            <ns3:cad>87</ns3:cad>
          </ns3:TrackPointExtension>
        </extensions>
      </trkpt>
      <trkpt lat="39.9013025499880313873291015625" lon="116.31846693344414234161376953125">
        <ele>56</ele>
        <time>2026-09-27T00:28:30.000Z</time>
        <extensions>
          <ns3:TrackPointExtension>
            <ns3:atemp>25.0</ns3:atemp>
            <ns3:hr>124</ns3:hr>
            <ns3:cad>87</ns3:cad>
          </ns3:TrackPointExtension>
        </extensions>
      </trkpt>
      <trkpt lat="39.90130363963544368743896484375" lon="116.31849308498203754425048828125">
        <ele>55.799999237060546875</ele>
        <time>2026-09-27T00:28:31.000Z</time>
        <extensions>
          <ns3:TrackPointExtension>
            <ns3:atemp>25.0</ns3:atemp>
            <ns3:hr>124</ns3:hr>
            <ns3:cad>87</ns3:cad>
          </ns3:TrackPointExtension>
        </extensions>
      </trkpt>
      <trkpt lat="39.9013132788240909576416015625" lon="116.31852393038570880889892578125">
        <ele>55.799999237060546875</ele>
        <time>2026-09-27T00:28:32.000Z</time>
        <extensions>
          <ns3:TrackPointExtension>
            <ns3:atemp>25.0</ns3:atemp>
            <ns3:hr>124</ns3:hr>
            <ns3:cad>87</ns3:cad>
          </ns3:TrackPointExtension>
        </extensions>
      </trkpt>
      <trkpt lat="39.9012998677790164947509765625" lon="116.318547315895557403564453125">
        <ele>55.799999237060546875</ele>
        <time>2026-09-27T00:28:33.000Z</time>
        <extensions>
          <ns3:TrackPointExtension>
            <ns3:atemp>25.0</ns3:atemp>
            <ns3:hr>124</ns3:hr>
            <ns3:cad>87</ns3:cad>
          </ns3:TrackPointExtension>
        </extensions>
      </trkpt>
      <trkpt lat="39.9012898094952106475830078125" lon="116.3185769878327846527099609375">
        <ele>55.59999847412109375</ele>
        <time>2026-09-27T00:28:34.000Z</time>
        <extensions>
          <ns3:TrackPointExtension>
            <ns3:atemp>25.0</ns3:atemp>
            <ns3:hr>124</ns3:hr>
            <ns3:cad>87</ns3:cad>
          </ns3:TrackPointExtension>
        </extensions>
      </trkpt>
      <trkpt lat="39.901293329894542694091796875" lon="116.31860942579805850982666015625">
        <ele>55.59999847412109375</ele>
        <time>2026-09-27T00:28:35.000Z</time>
        <extensions>
          <ns3:TrackPointExtension>
            <ns3:atemp>25.0</ns3:atemp>
            <ns3:hr>124</ns3:hr>
            <ns3:cad>87</ns3:cad>
          </ns3:TrackPointExtension>
        </extensions>
      </trkpt>
      <trkpt lat="39.90130104124546051025390625" lon="116.31863859482109546661376953125">
        <ele>55.59999847412109375</ele>
        <time>2026-09-27T00:28:36.000Z</time>
        <extensions>
          <ns3:TrackPointExtension>
            <ns3:atemp>25.0</ns3:atemp>
            <ns3:hr>124</ns3:hr>
            <ns3:cad>87</ns3:cad>
          </ns3:TrackPointExtension>
        </extensions>
      </trkpt>
      <trkpt lat="39.90130933932960033416748046875" lon="116.31866424344480037689208984375">
        <ele>55.59999847412109375</ele>
        <time>2026-09-27T00:28:37.000Z</time>
        <extensions>
          <ns3:TrackPointExtension>
            <ns3:atemp>25.0</ns3:atemp>
            <ns3:hr>124</ns3:hr>
            <ns3:cad>87</ns3:cad>
          </ns3:TrackPointExtension>
        </extensions>
      </trkpt>
      <trkpt lat="39.9013102613389492034912109375" lon="116.3186919875442981719970703125">
        <ele>55.59999847412109375</ele>
        <time>2026-09-27T00:28:38.000Z</time>
        <extensions>
          <ns3:TrackPointExtension>
            <ns3:atemp>25.0</ns3:atemp>
            <ns3:hr>123</ns3:hr>
            <ns3:cad>87</ns3:cad>
          </ns3:TrackPointExtension>
        </extensions>
      </trkpt>
      <trkpt lat="39.90131537429988384246826171875" lon="116.3187188096344470977783203125">
        <ele>55.59999847412109375</ele>
        <time>2026-09-27T00:28:39.000Z</time>
        <extensions>
          <ns3:TrackPointExtension>
            <ns3:atemp>25.0</ns3:atemp>
            <ns3:hr>124</ns3:hr>
            <ns3:cad>86</ns3:cad>
          </ns3:TrackPointExtension>
        </extensions>
      </trkpt>
      <trkpt lat="39.90131671540439128875732421875" lon="116.31874638609588146209716796875">
        <ele>55.59999847412109375</ele>
        <time>2026-09-27T00:28:40.000Z</time>
        <extensions>
          <ns3:TrackPointExtension>
            <ns3:atemp>25.0</ns3:atemp>
            <ns3:hr>124</ns3:hr>
            <ns3:cad>86</ns3:cad>
          </ns3:TrackPointExtension>
        </extensions>
      </trkpt>
      <trkpt lat="39.9013151228427886962890625" lon="116.31877521984279155731201171875">
        <ele>55.59999847412109375</ele>
        <time>2026-09-27T00:28:41.000Z</time>
        <extensions>
          <ns3:TrackPointExtension>
            <ns3:atemp>25.0</ns3:atemp>
            <ns3:hr>123</ns3:hr>
            <ns3:cad>86</ns3:cad>
          </ns3:TrackPointExtension>
        </extensions>
      </trkpt>
      <trkpt lat="39.90131713449954986572265625" lon="116.3188073225319385528564453125">
        <ele>55.59999847412109375</ele>
        <time>2026-09-27T00:28:42.000Z</time>
        <extensions>
          <ns3:TrackPointExtension>
            <ns3:atemp>25.0</ns3:atemp>
            <ns3:hr>124</ns3:hr>
            <ns3:cad>87</ns3:cad>
          </ns3:TrackPointExtension>
        </extensions>
      </trkpt>
      <trkpt lat="39.90132241509854793548583984375" lon="116.31883841939270496368408203125">
        <ele>55.59999847412109375</ele>
        <time>2026-09-27T00:28:43.000Z</time>
        <extensions>
          <ns3:TrackPointExtension>
            <ns3:atemp>25.0</ns3:atemp>
            <ns3:hr>124</ns3:hr>
            <ns3:cad>87</ns3:cad>
          </ns3:TrackPointExtension>
        </extensions>
      </trkpt>
      <trkpt lat="39.9013213254511356353759765625" lon="116.31886607967317104339599609375">
        <ele>55.59999847412109375</ele>
        <time>2026-09-27T00:28:44.000Z</time>
        <extensions>
          <ns3:TrackPointExtension>
            <ns3:atemp>25.0</ns3:atemp>
            <ns3:hr>123</ns3:hr>
            <ns3:cad>87</ns3:cad>
          </ns3:TrackPointExtension>
        </extensions>
      </trkpt>
      <trkpt lat="39.90132509730756282806396484375" lon="116.31889608688652515411376953125">
        <ele>55.59999847412109375</ele>
        <time>2026-09-27T00:28:45.000Z</time>
        <extensions>
          <ns3:TrackPointExtension>
            <ns3:atemp>25.0</ns3:atemp>
            <ns3:hr>123</ns3:hr>
            <ns3:cad>87</ns3:cad>
          </ns3:TrackPointExtension>
        </extensions>
      </trkpt>
      <trkpt lat="39.90132979117333889007568359375" lon="116.31892492063343524932861328125">
        <ele>55.59999847412109375</ele>
        <time>2026-09-27T00:28:46.000Z</time>
        <extensions>
          <ns3:TrackPointExtension>
            <ns3:atemp>25.0</ns3:atemp>
            <ns3:hr>124</ns3:hr>
            <ns3:cad>87</ns3:cad>
          </ns3:TrackPointExtension>
        </extensions>
      </trkpt>
      <trkpt lat="39.901337921619415283203125" lon="116.318955682218074798583984375">
        <ele>55.59999847412109375</ele>
        <time>2026-09-27T00:28:47.000Z</time>
        <extensions>
          <ns3:TrackPointExtension>
            <ns3:atemp>25.0</ns3:atemp>
            <ns3:hr>124</ns3:hr>
            <ns3:cad>87</ns3:cad>
          </ns3:TrackPointExtension>
        </extensions>
      </trkpt>
      <trkpt lat="39.90134420804679393768310546875" lon="116.318985857069492340087890625">
        <ele>55.59999847412109375</ele>
        <time>2026-09-27T00:28:48.000Z</time>
        <extensions>
          <ns3:TrackPointExtension>
            <ns3:atemp>25.0</ns3:atemp>
            <ns3:hr>122</ns3:hr>
            <ns3:cad>87</ns3:cad>
          </ns3:TrackPointExtension>
        </extensions>
      </trkpt>
      <trkpt lat="39.90134940482676029205322265625" lon="116.319019384682178497314453125">
        <ele>55.59999847412109375</ele>
        <time>2026-09-27T00:28:49.000Z</time>
        <extensions>
          <ns3:TrackPointExtension>
            <ns3:atemp>25.0</ns3:atemp>
            <ns3:hr>124</ns3:hr>
            <ns3:cad>87</ns3:cad>
          </ns3:TrackPointExtension>
        </extensions>
      </trkpt>
      <trkpt lat="39.9013464711606502532958984375" lon="116.31905098445713520050048828125">
        <ele>55.59999847412109375</ele>
        <time>2026-09-27T00:28:50.000Z</time>
        <extensions>
          <ns3:TrackPointExtension>
            <ns3:atemp>25.0</ns3:atemp>
            <ns3:hr>124</ns3:hr>
            <ns3:cad>87</ns3:cad>
          </ns3:TrackPointExtension>
        </extensions>
      </trkpt>
      <trkpt lat="39.9013424478471279144287109375" lon="116.31907629780471324920654296875">
        <ele>55.59999847412109375</ele>
        <time>2026-09-27T00:28:51.000Z</time>
        <extensions>
          <ns3:TrackPointExtension>
            <ns3:atemp>25.0</ns3:atemp>
            <ns3:hr>124</ns3:hr>
            <ns3:cad>86</ns3:cad>
          </ns3:TrackPointExtension>
        </extensions>
      </trkpt>
      <trkpt lat="39.90134336985647678375244140625" lon="116.31910362280905246734619140625">
        <ele>55.59999847412109375</ele>
        <time>2026-09-27T00:28:52.000Z</time>
        <extensions>
          <ns3:TrackPointExtension>
            <ns3:atemp>25.0</ns3:atemp>
            <ns3:hr>124</ns3:hr>
            <ns3:cad>86</ns3:cad>
          </ns3:TrackPointExtension>
        </extensions>
      </trkpt>
      <trkpt lat="39.90134487859904766082763671875" lon="116.319128684699535369873046875">
        <ele>55.59999847412109375</ele>
        <time>2026-09-27T00:28:53.000Z</time>
        <extensions>
          <ns3:TrackPointExtension>
            <ns3:atemp>25.0</ns3:atemp>
            <ns3:hr>125</ns3:hr>
            <ns3:cad>86</ns3:cad>
          </ns3:TrackPointExtension>
        </extensions>
      </trkpt>
      <trkpt lat="39.90134471096098423004150390625" lon="116.31915609352290630340576171875">
        <ele>55.59999847412109375</ele>
        <time>2026-09-27T00:28:54.000Z</time>
        <extensions>
          <ns3:TrackPointExtension>
            <ns3:atemp>25.0</ns3:atemp>
            <ns3:hr>125</ns3:hr>
            <ns3:cad>86</ns3:cad>
          </ns3:TrackPointExtension>
        </extensions>
      </trkpt>
      <trkpt lat="39.9013498239219188690185546875" lon="116.31918375380337238311767578125">
        <ele>55.59999847412109375</ele>
        <time>2026-09-27T00:28:55.000Z</time>
        <extensions>
          <ns3:TrackPointExtension>
            <ns3:atemp>25.0</ns3:atemp>
            <ns3:hr>125</ns3:hr>
            <ns3:cad>86</ns3:cad>
          </ns3:TrackPointExtension>
        </extensions>
      </trkpt>
      <trkpt lat="39.901356361806392669677734375" lon="116.31921761669218540191650390625">
        <ele>55.59999847412109375</ele>
        <time>2026-09-27T00:28:56.000Z</time>
        <extensions>
          <ns3:TrackPointExtension>
            <ns3:atemp>25.0</ns3:atemp>
            <ns3:hr>125</ns3:hr>
            <ns3:cad>86</ns3:cad>
          </ns3:TrackPointExtension>
        </extensions>
      </trkpt>
      <trkpt lat="39.9013628996908664703369140625" lon="116.319250725209712982177734375">
        <ele>55.59999847412109375</ele>
        <time>2026-09-27T00:28:57.000Z</time>
        <extensions>
          <ns3:TrackPointExtension>
            <ns3:atemp>25.0</ns3:atemp>
            <ns3:hr>125</ns3:hr>
            <ns3:cad>86</ns3:cad>
          </ns3:TrackPointExtension>
        </extensions>
      </trkpt>
      <trkpt lat="39.9013632349669933319091796875" lon="116.31928551010787487030029296875">
        <ele>55.59999847412109375</ele>
        <time>2026-09-27T00:28:58.000Z</time>
        <extensions>
          <ns3:TrackPointExtension>
            <ns3:atemp>25.0</ns3:atemp>
            <ns3:hr>124</ns3:hr>
            <ns3:cad>86</ns3:cad>
          </ns3:TrackPointExtension>
        </extensions>
      </trkpt>
      <trkpt lat="39.90137069486081600189208984375" lon="116.31931669078767299652099609375">
        <ele>55.59999847412109375</ele>
        <time>2026-09-27T00:28:59.000Z</time>
        <extensions>
          <ns3:TrackPointExtension>
            <ns3:atemp>25.0</ns3:atemp>
            <ns3:hr>125</ns3:hr>
            <ns3:cad>86</ns3:cad>
          </ns3:TrackPointExtension>
        </extensions>
      </trkpt>
      <trkpt lat="39.90136868320405483245849609375" lon="116.3193424232304096221923828125">
        <ele>55.59999847412109375</ele>
        <time>2026-09-27T00:29:00.000Z</time>
        <extensions>
          <ns3:TrackPointExtension>
            <ns3:atemp>25.0</ns3:atemp>
            <ns3:hr>125</ns3:hr>
            <ns3:cad>86</ns3:cad>
          </ns3:TrackPointExtension>
        </extensions>
      </trkpt>
      <trkpt lat="39.9013628996908664703369140625" lon="116.31936815567314624786376953125">
        <ele>55.59999847412109375</ele>
        <time>2026-09-27T00:29:01.000Z</time>
        <extensions>
          <ns3:TrackPointExtension>
            <ns3:atemp>25.0</ns3:atemp>
            <ns3:hr>125</ns3:hr>
            <ns3:cad>86</ns3:cad>
          </ns3:TrackPointExtension>
        </extensions>
      </trkpt>
      <trkpt lat="39.9013441242277622222900390625" lon="116.31940059363842010498046875">
        <ele>55.799999237060546875</ele>
        <time>2026-09-27T00:29:02.000Z</time>
        <extensions>
          <ns3:TrackPointExtension>
            <ns3:atemp>25.0</ns3:atemp>
            <ns3:hr>125</ns3:hr>
            <ns3:cad>86</ns3:cad>
          </ns3:TrackPointExtension>
        </extensions>
      </trkpt>
      <trkpt lat="39.901316799223423004150390625" lon="116.319418363273143768310546875">
        <ele>55.59999847412109375</ele>
        <time>2026-09-27T00:29:03.000Z</time>
        <extensions>
          <ns3:TrackPointExtension>
            <ns3:atemp>25.0</ns3:atemp>
            <ns3:hr>125</ns3:hr>
            <ns3:cad>85</ns3:cad>
          </ns3:TrackPointExtension>
        </extensions>
      </trkpt>
      <trkpt lat="39.90129173733294010162353515625" lon="116.31942599080502986907958984375">
        <ele>55.799999237060546875</ele>
        <time>2026-09-27T00:29:04.000Z</time>
        <extensions>
          <ns3:TrackPointExtension>
            <ns3:atemp>25.0</ns3:atemp>
            <ns3:hr>125</ns3:hr>
            <ns3:cad>85</ns3:cad>
          </ns3:TrackPointExtension>
        </extensions>
      </trkpt>
      <trkpt lat="39.9012653343379497528076171875" lon="116.3194289244711399078369140625">
        <ele>55.799999237060546875</ele>
        <time>2026-09-27T00:29:05.000Z</time>
        <extensions>
          <ns3:TrackPointExtension>
            <ns3:atemp>25.0</ns3:atemp>
            <ns3:hr>124</ns3:hr>
            <ns3:cad>84</ns3:cad>
          </ns3:TrackPointExtension>
        </extensions>
      </trkpt>
      <trkpt lat="39.9012287892401218414306640625" lon="116.31942205131053924560546875">
        <ele>55.799999237060546875</ele>
        <time>2026-09-27T00:29:06.000Z</time>
        <extensions>
          <ns3:TrackPointExtension>
            <ns3:atemp>25.0</ns3:atemp>
            <ns3:hr>124</ns3:hr>
            <ns3:cad>84</ns3:cad>
          </ns3:TrackPointExtension>
        </extensions>
      </trkpt>
      <trkpt lat="39.90120389498770236968994140625" lon="116.31940972991287708282470703125">
        <ele>55.799999237060546875</ele>
        <time>2026-09-27T00:29:07.000Z</time>
        <extensions>
          <ns3:TrackPointExtension>
            <ns3:atemp>25.0</ns3:atemp>
            <ns3:hr>124</ns3:hr>
            <ns3:cad>84</ns3:cad>
          </ns3:TrackPointExtension>
        </extensions>
      </trkpt>
      <trkpt lat="39.9011862091720104217529296875" lon="116.31941266357898712158203125">
        <ele>56</ele>
        <time>2026-09-27T00:29:08.000Z</time>
        <extensions>
          <ns3:TrackPointExtension>
            <ns3:atemp>25.0</ns3:atemp>
            <ns3:hr>124</ns3:hr>
            <ns3:cad>85</ns3:cad>
          </ns3:TrackPointExtension>
        </extensions>
      </trkpt>
      <trkpt lat="39.90116584114730358123779296875" lon="116.31941735744476318359375">
        <ele>56</ele>
        <time>2026-09-27T00:29:09.000Z</time>
        <extensions>
          <ns3:TrackPointExtension>
            <ns3:atemp>25.0</ns3:atemp>
            <ns3:hr>124</ns3:hr>
            <ns3:cad>85</ns3:cad>
          </ns3:TrackPointExtension>
        </extensions>
      </trkpt>
      <trkpt lat="39.901144802570343017578125" lon="116.3194171898066997528076171875">
        <ele>56.200000762939453125</ele>
        <time>2026-09-27T00:29:10.000Z</time>
        <extensions>
          <ns3:TrackPointExtension>
            <ns3:atemp>25.0</ns3:atemp>
            <ns3:hr>124</ns3:hr>
            <ns3:cad>86</ns3:cad>
          </ns3:TrackPointExtension>
        </extensions>
      </trkpt>
      <trkpt lat="39.90112544037401676177978515625" lon="116.3194228895008563995361328125">
        <ele>56.200000762939453125</ele>
        <time>2026-09-27T00:29:11.000Z</time>
        <extensions>
          <ns3:TrackPointExtension>
            <ns3:atemp>25.0</ns3:atemp>
            <ns3:hr>125</ns3:hr>
            <ns3:cad>86</ns3:cad>
          </ns3:TrackPointExtension>
        </extensions>
      </trkpt>
      <trkpt lat="39.901100210845470428466796875" lon="116.3194279186427593231201171875">
        <ele>56.40000152587890625</ele>
        <time>2026-09-27T00:29:12.000Z</time>
        <extensions>
          <ns3:TrackPointExtension>
            <ns3:atemp>25.0</ns3:atemp>
            <ns3:hr>126</ns3:hr>
            <ns3:cad>85</ns3:cad>
          </ns3:TrackPointExtension>
        </extensions>
      </trkpt>
      <trkpt lat="39.90107850171625614166259765625" lon="116.31943956948816776275634765625">
        <ele>56.40000152587890625</ele>
        <time>2026-09-27T00:29:13.000Z</time>
        <extensions>
          <ns3:TrackPointExtension>
            <ns3:atemp>25.0</ns3:atemp>
            <ns3:hr>126</ns3:hr>
            <ns3:cad>85</ns3:cad>
          </ns3:TrackPointExtension>
        </extensions>
      </trkpt>
      <trkpt lat="39.90105268545448780059814453125" lon="116.319446526467800140380859375">
        <ele>56.59999847412109375</ele>
        <time>2026-09-27T00:29:14.000Z</time>
        <extensions>
          <ns3:TrackPointExtension>
            <ns3:atemp>25.0</ns3:atemp>
            <ns3:hr>127</ns3:hr>
            <ns3:cad>85</ns3:cad>
          </ns3:TrackPointExtension>
        </extensions>
      </trkpt>
      <trkpt lat="39.90102938376367092132568359375" lon="116.31944795139133930206298828125">
        <ele>56.59999847412109375</ele>
        <time>2026-09-27T00:29:15.000Z</time>
        <extensions>
          <ns3:TrackPointExtension>
            <ns3:atemp>25.0</ns3:atemp>
            <ns3:hr>127</ns3:hr>
            <ns3:cad>85</ns3:cad>
          </ns3:TrackPointExtension>
        </extensions>
      </trkpt>
      <trkpt lat="39.901013709604740142822265625" lon="116.319445855915546417236328125">
        <ele>56.59999847412109375</ele>
        <time>2026-09-27T00:29:16.000Z</time>
        <extensions>
          <ns3:TrackPointExtension>
            <ns3:atemp>25.0</ns3:atemp>
            <ns3:hr>127</ns3:hr>
            <ns3:cad>86</ns3:cad>
          </ns3:TrackPointExtension>
        </extensions>
      </trkpt>
      <trkpt lat="39.90100105293095111846923828125" lon="116.3194554112851619720458984375">
        <ele>56.799999237060546875</ele>
        <time>2026-09-27T00:29:17.000Z</time>
        <extensions>
          <ns3:TrackPointExtension>
            <ns3:atemp>25.0</ns3:atemp>
            <ns3:hr>128</ns3:hr>
            <ns3:cad>87</ns3:cad>
          </ns3:TrackPointExtension>
        </extensions>
      </trkpt>
      <trkpt lat="39.90099149756133556365966796875" lon="116.31946706213057041168212890625">
        <ele>56.799999237060546875</ele>
        <time>2026-09-27T00:29:18.000Z</time>
        <extensions>
          <ns3:TrackPointExtension>
            <ns3:atemp>25.0</ns3:atemp>
            <ns3:hr>128</ns3:hr>
            <ns3:cad>87</ns3:cad>
          </ns3:TrackPointExtension>
        </extensions>
      </trkpt>
      <trkpt lat="39.9009793438017368316650390625" lon="116.31948650814592838287353515625">
        <ele>56.799999237060546875</ele>
        <time>2026-09-27T00:29:19.000Z</time>
        <extensions>
          <ns3:TrackPointExtension>
            <ns3:atemp>25.0</ns3:atemp>
            <ns3:hr>128</ns3:hr>
            <ns3:cad>87</ns3:cad>
          </ns3:TrackPointExtension>
        </extensions>
      </trkpt>
      <trkpt lat="39.90096702240407466888427734375" lon="116.31950444541871547698974609375">
        <ele>56.799999237060546875</ele>
        <time>2026-09-27T00:29:20.000Z</time>
        <extensions>
          <ns3:TrackPointExtension>
            <ns3:atemp>25.0</ns3:atemp>
            <ns3:hr>128</ns3:hr>
            <ns3:cad>87</ns3:cad>
          </ns3:TrackPointExtension>
        </extensions>
      </trkpt>
      <trkpt lat="39.90095369517803192138671875" lon="116.31951517425477504730224609375">
        <ele>56.799999237060546875</ele>
        <time>2026-09-27T00:29:21.000Z</time>
        <extensions>
          <ns3:TrackPointExtension>
            <ns3:atemp>25.0</ns3:atemp>
            <ns3:hr>128</ns3:hr>
            <ns3:cad>87</ns3:cad>
          </ns3:TrackPointExtension>
        </extensions>
      </trkpt>
      <trkpt lat="39.90093667991459369659423828125" lon="116.31951550953090190887451171875">
        <ele>56.799999237060546875</ele>
        <time>2026-09-27T00:29:22.000Z</time>
        <extensions>
          <ns3:TrackPointExtension>
            <ns3:atemp>25.0</ns3:atemp>
            <ns3:hr>128</ns3:hr>
            <ns3:cad>87</ns3:cad>
          </ns3:TrackPointExtension>
        </extensions>
      </trkpt>
      <trkpt lat="39.90091907791793346405029296875" lon="116.319514252245426177978515625">
        <ele>56.799999237060546875</ele>
        <time>2026-09-27T00:29:23.000Z</time>
        <extensions>
          <ns3:TrackPointExtension>
            <ns3:atemp>25.0</ns3:atemp>
            <ns3:hr>130</ns3:hr>
            <ns3:cad>87</ns3:cad>
          </ns3:TrackPointExtension>
        </extensions>
      </trkpt>
      <trkpt lat="39.900899045169353485107421875" lon="116.3195063732564449310302734375">
        <ele>56.799999237060546875</ele>
        <time>2026-09-27T00:29:24.000Z</time>
        <extensions>
          <ns3:TrackPointExtension>
            <ns3:atemp>25.0</ns3:atemp>
            <ns3:hr>128</ns3:hr>
            <ns3:cad>87</ns3:cad>
          </ns3:TrackPointExtension>
        </extensions>
      </trkpt>
      <trkpt lat="39.9008770845830440521240234375" lon="116.31950327195227146148681640625">
        <ele>56.799999237060546875</ele>
        <time>2026-09-27T00:29:25.000Z</time>
        <extensions>
          <ns3:TrackPointExtension>
            <ns3:atemp>25.0</ns3:atemp>
            <ns3:hr>128</ns3:hr>
            <ns3:cad>86</ns3:cad>
          </ns3:TrackPointExtension>
        </extensions>
      </trkpt>
      <trkpt lat="39.90085403434932231903076171875" lon="116.3195053674280643463134765625">
        <ele>56.799999237060546875</ele>
        <time>2026-09-27T00:29:26.000Z</time>
        <extensions>
          <ns3:TrackPointExtension>
            <ns3:atemp>25.0</ns3:atemp>
            <ns3:hr>128</ns3:hr>
            <ns3:cad>86</ns3:cad>
          </ns3:TrackPointExtension>
        </extensions>
      </trkpt>
      <trkpt lat="39.90083861164748668670654296875" lon="116.31949983537197113037109375">
        <ele>56.799999237060546875</ele>
        <time>2026-09-27T00:29:27.000Z</time>
        <extensions>
          <ns3:TrackPointExtension>
            <ns3:atemp>25.0</ns3:atemp>
            <ns3:hr>128</ns3:hr>
            <ns3:cad>86</ns3:cad>
          </ns3:TrackPointExtension>
        </extensions>
      </trkpt>
      <trkpt lat="39.90082503296434879302978515625" lon="116.31948952563107013702392578125">
        <ele>56.799999237060546875</ele>
        <time>2026-09-27T00:29:28.000Z</time>
        <extensions>
          <ns3:TrackPointExtension>
            <ns3:atemp>25.0</ns3:atemp>
            <ns3:hr>128</ns3:hr>
            <ns3:cad>86</ns3:cad>
          </ns3:TrackPointExtension>
        </extensions>
      </trkpt>
      <trkpt lat="39.90080843679606914520263671875" lon="116.3194822333753108978271484375">
        <ele>56.799999237060546875</ele>
        <time>2026-09-27T00:29:29.000Z</time>
        <extensions>
          <ns3:TrackPointExtension>
            <ns3:atemp>25.0</ns3:atemp>
            <ns3:hr>128</ns3:hr>
            <ns3:cad>87</ns3:cad>
          </ns3:TrackPointExtension>
        </extensions>
      </trkpt>
      <trkpt lat="39.90078228525817394256591796875" lon="116.31948332302272319793701171875">
        <ele>56.799999237060546875</ele>
        <time>2026-09-27T00:29:30.000Z</time>
        <extensions>
          <ns3:TrackPointExtension>
            <ns3:atemp>25.0</ns3:atemp>
            <ns3:hr>128</ns3:hr>
            <ns3:cad>88</ns3:cad>
          </ns3:TrackPointExtension>
        </extensions>
      </trkpt>
      <trkpt lat="39.90075378678739070892333984375" lon="116.319487430155277252197265625">
        <ele>56.799999237060546875</ele>
        <time>2026-09-27T00:29:31.000Z</time>
        <extensions>
          <ns3:TrackPointExtension>
            <ns3:atemp>25.0</ns3:atemp>
            <ns3:hr>128</ns3:hr>
            <ns3:cad>88</ns3:cad>
          </ns3:TrackPointExtension>
        </extensions>
      </trkpt>
      <trkpt lat="39.90072034299373626708984375" lon="116.31948776543140411376953125">
        <ele>56.59999847412109375</ele>
        <time>2026-09-27T00:29:32.000Z</time>
        <extensions>
          <ns3:TrackPointExtension>
            <ns3:atemp>25.0</ns3:atemp>
            <ns3:hr>128</ns3:hr>
            <ns3:cad>87</ns3:cad>
          </ns3:TrackPointExtension>
        </extensions>
      </trkpt>
      <trkpt lat="39.900685809552669525146484375" lon="116.3194845803081989288330078125">
        <ele>56.59999847412109375</ele>
        <time>2026-09-27T00:29:33.000Z</time>
        <extensions>
          <ns3:TrackPointExtension>
            <ns3:atemp>25.0</ns3:atemp>
            <ns3:hr>128</ns3:hr>
            <ns3:cad>87</ns3:cad>
          </ns3:TrackPointExtension>
        </extensions>
      </trkpt>
      <trkpt lat="39.90064599551260471343994140625" lon="116.319474689662456512451171875">
        <ele>56.59999847412109375</ele>
        <time>2026-09-27T00:29:34.000Z</time>
        <extensions>
          <ns3:TrackPointExtension>
            <ns3:atemp>25.0</ns3:atemp>
            <ns3:hr>127</ns3:hr>
            <ns3:cad>87</ns3:cad>
          </ns3:TrackPointExtension>
        </extensions>
      </trkpt>
      <trkpt lat="39.90061162970960140228271484375" lon="116.319460608065128326416015625">
        <ele>56.59999847412109375</ele>
        <time>2026-09-27T00:29:35.000Z</time>
        <extensions>
          <ns3:TrackPointExtension>
            <ns3:atemp>25.0</ns3:atemp>
            <ns3:hr>127</ns3:hr>
            <ns3:cad>88</ns3:cad>
          </ns3:TrackPointExtension>
        </extensions>
      </trkpt>
      <trkpt lat="39.9005796946585178375244140625" lon="116.3194597698748111724853515625">
        <ele>56.59999847412109375</ele>
        <time>2026-09-27T00:29:36.000Z</time>
        <extensions>
          <ns3:TrackPointExtension>
            <ns3:atemp>25.0</ns3:atemp>
            <ns3:hr>127</ns3:hr>
            <ns3:cad>88</ns3:cad>
          </ns3:TrackPointExtension>
        </extensions>
      </trkpt>
      <trkpt lat="39.90055496804416179656982421875" lon="116.31946220062673091888427734375">
        <ele>56.799999237060546875</ele>
        <time>2026-09-27T00:29:37.000Z</time>
        <extensions>
          <ns3:TrackPointExtension>
            <ns3:atemp>25.0</ns3:atemp>
            <ns3:hr>127</ns3:hr>
            <ns3:cad>88</ns3:cad>
          </ns3:TrackPointExtension>
        </extensions>
      </trkpt>
      <trkpt lat="39.9005319178104400634765625" lon="116.31947435438632965087890625">
        <ele>56.799999237060546875</ele>
        <time>2026-09-27T00:29:38.000Z</time>
        <extensions>
          <ns3:TrackPointExtension>
            <ns3:atemp>25.0</ns3:atemp>
            <ns3:hr>126</ns3:hr>
            <ns3:cad>88</ns3:cad>
          </ns3:TrackPointExtension>
        </extensions>
      </trkpt>
      <trkpt lat="39.90051188506186008453369140625" lon="116.31948617286980152130126953125">
        <ele>56.799999237060546875</ele>
        <time>2026-09-27T00:29:39.000Z</time>
        <extensions>
          <ns3:TrackPointExtension>
            <ns3:atemp>25.0</ns3:atemp>
            <ns3:hr>126</ns3:hr>
            <ns3:cad>87</ns3:cad>
          </ns3:TrackPointExtension>
        </extensions>
      </trkpt>
      <trkpt lat="39.9004874937236309051513671875" lon="116.3194922916591167449951171875">
        <ele>56.799999237060546875</ele>
        <time>2026-09-27T00:29:40.000Z</time>
        <extensions>
          <ns3:TrackPointExtension>
            <ns3:atemp>25.0</ns3:atemp>
            <ns3:hr>126</ns3:hr>
            <ns3:cad>87</ns3:cad>
          </ns3:TrackPointExtension>
        </extensions>
      </trkpt>
      <trkpt lat="39.90046578459441661834716796875" lon="116.31949455477297306060791015625">
        <ele>56.799999237060546875</ele>
        <time>2026-09-27T00:29:41.000Z</time>
        <extensions>
          <ns3:TrackPointExtension>
            <ns3:atemp>25.0</ns3:atemp>
            <ns3:hr>126</ns3:hr>
            <ns3:cad>87</ns3:cad>
          </ns3:TrackPointExtension>
        </extensions>
      </trkpt>
      <trkpt lat="39.9004482664167881011962890625" lon="116.319498158991336822509765625">
        <ele>56.799999237060546875</ele>
        <time>2026-09-27T00:29:42.000Z</time>
        <extensions>
          <ns3:TrackPointExtension>
            <ns3:atemp>25.0</ns3:atemp>
            <ns3:hr>126</ns3:hr>
            <ns3:cad>87</ns3:cad>
          </ns3:TrackPointExtension>
        </extensions>
      </trkpt>
      <trkpt lat="39.90043058060109615325927734375" lon="116.31949924863874912261962890625">
        <ele>56.59999847412109375</ele>
        <time>2026-09-27T00:29:43.000Z</time>
        <extensions>
          <ns3:TrackPointExtension>
            <ns3:atemp>25.0</ns3:atemp>
            <ns3:hr>126</ns3:hr>
            <ns3:cad>87</ns3:cad>
          </ns3:TrackPointExtension>
        </extensions>
      </trkpt>
      <trkpt lat="39.90040828473865985870361328125" lon="116.3195043615996837615966796875">
        <ele>56.799999237060546875</ele>
        <time>2026-09-27T00:29:44.000Z</time>
        <extensions>
          <ns3:TrackPointExtension>
            <ns3:atemp>25.0</ns3:atemp>
            <ns3:hr>126</ns3:hr>
            <ns3:cad>87</ns3:cad>
          </ns3:TrackPointExtension>
        </extensions>
      </trkpt>
      <trkpt lat="39.90038900636136531829833984375" lon="116.31951014511287212371826171875">
        <ele>56.799999237060546875</ele>
        <time>2026-09-27T00:29:45.000Z</time>
        <extensions>
          <ns3:TrackPointExtension>
            <ns3:atemp>25.0</ns3:atemp>
            <ns3:hr>126</ns3:hr>
            <ns3:cad>87</ns3:cad>
          </ns3:TrackPointExtension>
        </extensions>
      </trkpt>
      <trkpt lat="39.90036872215569019317626953125" lon="116.31951869465410709381103515625">
        <ele>56.799999237060546875</ele>
        <time>2026-09-27T00:29:46.000Z</time>
        <extensions>
          <ns3:TrackPointExtension>
            <ns3:atemp>25.0</ns3:atemp>
            <ns3:hr>127</ns3:hr>
            <ns3:cad>87</ns3:cad>
          </ns3:TrackPointExtension>
        </extensions>
      </trkpt>
      <trkpt lat="39.900345504283905029296875" lon="116.31952204741537570953369140625">
        <ele>56.799999237060546875</ele>
        <time>2026-09-27T00:29:47.000Z</time>
        <extensions>
          <ns3:TrackPointExtension>
            <ns3:atemp>25.0</ns3:atemp>
            <ns3:hr>127</ns3:hr>
            <ns3:cad>87</ns3:cad>
          </ns3:TrackPointExtension>
        </extensions>
      </trkpt>
      <trkpt lat="39.90032329224050045013427734375" lon="116.31953202188014984130859375">
        <ele>56.799999237060546875</ele>
        <time>2026-09-27T00:29:48.000Z</time>
        <extensions>
          <ns3:TrackPointExtension>
            <ns3:atemp>25.0</ns3:atemp>
            <ns3:hr>127</ns3:hr>
            <ns3:cad>87</ns3:cad>
          </ns3:TrackPointExtension>
        </extensions>
      </trkpt>
      <trkpt lat="39.90030200220644474029541015625" lon="116.31953545846045017242431640625">
        <ele>56.799999237060546875</ele>
        <time>2026-09-27T00:29:49.000Z</time>
        <extensions>
          <ns3:TrackPointExtension>
            <ns3:atemp>25.0</ns3:atemp>
            <ns3:hr>127</ns3:hr>
            <ns3:cad>87</ns3:cad>
          </ns3:TrackPointExtension>
        </extensions>
      </trkpt>
      <trkpt lat="39.900278784334659576416015625" lon="116.31953076459467411041259765625">
        <ele>56.799999237060546875</ele>
        <time>2026-09-27T00:29:50.000Z</time>
        <extensions>
          <ns3:TrackPointExtension>
            <ns3:atemp>25.0</ns3:atemp>
            <ns3:hr>127</ns3:hr>
            <ns3:cad>87</ns3:cad>
          </ns3:TrackPointExtension>
        </extensions>
      </trkpt>
      <trkpt lat="39.90025489591062068939208984375" lon="116.3195278309285640716552734375">
        <ele>56.799999237060546875</ele>
        <time>2026-09-27T00:29:51.000Z</time>
        <extensions>
          <ns3:TrackPointExtension>
            <ns3:atemp>25.0</ns3:atemp>
            <ns3:hr>127</ns3:hr>
            <ns3:cad>87</ns3:cad>
          </ns3:TrackPointExtension>
        </extensions>
      </trkpt>
      <trkpt lat="39.900231175124645233154296875" lon="116.31951215676963329315185546875">
        <ele>56.799999237060546875</ele>
        <time>2026-09-27T00:29:52.000Z</time>
        <extensions>
          <ns3:TrackPointExtension>
            <ns3:atemp>25.0</ns3:atemp>
            <ns3:hr>127</ns3:hr>
            <ns3:cad>87</ns3:cad>
          </ns3:TrackPointExtension>
        </extensions>
      </trkpt>
      <trkpt lat="39.9002028442919254302978515625" lon="116.31950578652322292327880859375">
        <ele>56.59999847412109375</ele>
        <time>2026-09-27T00:29:53.000Z</time>
        <extensions>
          <ns3:TrackPointExtension>
            <ns3:atemp>25.0</ns3:atemp>
            <ns3:hr>127</ns3:hr>
            <ns3:cad>88</ns3:cad>
          </ns3:TrackPointExtension>
        </extensions>
      </trkpt>
      <trkpt lat="39.9001719988882541656494140625" lon="116.31950092501938343048095703125">
        <ele>56.59999847412109375</ele>
        <time>2026-09-27T00:29:54.000Z</time>
        <extensions>
          <ns3:TrackPointExtension>
            <ns3:atemp>25.0</ns3:atemp>
            <ns3:hr>127</ns3:hr>
            <ns3:cad>88</ns3:cad>
          </ns3:TrackPointExtension>
        </extensions>
      </trkpt>
      <trkpt lat="39.9001404829323291778564453125" lon="116.319501511752605438232421875">
        <ele>56.59999847412109375</ele>
        <time>2026-09-27T00:29:55.000Z</time>
        <extensions>
          <ns3:TrackPointExtension>
            <ns3:atemp>25.0</ns3:atemp>
            <ns3:hr>127</ns3:hr>
            <ns3:cad>87</ns3:cad>
          </ns3:TrackPointExtension>
        </extensions>
      </trkpt>
      <trkpt lat="39.900106452405452728271484375" lon="116.31951366551220417022705078125">
        <ele>56.59999847412109375</ele>
        <time>2026-09-27T00:29:56.000Z</time>
        <extensions>
          <ns3:TrackPointExtension>
            <ns3:atemp>25.0</ns3:atemp>
            <ns3:hr>127</ns3:hr>
            <ns3:cad>87</ns3:cad>
          </ns3:TrackPointExtension>
        </extensions>
      </trkpt>
      <trkpt lat="39.9000844918191432952880859375" lon="116.31952129304409027099609375">
        <ele>56.59999847412109375</ele>
        <time>2026-09-27T00:29:57.000Z</time>
        <extensions>
          <ns3:TrackPointExtension>
            <ns3:atemp>25.0</ns3:atemp>
            <ns3:hr>128</ns3:hr>
            <ns3:cad>87</ns3:cad>
          </ns3:TrackPointExtension>
        </extensions>
      </trkpt>
      <trkpt lat="39.90005825646221637725830078125" lon="116.31952154450118541717529296875">
        <ele>56.59999847412109375</ele>
        <time>2026-09-27T00:29:58.000Z</time>
        <extensions>
          <ns3:TrackPointExtension>
            <ns3:atemp>25.0</ns3:atemp>
            <ns3:hr>128</ns3:hr>
            <ns3:cad>87</ns3:cad>
          </ns3:TrackPointExtension>
        </extensions>
      </trkpt>
      <trkpt lat="39.90003495477139949798583984375" lon="116.31953361444175243377685546875">
        <ele>56.59999847412109375</ele>
        <time>2026-09-27T00:29:59.000Z</time>
        <extensions>
          <ns3:TrackPointExtension>
            <ns3:atemp>25.0</ns3:atemp>
            <ns3:hr>128</ns3:hr>
            <ns3:cad>87</ns3:cad>
          </ns3:TrackPointExtension>
        </extensions>
      </trkpt>
      <trkpt lat="39.90001282654702663421630859375" lon="116.31954518146812915802001953125">
        <ele>56.59999847412109375</ele>
        <time>2026-09-27T00:30:00.000Z</time>
        <extensions>
          <ns3:TrackPointExtension>
            <ns3:atemp>25.0</ns3:atemp>
            <ns3:hr>128</ns3:hr>
            <ns3:cad>88</ns3:cad>
          </ns3:TrackPointExtension>
        </extensions>
      </trkpt>
      <trkpt lat="39.89999136887490749359130859375" lon="116.31955205462872982025146484375">
        <ele>56.59999847412109375</ele>
        <time>2026-09-27T00:30:01.000Z</time>
        <extensions>
          <ns3:TrackPointExtension>
            <ns3:atemp>25.0</ns3:atemp>
            <ns3:hr>127</ns3:hr>
            <ns3:cad>88</ns3:cad>
          </ns3:TrackPointExtension>
        </extensions>
      </trkpt>
      <trkpt lat="39.89996354095637798309326171875" lon="116.31956948898732662200927734375">
        <ele>56.59999847412109375</ele>
        <time>2026-09-27T00:30:02.000Z</time>
        <extensions>
          <ns3:TrackPointExtension>
            <ns3:atemp>25.0</ns3:atemp>
            <ns3:hr>127</ns3:hr>
            <ns3:cad>87</ns3:cad>
          </ns3:TrackPointExtension>
        </extensions>
      </trkpt>
      <trkpt lat="39.89993353374302387237548828125" lon="116.31957828998565673828125">
        <ele>56.59999847412109375</ele>
        <time>2026-09-27T00:30:03.000Z</time>
        <extensions>
          <ns3:TrackPointExtension>
            <ns3:atemp>25.0</ns3:atemp>
            <ns3:hr>127</ns3:hr>
            <ns3:cad>87</ns3:cad>
          </ns3:TrackPointExtension>
        </extensions>
      </trkpt>
      <trkpt lat="39.8999081365764141082763671875" lon="116.31958298385143280029296875">
        <ele>56.59999847412109375</ele>
        <time>2026-09-27T00:30:04.000Z</time>
        <extensions>
          <ns3:TrackPointExtension>
            <ns3:atemp>25.0</ns3:atemp>
            <ns3:hr>127</ns3:hr>
            <ns3:cad>87</ns3:cad>
          </ns3:TrackPointExtension>
        </extensions>
      </trkpt>
      <trkpt lat="39.899883158504962921142578125" lon="116.31957887671887874603271484375">
        <ele>56.59999847412109375</ele>
        <time>2026-09-27T00:30:05.000Z</time>
        <extensions>
          <ns3:TrackPointExtension>
            <ns3:atemp>25.0</ns3:atemp>
            <ns3:hr>128</ns3:hr>
            <ns3:cad>87</ns3:cad>
          </ns3:TrackPointExtension>
        </extensions>
      </trkpt>
      <trkpt lat="39.8998605273663997650146484375" lon="116.31957954727113246917724609375">
        <ele>56.40000152587890625</ele>
        <time>2026-09-27T00:30:06.000Z</time>
        <extensions>
          <ns3:TrackPointExtension>
            <ns3:atemp>25.0</ns3:atemp>
            <ns3:hr>128</ns3:hr>
            <ns3:cad>87</ns3:cad>
          </ns3:TrackPointExtension>
        </extensions>
      </trkpt>
      <trkpt lat="39.89983714185655117034912109375" lon="116.319583989679813385009765625">
        <ele>56.59999847412109375</ele>
        <time>2026-09-27T00:30:07.000Z</time>
        <extensions>
          <ns3:TrackPointExtension>
            <ns3:atemp>25.0</ns3:atemp>
            <ns3:hr>128</ns3:hr>
            <ns3:cad>87</ns3:cad>
          </ns3:TrackPointExtension>
        </extensions>
      </trkpt>
      <trkpt lat="39.899820797145366668701171875" lon="116.31958834826946258544921875">
        <ele>56.59999847412109375</ele>
        <time>2026-09-27T00:30:08.000Z</time>
        <extensions>
          <ns3:TrackPointExtension>
            <ns3:atemp>25.0</ns3:atemp>
            <ns3:hr>128</ns3:hr>
            <ns3:cad>87</ns3:cad>
          </ns3:TrackPointExtension>
        </extensions>
      </trkpt>
      <trkpt lat="39.899797998368740081787109375" lon="116.319592706859111785888671875">
        <ele>56.59999847412109375</ele>
        <time>2026-09-27T00:30:09.000Z</time>
        <extensions>
          <ns3:TrackPointExtension>
            <ns3:atemp>25.0</ns3:atemp>
            <ns3:hr>129</ns3:hr>
            <ns3:cad>87</ns3:cad>
          </ns3:TrackPointExtension>
        </extensions>
      </trkpt>
      <trkpt lat="39.8997810669243335723876953125" lon="116.3195999152958393096923828125">
        <ele>56.40000152587890625</ele>
        <time>2026-09-27T00:30:10.000Z</time>
        <extensions>
          <ns3:TrackPointExtension>
            <ns3:atemp>25.0</ns3:atemp>
            <ns3:hr>129</ns3:hr>
            <ns3:cad>87</ns3:cad>
          </ns3:TrackPointExtension>
        </extensions>
      </trkpt>
      <trkpt lat="39.89976857788860797882080078125" lon="116.3196052797138690948486328125">
        <ele>56.40000152587890625</ele>
        <time>2026-09-27T00:30:11.000Z</time>
        <extensions>
          <ns3:TrackPointExtension>
            <ns3:atemp>25.0</ns3:atemp>
            <ns3:hr>130</ns3:hr>
            <ns3:cad>87</ns3:cad>
          </ns3:TrackPointExtension>
        </extensions>
      </trkpt>
      <trkpt lat="39.89974946714937686920166015625" lon="116.3196082971990108489990234375">
        <ele>56.40000152587890625</ele>
        <time>2026-09-27T00:30:12.000Z</time>
        <extensions>
          <ns3:TrackPointExtension>
            <ns3:atemp>25.0</ns3:atemp>
            <ns3:hr>130</ns3:hr>
            <ns3:cad>87</ns3:cad>
          </ns3:TrackPointExtension>
        </extensions>
      </trkpt>
      <trkpt lat="39.8997267521917819976806640625" lon="116.3196086324751377105712890625">
        <ele>56.40000152587890625</ele>
        <time>2026-09-27T00:30:13.000Z</time>
        <extensions>
          <ns3:TrackPointExtension>
            <ns3:atemp>25.0</ns3:atemp>
            <ns3:hr>130</ns3:hr>
            <ns3:cad>86</ns3:cad>
          </ns3:TrackPointExtension>
        </extensions>
      </trkpt>
      <trkpt lat="39.89970554597675800323486328125" lon="116.31960720755159854888916015625">
        <ele>56.40000152587890625</ele>
        <time>2026-09-27T00:30:14.000Z</time>
        <extensions>
          <ns3:TrackPointExtension>
            <ns3:atemp>25.0</ns3:atemp>
            <ns3:hr>130</ns3:hr>
            <ns3:cad>86</ns3:cad>
          </ns3:TrackPointExtension>
        </extensions>
      </trkpt>
      <trkpt lat="39.89968241192400455474853515625" lon="116.31961047649383544921875">
        <ele>56.40000152587890625</ele>
        <time>2026-09-27T00:30:15.000Z</time>
        <extensions>
          <ns3:TrackPointExtension>
            <ns3:atemp>25.0</ns3:atemp>
            <ns3:hr>130</ns3:hr>
            <ns3:cad>86</ns3:cad>
          </ns3:TrackPointExtension>
        </extensions>
      </trkpt>
      <trkpt lat="39.89965575747191905975341796875" lon="116.31960972212255001068115234375">
        <ele>56.40000152587890625</ele>
        <time>2026-09-27T00:30:16.000Z</time>
        <extensions>
          <ns3:TrackPointExtension>
            <ns3:atemp>25.0</ns3:atemp>
            <ns3:hr>129</ns3:hr>
            <ns3:cad>86</ns3:cad>
          </ns3:TrackPointExtension>
        </extensions>
      </trkpt>
      <trkpt lat="39.89962893538177013397216796875" lon="116.31961190141737461090087890625">
        <ele>56.40000152587890625</ele>
        <time>2026-09-27T00:30:17.000Z</time>
        <extensions>
          <ns3:TrackPointExtension>
            <ns3:atemp>25.0</ns3:atemp>
            <ns3:hr>131</ns3:hr>
            <ns3:cad>87</ns3:cad>
          </ns3:TrackPointExtension>
        </extensions>
      </trkpt>
      <trkpt lat="39.89960714243352413177490234375" lon="116.319611482322216033935546875">
        <ele>56.40000152587890625</ele>
        <time>2026-09-27T00:30:18.000Z</time>
        <extensions>
          <ns3:TrackPointExtension>
            <ns3:atemp>25.0</ns3:atemp>
            <ns3:hr>131</ns3:hr>
            <ns3:cad>87</ns3:cad>
          </ns3:TrackPointExtension>
        </extensions>
      </trkpt>
      <trkpt lat="39.89958710968494415283203125" lon="116.31962061859667301177978515625">
        <ele>56.40000152587890625</ele>
        <time>2026-09-27T00:30:19.000Z</time>
        <extensions>
          <ns3:TrackPointExtension>
            <ns3:atemp>25.0</ns3:atemp>
            <ns3:hr>130</ns3:hr>
            <ns3:cad>86</ns3:cad>
          </ns3:TrackPointExtension>
        </extensions>
      </trkpt>
      <trkpt lat="39.89956841804087162017822265625" lon="116.319620199501514434814453125">
        <ele>56.40000152587890625</ele>
        <time>2026-09-27T00:30:20.000Z</time>
        <extensions>
          <ns3:TrackPointExtension>
            <ns3:atemp>25.0</ns3:atemp>
            <ns3:hr>130</ns3:hr>
            <ns3:cad>86</ns3:cad>
          </ns3:TrackPointExtension>
        </extensions>
      </trkpt>
      <trkpt lat="39.8995500616729259490966796875" lon="116.31961877457797527313232421875">
        <ele>56.40000152587890625</ele>
        <time>2026-09-27T00:30:21.000Z</time>
        <extensions>
          <ns3:TrackPointExtension>
            <ns3:atemp>25.0</ns3:atemp>
            <ns3:hr>130</ns3:hr>
            <ns3:cad>86</ns3:cad>
          </ns3:TrackPointExtension>
        </extensions>
      </trkpt>
      <trkpt lat="39.89953086711466312408447265625" lon="116.319614164531230926513671875">
        <ele>56.40000152587890625</ele>
        <time>2026-09-27T00:30:22.000Z</time>
        <extensions>
          <ns3:TrackPointExtension>
            <ns3:atemp>25.0</ns3:atemp>
            <ns3:hr>130</ns3:hr>
            <ns3:cad>86</ns3:cad>
          </ns3:TrackPointExtension>
        </extensions>
      </trkpt>
      <trkpt lat="39.89951292984187602996826171875" lon="116.31960234604775905609130859375">
        <ele>56.40000152587890625</ele>
        <time>2026-09-27T00:30:23.000Z</time>
        <extensions>
          <ns3:TrackPointExtension>
            <ns3:atemp>25.0</ns3:atemp>
            <ns3:hr>130</ns3:hr>
            <ns3:cad>86</ns3:cad>
          </ns3:TrackPointExtension>
        </extensions>
      </trkpt>
      <trkpt lat="39.89949348382651805877685546875" lon="116.31959044374525547027587890625">
        <ele>56.200000762939453125</ele>
        <time>2026-09-27T00:30:24.000Z</time>
        <extensions>
          <ns3:TrackPointExtension>
            <ns3:atemp>25.0</ns3:atemp>
            <ns3:hr>130</ns3:hr>
            <ns3:cad>86</ns3:cad>
          </ns3:TrackPointExtension>
        </extensions>
      </trkpt>
      <trkpt lat="39.89947085268795490264892578125" lon="116.31959262304008007049560546875">
        <ele>56.200000762939453125</ele>
        <time>2026-09-27T00:30:25.000Z</time>
        <extensions>
          <ns3:TrackPointExtension>
            <ns3:atemp>25.0</ns3:atemp>
            <ns3:hr>129</ns3:hr>
            <ns3:cad>86</ns3:cad>
          </ns3:TrackPointExtension>
        </extensions>
      </trkpt>
      <trkpt lat="39.89944872446358203887939453125" lon="116.31960033439099788665771484375">
        <ele>56.200000762939453125</ele>
        <time>2026-09-27T00:30:26.000Z</time>
        <extensions>
          <ns3:TrackPointExtension>
            <ns3:atemp>25.0</ns3:atemp>
            <ns3:hr>129</ns3:hr>
            <ns3:cad>86</ns3:cad>
          </ns3:TrackPointExtension>
        </extensions>
      </trkpt>
      <trkpt lat="39.89942575804889202117919921875" lon="116.3195968978106975555419921875">
        <ele>56.200000762939453125</ele>
        <time>2026-09-27T00:30:27.000Z</time>
        <extensions>
          <ns3:TrackPointExtension>
            <ns3:atemp>25.0</ns3:atemp>
            <ns3:hr>129</ns3:hr>
            <ns3:cad>86</ns3:cad>
          </ns3:TrackPointExtension>
        </extensions>
      </trkpt>
      <trkpt lat="39.89940212108194828033447265625" lon="116.319596059620380401611328125">
        <ele>56.200000762939453125</ele>
        <time>2026-09-27T00:30:28.000Z</time>
        <extensions>
          <ns3:TrackPointExtension>
            <ns3:atemp>25.0</ns3:atemp>
            <ns3:hr>128</ns3:hr>
            <ns3:cad>87</ns3:cad>
          </ns3:TrackPointExtension>
        </extensions>
      </trkpt>
      <trkpt lat="39.899374544620513916015625" lon="116.31958005018532276153564453125">
        <ele>56.200000762939453125</ele>
        <time>2026-09-27T00:30:29.000Z</time>
        <extensions>
          <ns3:TrackPointExtension>
            <ns3:atemp>25.0</ns3:atemp>
            <ns3:hr>128</ns3:hr>
            <ns3:cad>87</ns3:cad>
          </ns3:TrackPointExtension>
        </extensions>
      </trkpt>
      <trkpt lat="39.89934881217777729034423828125" lon="116.31956898607313632965087890625">
        <ele>56.200000762939453125</ele>
        <time>2026-09-27T00:30:30.000Z</time>
        <extensions>
          <ns3:TrackPointExtension>
            <ns3:atemp>25.0</ns3:atemp>
            <ns3:hr>128</ns3:hr>
            <ns3:cad>87</ns3:cad>
          </ns3:TrackPointExtension>
        </extensions>
      </trkpt>
      <trkpt lat="39.899321235716342926025390625" lon="116.319561190903186798095703125">
        <ele>56.200000762939453125</ele>
        <time>2026-09-27T00:30:31.000Z</time>
        <extensions>
          <ns3:TrackPointExtension>
            <ns3:atemp>25.0</ns3:atemp>
            <ns3:hr>128</ns3:hr>
            <ns3:cad>88</ns3:cad>
          </ns3:TrackPointExtension>
        </extensions>
      </trkpt>
      <trkpt lat="39.89927991293370723724365234375" lon="116.31954451091587543487548828125">
        <ele>56.200000762939453125</ele>
        <time>2026-09-27T00:30:32.000Z</time>
        <extensions>
          <ns3:TrackPointExtension>
            <ns3:atemp>25.0</ns3:atemp>
            <ns3:hr>128</ns3:hr>
            <ns3:cad>88</ns3:cad>
          </ns3:TrackPointExtension>
        </extensions>
      </trkpt>
      <trkpt lat="39.89925124682486057281494140625" lon="116.3195409066975116729736328125">
        <ele>56.200000762939453125</ele>
        <time>2026-09-27T00:30:33.000Z</time>
        <extensions>
          <ns3:TrackPointExtension>
            <ns3:atemp>25.0</ns3:atemp>
            <ns3:hr>127</ns3:hr>
            <ns3:cad>88</ns3:cad>
          </ns3:TrackPointExtension>
        </extensions>
      </trkpt>
      <trkpt lat="39.899228699505329132080078125" lon="116.31953897885978221893310546875">
        <ele>56.200000762939453125</ele>
        <time>2026-09-27T00:30:34.000Z</time>
        <extensions>
          <ns3:TrackPointExtension>
            <ns3:atemp>25.0</ns3:atemp>
            <ns3:hr>127</ns3:hr>
            <ns3:cad>88</ns3:cad>
          </ns3:TrackPointExtension>
        </extensions>
      </trkpt>
      <trkpt lat="39.8992090858519077301025390625" lon="116.3195412419736385345458984375">
        <ele>56.200000762939453125</ele>
        <time>2026-09-27T00:30:35.000Z</time>
        <extensions>
          <ns3:TrackPointExtension>
            <ns3:atemp>25.0</ns3:atemp>
            <ns3:hr>126</ns3:hr>
            <ns3:cad>87</ns3:cad>
          </ns3:TrackPointExtension>
        </extensions>
      </trkpt>
      <trkpt lat="39.8991886340081691741943359375" lon="116.31954886950552463531494140625">
        <ele>56.200000762939453125</ele>
        <time>2026-09-27T00:30:36.000Z</time>
        <extensions>
          <ns3:TrackPointExtension>
            <ns3:atemp>25.0</ns3:atemp>
            <ns3:hr>126</ns3:hr>
            <ns3:cad>87</ns3:cad>
          </ns3:TrackPointExtension>
        </extensions>
      </trkpt>
      <trkpt lat="39.8991680145263671875" lon="116.3195486180484294891357421875">
        <ele>56</ele>
        <time>2026-09-27T00:30:37.000Z</time>
        <extensions>
          <ns3:TrackPointExtension>
            <ns3:atemp>25.0</ns3:atemp>
            <ns3:hr>126</ns3:hr>
            <ns3:cad>87</ns3:cad>
          </ns3:TrackPointExtension>
        </extensions>
      </trkpt>
      <trkpt lat="39.89914580248296260833740234375" lon="116.31954685784876346588134765625">
        <ele>56</ele>
        <time>2026-09-27T00:30:38.000Z</time>
        <extensions>
          <ns3:TrackPointExtension>
            <ns3:atemp>25.0</ns3:atemp>
            <ns3:hr>125</ns3:hr>
            <ns3:cad>87</ns3:cad>
          </ns3:TrackPointExtension>
        </extensions>
      </trkpt>
      <trkpt lat="39.89912484772503376007080078125" lon="116.3195474445819854736328125">
        <ele>56</ele>
        <time>2026-09-27T00:30:39.000Z</time>
        <extensions>
          <ns3:TrackPointExtension>
            <ns3:atemp>25.0</ns3:atemp>
            <ns3:hr>125</ns3:hr>
            <ns3:cad>87</ns3:cad>
          </ns3:TrackPointExtension>
        </extensions>
      </trkpt>
      <trkpt lat="39.89910858683288097381591796875" lon="116.31954115815460681915283203125">
        <ele>56</ele>
        <time>2026-09-27T00:30:40.000Z</time>
        <extensions>
          <ns3:TrackPointExtension>
            <ns3:atemp>25.0</ns3:atemp>
            <ns3:hr>125</ns3:hr>
            <ns3:cad>87</ns3:cad>
          </ns3:TrackPointExtension>
        </extensions>
      </trkpt>
      <trkpt lat="39.89908796735107898712158203125" lon="116.31953604519367218017578125">
        <ele>56</ele>
        <time>2026-09-27T00:30:41.000Z</time>
        <extensions>
          <ns3:TrackPointExtension>
            <ns3:atemp>25.0</ns3:atemp>
            <ns3:hr>125</ns3:hr>
            <ns3:cad>87</ns3:cad>
          </ns3:TrackPointExtension>
        </extensions>
      </trkpt>
      <trkpt lat="39.89906768314540386199951171875" lon="116.31953604519367218017578125">
        <ele>56</ele>
        <time>2026-09-27T00:30:42.000Z</time>
        <extensions>
          <ns3:TrackPointExtension>
            <ns3:atemp>25.0</ns3:atemp>
            <ns3:hr>125</ns3:hr>
            <ns3:cad>86</ns3:cad>
          </ns3:TrackPointExtension>
        </extensions>
      </trkpt>
      <trkpt lat="39.8990548588335514068603515625" lon="116.31953679956495761871337890625">
        <ele>56</ele>
        <time>2026-09-27T00:30:43.000Z</time>
        <extensions>
          <ns3:TrackPointExtension>
            <ns3:atemp>25.0</ns3:atemp>
            <ns3:hr>125</ns3:hr>
            <ns3:cad>86</ns3:cad>
          </ns3:TrackPointExtension>
        </extensions>
      </trkpt>
      <trkpt lat="39.89904136396944522857666015625" lon="116.31954149343073368072509765625">
        <ele>55.799999237060546875</ele>
        <time>2026-09-27T00:30:44.000Z</time>
        <extensions>
          <ns3:TrackPointExtension>
            <ns3:atemp>25.0</ns3:atemp>
            <ns3:hr>125</ns3:hr>
            <ns3:cad>86</ns3:cad>
          </ns3:TrackPointExtension>
        </extensions>
      </trkpt>
      <trkpt lat="39.89901890046894550323486328125" lon="116.3195556588470935821533203125">
        <ele>55.799999237060546875</ele>
        <time>2026-09-27T00:30:45.000Z</time>
        <extensions>
          <ns3:TrackPointExtension>
            <ns3:atemp>25.0</ns3:atemp>
            <ns3:hr>125</ns3:hr>
            <ns3:cad>86</ns3:cad>
          </ns3:TrackPointExtension>
        </extensions>
      </trkpt>
      <trkpt lat="39.89899559877812862396240234375" lon="116.3195667229592800140380859375">
        <ele>55.799999237060546875</ele>
        <time>2026-09-27T00:30:46.000Z</time>
        <extensions>
          <ns3:TrackPointExtension>
            <ns3:atemp>25.0</ns3:atemp>
            <ns3:hr>125</ns3:hr>
            <ns3:cad>86</ns3:cad>
          </ns3:TrackPointExtension>
        </extensions>
      </trkpt>
      <trkpt lat="39.8989700339734554290771484375" lon="116.31957502104341983795166015625">
        <ele>55.799999237060546875</ele>
        <time>2026-09-27T00:30:47.000Z</time>
        <extensions>
          <ns3:TrackPointExtension>
            <ns3:atemp>25.0</ns3:atemp>
            <ns3:hr>125</ns3:hr>
            <ns3:cad>86</ns3:cad>
          </ns3:TrackPointExtension>
        </extensions>
      </trkpt>
      <trkpt lat="39.89894463680684566497802734375" lon="116.31958189420402050018310546875">
        <ele>55.799999237060546875</ele>
        <time>2026-09-27T00:30:48.000Z</time>
        <extensions>
          <ns3:TrackPointExtension>
            <ns3:atemp>25.0</ns3:atemp>
            <ns3:hr>125</ns3:hr>
            <ns3:cad>86</ns3:cad>
          </ns3:TrackPointExtension>
        </extensions>
      </trkpt>
      <trkpt lat="39.89891949109733104705810546875" lon="116.31959178484976291656494140625">
        <ele>55.799999237060546875</ele>
        <time>2026-09-27T00:30:49.000Z</time>
        <extensions>
          <ns3:TrackPointExtension>
            <ns3:atemp>25.0</ns3:atemp>
            <ns3:hr>125</ns3:hr>
            <ns3:cad>86</ns3:cad>
          </ns3:TrackPointExtension>
        </extensions>
      </trkpt>
      <trkpt lat="39.89889065735042095184326171875" lon="116.3195945508778095245361328125">
        <ele>55.799999237060546875</ele>
        <time>2026-09-27T00:30:50.000Z</time>
        <extensions>
          <ns3:TrackPointExtension>
            <ns3:atemp>25.0</ns3:atemp>
            <ns3:hr>125</ns3:hr>
            <ns3:cad>86</ns3:cad>
          </ns3:TrackPointExtension>
        </extensions>
      </trkpt>
      <trkpt lat="39.89886291325092315673828125" lon="116.319596730172634124755859375">
        <ele>55.799999237060546875</ele>
        <time>2026-09-27T00:30:51.000Z</time>
        <extensions>
          <ns3:TrackPointExtension>
            <ns3:atemp>25.0</ns3:atemp>
            <ns3:hr>126</ns3:hr>
            <ns3:cad>86</ns3:cad>
          </ns3:TrackPointExtension>
        </extensions>
      </trkpt>
      <trkpt lat="39.8988394439220428466796875" lon="116.31959195248782634735107421875">
        <ele>55.799999237060546875</ele>
        <time>2026-09-27T00:30:52.000Z</time>
        <extensions>
          <ns3:TrackPointExtension>
            <ns3:atemp>25.0</ns3:atemp>
            <ns3:hr>126</ns3:hr>
            <ns3:cad>87</ns3:cad>
          </ns3:TrackPointExtension>
        </extensions>
      </trkpt>
      <trkpt lat="39.89881572313606739044189453125" lon="116.319592036306858062744140625">
        <ele>55.799999237060546875</ele>
        <time>2026-09-27T00:30:53.000Z</time>
        <extensions>
          <ns3:TrackPointExtension>
            <ns3:atemp>25.0</ns3:atemp>
            <ns3:hr>126</ns3:hr>
            <ns3:cad>87</ns3:cad>
          </ns3:TrackPointExtension>
        </extensions>
      </trkpt>
      <trkpt lat="39.89878789521753787994384765625" lon="116.31959564052522182464599609375">
        <ele>55.799999237060546875</ele>
        <time>2026-09-27T00:30:54.000Z</time>
        <extensions>
          <ns3:TrackPointExtension>
            <ns3:atemp>25.0</ns3:atemp>
            <ns3:hr>126</ns3:hr>
            <ns3:cad>87</ns3:cad>
          </ns3:TrackPointExtension>
        </extensions>
      </trkpt>
      <trkpt lat="39.89876023493707180023193359375" lon="116.31959999911487102508544921875">
        <ele>55.799999237060546875</ele>
        <time>2026-09-27T00:30:55.000Z</time>
        <extensions>
          <ns3:TrackPointExtension>
            <ns3:atemp>25.0</ns3:atemp>
            <ns3:hr>126</ns3:hr>
            <ns3:cad>87</ns3:cad>
          </ns3:TrackPointExtension>
        </extensions>
      </trkpt>
      <trkpt lat="39.89873508922755718231201171875" lon="116.31959832273423671722412109375">
        <ele>55.799999237060546875</ele>
        <time>2026-09-27T00:30:56.000Z</time>
        <extensions>
          <ns3:TrackPointExtension>
            <ns3:atemp>25.0</ns3:atemp>
            <ns3:hr>126</ns3:hr>
            <ns3:cad>87</ns3:cad>
          </ns3:TrackPointExtension>
        </extensions>
      </trkpt>
      <trkpt lat="39.89871203899383544921875" lon="116.31959396414458751678466796875">
        <ele>55.799999237060546875</ele>
        <time>2026-09-27T00:30:57.000Z</time>
        <extensions>
          <ns3:TrackPointExtension>
            <ns3:atemp>25.0</ns3:atemp>
            <ns3:hr>126</ns3:hr>
            <ns3:cad>87</ns3:cad>
          </ns3:TrackPointExtension>
        </extensions>
      </trkpt>
      <trkpt lat="39.898688904941082000732421875" lon="116.3195945508778095245361328125">
        <ele>55.59999847412109375</ele>
        <time>2026-09-27T00:30:58.000Z</time>
        <extensions>
          <ns3:TrackPointExtension>
            <ns3:atemp>25.0</ns3:atemp>
            <ns3:hr>126</ns3:hr>
            <ns3:cad>87</ns3:cad>
          </ns3:TrackPointExtension>
        </extensions>
      </trkpt>
      <trkpt lat="39.89866753108799457550048828125" lon="116.3195905275642871856689453125">
        <ele>55.799999237060546875</ele>
        <time>2026-09-27T00:30:59.000Z</time>
        <extensions>
          <ns3:TrackPointExtension>
            <ns3:atemp>25.0</ns3:atemp>
            <ns3:hr>126</ns3:hr>
            <ns3:cad>87</ns3:cad>
          </ns3:TrackPointExtension>
        </extensions>
      </trkpt>
      <trkpt lat="39.89864791743457317352294921875" lon="116.31957971490919589996337890625">
        <ele>55.799999237060546875</ele>
        <time>2026-09-27T00:31:00.000Z</time>
        <extensions>
          <ns3:TrackPointExtension>
            <ns3:atemp>25.0</ns3:atemp>
            <ns3:hr>126</ns3:hr>
            <ns3:cad>87</ns3:cad>
          </ns3:TrackPointExtension>
        </extensions>
      </trkpt>
      <trkpt lat="39.89862612448632717132568359375" lon="116.319569237530231475830078125">
        <ele>55.799999237060546875</ele>
        <time>2026-09-27T00:31:01.000Z</time>
        <extensions>
          <ns3:TrackPointExtension>
            <ns3:atemp>25.0</ns3:atemp>
            <ns3:hr>126</ns3:hr>
            <ns3:cad>87</ns3:cad>
          </ns3:TrackPointExtension>
        </extensions>
      </trkpt>
      <trkpt lat="39.89860265515744686126708984375" lon="116.3195621967315673828125">
        <ele>55.799999237060546875</ele>
        <time>2026-09-27T00:31:02.000Z</time>
        <extensions>
          <ns3:TrackPointExtension>
            <ns3:atemp>25.0</ns3:atemp>
            <ns3:hr>126</ns3:hr>
            <ns3:cad>87</ns3:cad>
          </ns3:TrackPointExtension>
        </extensions>
      </trkpt>
      <trkpt lat="39.8985797725617885589599609375" lon="116.3195581734180450439453125">
        <ele>55.799999237060546875</ele>
        <time>2026-09-27T00:31:03.000Z</time>
        <extensions>
          <ns3:TrackPointExtension>
            <ns3:atemp>25.0</ns3:atemp>
            <ns3:hr>126</ns3:hr>
            <ns3:cad>87</ns3:cad>
          </ns3:TrackPointExtension>
        </extensions>
      </trkpt>
      <trkpt lat="39.898558147251605987548828125" lon="116.31956177763640880584716796875">
        <ele>55.799999237060546875</ele>
        <time>2026-09-27T00:31:04.000Z</time>
        <extensions>
          <ns3:TrackPointExtension>
            <ns3:atemp>25.0</ns3:atemp>
            <ns3:hr>126</ns3:hr>
            <ns3:cad>87</ns3:cad>
          </ns3:TrackPointExtension>
        </extensions>
      </trkpt>
      <trkpt lat="39.89853559993207454681396484375" lon="116.31955792196094989776611328125">
        <ele>55.799999237060546875</ele>
        <time>2026-09-27T00:31:05.000Z</time>
        <extensions>
          <ns3:TrackPointExtension>
            <ns3:atemp>25.0</ns3:atemp>
            <ns3:hr>126</ns3:hr>
            <ns3:cad>87</ns3:cad>
          </ns3:TrackPointExtension>
        </extensions>
      </trkpt>
      <trkpt lat="39.89851430989801883697509765625" lon="116.31955104880034923553466796875">
        <ele>55.799999237060546875</ele>
        <time>2026-09-27T00:31:06.000Z</time>
        <extensions>
          <ns3:TrackPointExtension>
            <ns3:atemp>25.0</ns3:atemp>
            <ns3:hr>128</ns3:hr>
            <ns3:cad>87</ns3:cad>
          </ns3:TrackPointExtension>
        </extensions>
      </trkpt>
      <trkpt lat="39.89849637262523174285888671875" lon="116.3195580057799816131591796875">
        <ele>55.799999237060546875</ele>
        <time>2026-09-27T00:31:07.000Z</time>
        <extensions>
          <ns3:TrackPointExtension>
            <ns3:atemp>25.0</ns3:atemp>
            <ns3:hr>126</ns3:hr>
            <ns3:cad>87</ns3:cad>
          </ns3:TrackPointExtension>
        </extensions>
      </trkpt>
      <trkpt lat="39.8984746634960174560546875" lon="116.319565884768962860107421875">
        <ele>55.799999237060546875</ele>
        <time>2026-09-27T00:31:08.000Z</time>
        <extensions>
          <ns3:TrackPointExtension>
            <ns3:atemp>25.0</ns3:atemp>
            <ns3:hr>126</ns3:hr>
            <ns3:cad>87</ns3:cad>
          </ns3:TrackPointExtension>
        </extensions>
      </trkpt>
      <trkpt lat="39.89845446310937404632568359375" lon="116.31957367993891239166259765625">
        <ele>55.799999237060546875</ele>
        <time>2026-09-27T00:31:09.000Z</time>
        <extensions>
          <ns3:TrackPointExtension>
            <ns3:atemp>25.0</ns3:atemp>
            <ns3:hr>126</ns3:hr>
            <ns3:cad>87</ns3:cad>
          </ns3:TrackPointExtension>
        </extensions>
      </trkpt>
      <trkpt lat="39.8984335921704769134521484375" lon="116.319586671888828277587890625">
        <ele>55.799999237060546875</ele>
        <time>2026-09-27T00:31:10.000Z</time>
        <extensions>
          <ns3:TrackPointExtension>
            <ns3:atemp>25.0</ns3:atemp>
            <ns3:hr>125</ns3:hr>
            <ns3:cad>87</ns3:cad>
          </ns3:TrackPointExtension>
        </extensions>
      </trkpt>
      <trkpt lat="39.89840953610837459564208984375" lon="116.3195968978106975555419921875">
        <ele>55.799999237060546875</ele>
        <time>2026-09-27T00:31:11.000Z</time>
        <extensions>
          <ns3:TrackPointExtension>
            <ns3:atemp>25.0</ns3:atemp>
            <ns3:hr>125</ns3:hr>
            <ns3:cad>87</ns3:cad>
          </ns3:TrackPointExtension>
        </extensions>
      </trkpt>
      <trkpt lat="39.8983809538185596466064453125" lon="116.31960905157029628753662109375">
        <ele>55.59999847412109375</ele>
        <time>2026-09-27T00:31:12.000Z</time>
        <extensions>
          <ns3:TrackPointExtension>
            <ns3:atemp>25.0</ns3:atemp>
            <ns3:hr>125</ns3:hr>
            <ns3:cad>87</ns3:cad>
          </ns3:TrackPointExtension>
        </extensions>
      </trkpt>
      <trkpt lat="39.89836025051772594451904296875" lon="116.31960988976061344146728515625">
        <ele>55.59999847412109375</ele>
        <time>2026-09-27T00:31:13.000Z</time>
        <extensions>
          <ns3:TrackPointExtension>
            <ns3:atemp>25.0</ns3:atemp>
            <ns3:hr>124</ns3:hr>
            <ns3:cad>87</ns3:cad>
          </ns3:TrackPointExtension>
        </extensions>
      </trkpt>
      <trkpt lat="39.89834197796881198883056640625" lon="116.3196049444377422332763671875">
        <ele>55.59999847412109375</ele>
        <time>2026-09-27T00:31:14.000Z</time>
        <extensions>
          <ns3:TrackPointExtension>
            <ns3:atemp>25.0</ns3:atemp>
            <ns3:hr>124</ns3:hr>
            <ns3:cad>87</ns3:cad>
          </ns3:TrackPointExtension>
        </extensions>
      </trkpt>
      <trkpt lat="39.89833191968500614166259765625" lon="116.3195979036390781402587890625">
        <ele>55.59999847412109375</ele>
        <time>2026-09-27T00:31:15.000Z</time>
        <extensions>
          <ns3:TrackPointExtension>
            <ns3:atemp>25.0</ns3:atemp>
            <ns3:hr>124</ns3:hr>
            <ns3:cad>87</ns3:cad>
          </ns3:TrackPointExtension>
        </extensions>
      </trkpt>
      <trkpt lat="39.89833225496113300323486328125" lon="116.3195784576237201690673828125">
        <ele>55.59999847412109375</ele>
        <time>2026-09-27T00:31:16.000Z</time>
        <extensions>
          <ns3:TrackPointExtension>
            <ns3:atemp>25.0</ns3:atemp>
            <ns3:hr>123</ns3:hr>
            <ns3:cad>87</ns3:cad>
          </ns3:TrackPointExtension>
        </extensions>
      </trkpt>
      <trkpt lat="39.898328483104705810546875" lon="116.31955926306545734405517578125">
        <ele>55.59999847412109375</ele>
        <time>2026-09-27T00:31:17.000Z</time>
        <extensions>
          <ns3:TrackPointExtension>
            <ns3:atemp>25.0</ns3:atemp>
            <ns3:hr>124</ns3:hr>
            <ns3:cad>86</ns3:cad>
          </ns3:TrackPointExtension>
        </extensions>
      </trkpt>
      <trkpt lat="39.898331500589847564697265625" lon="116.3195412419736385345458984375">
        <ele>55.59999847412109375</ele>
        <time>2026-09-27T00:31:18.000Z</time>
        <extensions>
          <ns3:TrackPointExtension>
            <ns3:atemp>25.0</ns3:atemp>
            <ns3:hr>124</ns3:hr>
            <ns3:cad>86</ns3:cad>
          </ns3:TrackPointExtension>
        </extensions>
      </trkpt>
      <trkpt lat="39.89833141677081584930419921875" lon="116.3195177726447582244873046875">
        <ele>55.59999847412109375</ele>
        <time>2026-09-27T00:31:19.000Z</time>
        <extensions>
          <ns3:TrackPointExtension>
            <ns3:atemp>25.0</ns3:atemp>
            <ns3:hr>124</ns3:hr>
            <ns3:cad>86</ns3:cad>
          </ns3:TrackPointExtension>
        </extensions>
      </trkpt>
      <trkpt lat="39.89833049476146697998046875" lon="116.31948851980268955230712890625">
        <ele>55.799999237060546875</ele>
        <time>2026-09-27T00:31:20.000Z</time>
        <extensions>
          <ns3:TrackPointExtension>
            <ns3:atemp>25.0</ns3:atemp>
            <ns3:hr>124</ns3:hr>
            <ns3:cad>87</ns3:cad>
          </ns3:TrackPointExtension>
        </extensions>
      </trkpt>
      <trkpt lat="39.8983363620936870574951171875" lon="116.31946102716028690338134765625">
        <ele>55.799999237060546875</ele>
        <time>2026-09-27T00:31:21.000Z</time>
        <extensions>
          <ns3:TrackPointExtension>
            <ns3:atemp>25.0</ns3:atemp>
            <ns3:hr>125</ns3:hr>
            <ns3:cad>88</ns3:cad>
          </ns3:TrackPointExtension>
        </extensions>
      </trkpt>
      <trkpt lat="39.89833711646497249603271484375" lon="116.31944074295461177825927734375">
        <ele>55.799999237060546875</ele>
        <time>2026-09-27T00:31:22.000Z</time>
        <extensions>
          <ns3:TrackPointExtension>
            <ns3:atemp>25.0</ns3:atemp>
            <ns3:hr>125</ns3:hr>
            <ns3:cad>88</ns3:cad>
          </ns3:TrackPointExtension>
        </extensions>
      </trkpt>
      <trkpt lat="39.8983378708362579345703125" lon="116.31941593252122402191162109375">
        <ele>55.799999237060546875</ele>
        <time>2026-09-27T00:31:23.000Z</time>
        <extensions>
          <ns3:TrackPointExtension>
            <ns3:atemp>25.0</ns3:atemp>
            <ns3:hr>125</ns3:hr>
            <ns3:cad>88</ns3:cad>
          </ns3:TrackPointExtension>
        </extensions>
      </trkpt>
      <trkpt lat="39.8983390443027019500732421875" lon="116.31939045153558254241943359375">
        <ele>56</ele>
        <time>2026-09-27T00:31:24.000Z</time>
        <extensions>
          <ns3:TrackPointExtension>
            <ns3:atemp>25.0</ns3:atemp>
            <ns3:hr>126</ns3:hr>
            <ns3:cad>88</ns3:cad>
          </ns3:TrackPointExtension>
        </extensions>
      </trkpt>
      <trkpt lat="39.89833376370370388031005859375" lon="116.31936932913959026336669921875">
        <ele>56</ele>
        <time>2026-09-27T00:31:25.000Z</time>
        <extensions>
          <ns3:TrackPointExtension>
            <ns3:atemp>25.0</ns3:atemp>
            <ns3:hr>126</ns3:hr>
            <ns3:cad>88</ns3:cad>
          </ns3:TrackPointExtension>
        </extensions>
      </trkpt>
      <trkpt lat="39.89833225496113300323486328125" lon="116.31934653036296367645263671875">
        <ele>56</ele>
        <time>2026-09-27T00:31:26.000Z</time>
        <extensions>
          <ns3:TrackPointExtension>
            <ns3:atemp>25.0</ns3:atemp>
            <ns3:hr>127</ns3:hr>
            <ns3:cad>87</ns3:cad>
          </ns3:TrackPointExtension>
        </extensions>
      </trkpt>
      <trkpt lat="39.898332841694355010986328125" lon="116.31932021118700504302978515625">
        <ele>56</ele>
        <time>2026-09-27T00:31:27.000Z</time>
        <extensions>
          <ns3:TrackPointExtension>
            <ns3:atemp>25.0</ns3:atemp>
            <ns3:hr>127</ns3:hr>
            <ns3:cad>87</ns3:cad>
          </ns3:TrackPointExtension>
        </extensions>
      </trkpt>
      <trkpt lat="39.89832974039018154144287109375" lon="116.31929171271622180938720703125">
        <ele>56</ele>
        <time>2026-09-27T00:31:28.000Z</time>
        <extensions>
          <ns3:TrackPointExtension>
            <ns3:atemp>25.0</ns3:atemp>
            <ns3:hr>127</ns3:hr>
            <ns3:cad>87</ns3:cad>
          </ns3:TrackPointExtension>
        </extensions>
      </trkpt>
      <trkpt lat="39.89832580089569091796875" lon="116.3192579336464405059814453125">
        <ele>56</ele>
        <time>2026-09-27T00:31:29.000Z</time>
        <extensions>
          <ns3:TrackPointExtension>
            <ns3:atemp>25.0</ns3:atemp>
            <ns3:hr>127</ns3:hr>
            <ns3:cad>87</ns3:cad>
          </ns3:TrackPointExtension>
        </extensions>
      </trkpt>
      <trkpt lat="39.89832035265862941741943359375" lon="116.31922532804310321807861328125">
        <ele>56</ele>
        <time>2026-09-27T00:31:30.000Z</time>
        <extensions>
          <ns3:TrackPointExtension>
            <ns3:atemp>25.0</ns3:atemp>
            <ns3:hr>127</ns3:hr>
            <ns3:cad>87</ns3:cad>
          </ns3:TrackPointExtension>
        </extensions>
      </trkpt>
      <trkpt lat="39.89831708371639251708984375" lon="116.31919138133525848388671875">
        <ele>56</ele>
        <time>2026-09-27T00:31:31.000Z</time>
        <extensions>
          <ns3:TrackPointExtension>
            <ns3:atemp>25.0</ns3:atemp>
            <ns3:hr>127</ns3:hr>
            <ns3:cad>87</ns3:cad>
          </ns3:TrackPointExtension>
        </extensions>
      </trkpt>
      <trkpt lat="39.8983204364776611328125" lon="116.31915290839970111846923828125">
        <ele>56</ele>
        <time>2026-09-27T00:31:32.000Z</time>
        <extensions>
          <ns3:TrackPointExtension>
            <ns3:atemp>25.0</ns3:atemp>
            <ns3:hr>128</ns3:hr>
            <ns3:cad>87</ns3:cad>
          </ns3:TrackPointExtension>
        </extensions>
      </trkpt>
      <trkpt lat="39.898316077888011932373046875" lon="116.31911535747349262237548828125">
        <ele>56</ele>
        <time>2026-09-27T00:31:33.000Z</time>
        <extensions>
          <ns3:TrackPointExtension>
            <ns3:atemp>25.0</ns3:atemp>
            <ns3:hr>128</ns3:hr>
            <ns3:cad>87</ns3:cad>
          </ns3:TrackPointExtension>
        </extensions>
      </trkpt>
      <trkpt lat="39.8983135633170604705810546875" lon="116.31908836774528026580810546875">
        <ele>56</ele>
        <time>2026-09-27T00:31:34.000Z</time>
        <extensions>
          <ns3:TrackPointExtension>
            <ns3:atemp>25.0</ns3:atemp>
            <ns3:hr>128</ns3:hr>
            <ns3:cad>87</ns3:cad>
          </ns3:TrackPointExtension>
        </extensions>
      </trkpt>
      <trkpt lat="39.8983092047274112701416015625" lon="116.31906322203576564788818359375">
        <ele>56</ele>
        <time>2026-09-27T00:31:35.000Z</time>
        <extensions>
          <ns3:TrackPointExtension>
            <ns3:atemp>25.0</ns3:atemp>
            <ns3:hr>128</ns3:hr>
            <ns3:cad>87</ns3:cad>
          </ns3:TrackPointExtension>
        </extensions>
      </trkpt>
      <trkpt lat="39.89830208010971546173095703125" lon="116.31903589703142642974853515625">
        <ele>56</ele>
        <time>2026-09-27T00:31:36.000Z</time>
        <extensions>
          <ns3:TrackPointExtension>
            <ns3:atemp>25.0</ns3:atemp>
            <ns3:hr>128</ns3:hr>
            <ns3:cad>86</ns3:cad>
          </ns3:TrackPointExtension>
        </extensions>
      </trkpt>
      <trkpt lat="39.8983011581003665924072265625" lon="116.31901024840772151947021484375">
        <ele>56</ele>
        <time>2026-09-27T00:31:37.000Z</time>
        <extensions>
          <ns3:TrackPointExtension>
            <ns3:atemp>25.0</ns3:atemp>
            <ns3:hr>128</ns3:hr>
            <ns3:cad>86</ns3:cad>
          </ns3:TrackPointExtension>
        </extensions>
      </trkpt>
      <trkpt lat="39.89830308593809604644775390625" lon="116.3189903832972049713134765625">
        <ele>56</ele>
        <time>2026-09-27T00:31:38.000Z</time>
        <extensions>
          <ns3:TrackPointExtension>
            <ns3:atemp>25.0</ns3:atemp>
            <ns3:hr>128</ns3:hr>
            <ns3:cad>86</ns3:cad>
          </ns3:TrackPointExtension>
        </extensions>
      </trkpt>
      <trkpt lat="39.8983056843280792236328125" lon="116.3189672492444515228271484375">
        <ele>56.200000762939453125</ele>
        <time>2026-09-27T00:31:39.000Z</time>
        <extensions>
          <ns3:TrackPointExtension>
            <ns3:atemp>25.0</ns3:atemp>
            <ns3:hr>128</ns3:hr>
            <ns3:cad>86</ns3:cad>
          </ns3:TrackPointExtension>
        </extensions>
      </trkpt>
      <trkpt lat="39.89830434322357177734375" lon="116.31894327700138092041015625">
        <ele>56.200000762939453125</ele>
        <time>2026-09-27T00:31:40.000Z</time>
        <extensions>
          <ns3:TrackPointExtension>
            <ns3:atemp>25.0</ns3:atemp>
            <ns3:hr>128</ns3:hr>
            <ns3:cad>86</ns3:cad>
          </ns3:TrackPointExtension>
        </extensions>
      </trkpt>
      <trkpt lat="39.8983108811080455780029296875" lon="116.3189022056758403778076171875">
        <ele>56.200000762939453125</ele>
        <time>2026-09-27T00:31:41.000Z</time>
        <extensions>
          <ns3:TrackPointExtension>
            <ns3:atemp>25.0</ns3:atemp>
            <ns3:hr>128</ns3:hr>
            <ns3:cad>86</ns3:cad>
          </ns3:TrackPointExtension>
        </extensions>
      </trkpt>
      <trkpt lat="39.8983137309551239013671875" lon="116.318866498768329620361328125">
        <ele>56.200000762939453125</ele>
        <time>2026-09-27T00:31:42.000Z</time>
        <extensions>
          <ns3:TrackPointExtension>
            <ns3:atemp>25.0</ns3:atemp>
            <ns3:hr>128</ns3:hr>
            <ns3:cad>86</ns3:cad>
          </ns3:TrackPointExtension>
        </extensions>
      </trkpt>
      <trkpt lat="39.89831314422190189361572265625" lon="116.31883154623210430145263671875">
        <ele>56.200000762939453125</ele>
        <time>2026-09-27T00:31:43.000Z</time>
        <extensions>
          <ns3:TrackPointExtension>
            <ns3:atemp>25.0</ns3:atemp>
            <ns3:hr>128</ns3:hr>
            <ns3:cad>86</ns3:cad>
          </ns3:TrackPointExtension>
        </extensions>
      </trkpt>
      <trkpt lat="39.8983145691454410552978515625" lon="116.318803466856479644775390625">
        <ele>56.200000762939453125</ele>
        <time>2026-09-27T00:31:44.000Z</time>
        <extensions>
          <ns3:TrackPointExtension>
            <ns3:atemp>25.0</ns3:atemp>
            <ns3:hr>128</ns3:hr>
            <ns3:cad>87</ns3:cad>
          </ns3:TrackPointExtension>
        </extensions>
      </trkpt>
      <trkpt lat="39.89831532351672649383544921875" lon="116.318774633109569549560546875">
        <ele>56.200000762939453125</ele>
        <time>2026-09-27T00:31:45.000Z</time>
        <extensions>
          <ns3:TrackPointExtension>
            <ns3:atemp>25.0</ns3:atemp>
            <ns3:hr>128</ns3:hr>
            <ns3:cad>87</ns3:cad>
          </ns3:TrackPointExtension>
        </extensions>
      </trkpt>
      <trkpt lat="39.898317418992519378662109375" lon="116.3187493197619915008544921875">
        <ele>56.200000762939453125</ele>
        <time>2026-09-27T00:31:46.000Z</time>
        <extensions>
          <ns3:TrackPointExtension>
            <ns3:atemp>25.0</ns3:atemp>
            <ns3:hr>127</ns3:hr>
            <ns3:cad>87</ns3:cad>
          </ns3:TrackPointExtension>
        </extensions>
      </trkpt>
      <trkpt lat="39.8983172513544559478759765625" lon="116.31872694008052349090576171875">
        <ele>56.200000762939453125</ele>
        <time>2026-09-27T00:31:47.000Z</time>
        <extensions>
          <ns3:TrackPointExtension>
            <ns3:atemp>25.0</ns3:atemp>
            <ns3:hr>127</ns3:hr>
            <ns3:cad>86</ns3:cad>
          </ns3:TrackPointExtension>
        </extensions>
      </trkpt>
      <trkpt lat="39.89831867627799510955810546875" lon="116.31870179437100887298583984375">
        <ele>56.200000762939453125</ele>
        <time>2026-09-27T00:31:48.000Z</time>
        <extensions>
          <ns3:TrackPointExtension>
            <ns3:atemp>25.0</ns3:atemp>
            <ns3:hr>127</ns3:hr>
            <ns3:cad>86</ns3:cad>
          </ns3:TrackPointExtension>
        </extensions>
      </trkpt>
      <trkpt lat="39.8983202688395977020263671875" lon="116.3186765648424625396728515625">
        <ele>56.200000762939453125</ele>
        <time>2026-09-27T00:31:49.000Z</time>
        <extensions>
          <ns3:TrackPointExtension>
            <ns3:atemp>25.0</ns3:atemp>
            <ns3:hr>126</ns3:hr>
            <ns3:cad>87</ns3:cad>
          </ns3:TrackPointExtension>
        </extensions>
      </trkpt>
      <trkpt lat="39.89832521416246891021728515625" lon="116.318652592599391937255859375">
        <ele>56.200000762939453125</ele>
        <time>2026-09-27T00:31:50.000Z</time>
        <extensions>
          <ns3:TrackPointExtension>
            <ns3:atemp>25.0</ns3:atemp>
            <ns3:hr>127</ns3:hr>
            <ns3:cad>87</ns3:cad>
          </ns3:TrackPointExtension>
        </extensions>
      </trkpt>
      <trkpt lat="39.89832244813442230224609375" lon="116.318628787994384765625">
        <ele>56.200000762939453125</ele>
        <time>2026-09-27T00:31:51.000Z</time>
        <extensions>
          <ns3:TrackPointExtension>
            <ns3:atemp>25.0</ns3:atemp>
            <ns3:hr>125</ns3:hr>
            <ns3:cad>87</ns3:cad>
          </ns3:TrackPointExtension>
        </extensions>
      </trkpt>
      <trkpt lat="39.89831917919218540191650390625" lon="116.3185987807810306549072265625">
        <ele>56.200000762939453125</ele>
        <time>2026-09-27T00:31:52.000Z</time>
        <extensions>
          <ns3:TrackPointExtension>
            <ns3:atemp>25.0</ns3:atemp>
            <ns3:hr>127</ns3:hr>
            <ns3:cad>87</ns3:cad>
          </ns3:TrackPointExtension>
        </extensions>
      </trkpt>
      <trkpt lat="39.8983192630112171173095703125" lon="116.3185679353773593902587890625">
        <ele>56.200000762939453125</ele>
        <time>2026-09-27T00:31:53.000Z</time>
        <extensions>
          <ns3:TrackPointExtension>
            <ns3:atemp>25.0</ns3:atemp>
            <ns3:hr>127</ns3:hr>
            <ns3:cad>87</ns3:cad>
          </ns3:TrackPointExtension>
        </extensions>
      </trkpt>
      <trkpt lat="39.89832219667732715606689453125" lon="116.3185421191155910491943359375">
        <ele>56.200000762939453125</ele>
        <time>2026-09-27T00:31:54.000Z</time>
        <extensions>
          <ns3:TrackPointExtension>
            <ns3:atemp>25.0</ns3:atemp>
            <ns3:hr>127</ns3:hr>
            <ns3:cad>87</ns3:cad>
          </ns3:TrackPointExtension>
        </extensions>
      </trkpt>
      <trkpt lat="39.898325465619564056396484375" lon="116.31851823069155216217041015625">
        <ele>56.200000762939453125</ele>
        <time>2026-09-27T00:31:55.000Z</time>
        <extensions>
          <ns3:TrackPointExtension>
            <ns3:atemp>25.0</ns3:atemp>
            <ns3:hr>127</ns3:hr>
            <ns3:cad>87</ns3:cad>
          </ns3:TrackPointExtension>
        </extensions>
      </trkpt>
      <trkpt lat="39.8983266390860080718994140625" lon="116.3184978626668453216552734375">
        <ele>56</ele>
        <time>2026-09-27T00:31:56.000Z</time>
        <extensions>
          <ns3:TrackPointExtension>
            <ns3:atemp>25.0</ns3:atemp>
            <ns3:hr>127</ns3:hr>
            <ns3:cad>87</ns3:cad>
          </ns3:TrackPointExtension>
        </extensions>
      </trkpt>
      <trkpt lat="39.8983232863247394561767578125" lon="116.31847095675766468048095703125">
        <ele>56</ele>
        <time>2026-09-27T00:31:57.000Z</time>
        <extensions>
          <ns3:TrackPointExtension>
            <ns3:atemp>25.0</ns3:atemp>
            <ns3:hr>127</ns3:hr>
            <ns3:cad>87</ns3:cad>
          </ns3:TrackPointExtension>
        </extensions>
      </trkpt>
      <trkpt lat="39.898322783410549163818359375" lon="116.3184438832104206085205078125">
        <ele>56</ele>
        <time>2026-09-27T00:31:58.000Z</time>
        <extensions>
          <ns3:TrackPointExtension>
            <ns3:atemp>25.0</ns3:atemp>
            <ns3:hr>127</ns3:hr>
            <ns3:cad>87</ns3:cad>
          </ns3:TrackPointExtension>
        </extensions>
      </trkpt>
      <trkpt lat="39.8983263038098812103271484375" lon="116.3184167258441448211669921875">
        <ele>56</ele>
        <time>2026-09-27T00:31:59.000Z</time>
        <extensions>
          <ns3:TrackPointExtension>
            <ns3:atemp>25.0</ns3:atemp>
            <ns3:hr>127</ns3:hr>
            <ns3:cad>87</ns3:cad>
          </ns3:TrackPointExtension>
        </extensions>
      </trkpt>
      <trkpt lat="39.89833183586597442626953125" lon="116.31838512606918811798095703125">
        <ele>56</ele>
        <time>2026-09-27T00:32:00.000Z</time>
        <extensions>
          <ns3:TrackPointExtension>
            <ns3:atemp>25.0</ns3:atemp>
            <ns3:hr>127</ns3:hr>
            <ns3:cad>87</ns3:cad>
          </ns3:TrackPointExtension>
        </extensions>
      </trkpt>
      <trkpt lat="39.8983343504369258880615234375" lon="116.318354196846485137939453125">
        <ele>56</ele>
        <time>2026-09-27T00:32:01.000Z</time>
        <extensions>
          <ns3:TrackPointExtension>
            <ns3:atemp>25.0</ns3:atemp>
            <ns3:hr>127</ns3:hr>
            <ns3:cad>87</ns3:cad>
          </ns3:TrackPointExtension>
        </extensions>
      </trkpt>
      <trkpt lat="39.89833611063659191131591796875" lon="116.31832645274698734283447265625">
        <ele>56</ele>
        <time>2026-09-27T00:32:02.000Z</time>
        <extensions>
          <ns3:TrackPointExtension>
            <ns3:atemp>25.0</ns3:atemp>
            <ns3:hr>127</ns3:hr>
            <ns3:cad>87</ns3:cad>
          </ns3:TrackPointExtension>
        </extensions>
      </trkpt>
      <trkpt lat="39.8983437381684780120849609375" lon="116.31830315105617046356201171875">
        <ele>56</ele>
        <time>2026-09-27T00:32:03.000Z</time>
        <extensions>
          <ns3:TrackPointExtension>
            <ns3:atemp>25.0</ns3:atemp>
            <ns3:hr>127</ns3:hr>
            <ns3:cad>86</ns3:cad>
          </ns3:TrackPointExtension>
        </extensions>
      </trkpt>
      <trkpt lat="39.89834792912006378173828125" lon="116.318285800516605377197265625">
        <ele>56</ele>
        <time>2026-09-27T00:32:04.000Z</time>
        <extensions>
          <ns3:TrackPointExtension>
            <ns3:atemp>25.0</ns3:atemp>
            <ns3:hr>127</ns3:hr>
            <ns3:cad>86</ns3:cad>
          </ns3:TrackPointExtension>
        </extensions>
      </trkpt>
      <trkpt lat="39.89835337735712528228759765625" lon="116.3182599842548370361328125">
        <ele>55.799999237060546875</ele>
        <time>2026-09-27T00:32:05.000Z</time>
        <extensions>
          <ns3:TrackPointExtension>
            <ns3:atemp>25.0</ns3:atemp>
            <ns3:hr>127</ns3:hr>
            <ns3:cad>85</ns3:cad>
          </ns3:TrackPointExtension>
        </extensions>
      </trkpt>
      <trkpt lat="39.89836360327899456024169921875" lon="116.31824581883847713470458984375">
        <ele>55.799999237060546875</ele>
        <time>2026-09-27T00:32:06.000Z</time>
        <extensions>
          <ns3:TrackPointExtension>
            <ns3:atemp>25.0</ns3:atemp>
            <ns3:hr>126</ns3:hr>
            <ns3:cad>85</ns3:cad>
          </ns3:TrackPointExtension>
        </extensions>
      </trkpt>
      <trkpt lat="39.89836695604026317596435546875" lon="116.31823056377470493316650390625">
        <ele>55.799999237060546875</ele>
        <time>2026-09-27T00:32:07.000Z</time>
        <extensions>
          <ns3:TrackPointExtension>
            <ns3:atemp>25.0</ns3:atemp>
            <ns3:hr>127</ns3:hr>
            <ns3:cad>85</ns3:cad>
          </ns3:TrackPointExtension>
        </extensions>
      </trkpt>
      <trkpt lat="39.898367710411548614501953125" lon="116.3182038255035877227783203125">
        <ele>55.799999237060546875</ele>
        <time>2026-09-27T00:32:08.000Z</time>
        <extensions>
          <ns3:TrackPointExtension>
            <ns3:atemp>25.0</ns3:atemp>
            <ns3:hr>125</ns3:hr>
            <ns3:cad>85</ns3:cad>
          </ns3:TrackPointExtension>
        </extensions>
      </trkpt>
      <trkpt lat="39.89836762659251689910888671875" lon="116.31817608140408992767333984375">
        <ele>55.799999237060546875</ele>
        <time>2026-09-27T00:32:09.000Z</time>
        <extensions>
          <ns3:TrackPointExtension>
            <ns3:atemp>25.0</ns3:atemp>
            <ns3:hr>125</ns3:hr>
            <ns3:cad>85</ns3:cad>
          </ns3:TrackPointExtension>
        </extensions>
      </trkpt>
      <trkpt lat="39.89837349392473697662353515625" lon="116.3181459903717041015625">
        <ele>55.799999237060546875</ele>
        <time>2026-09-27T00:32:10.000Z</time>
        <extensions>
          <ns3:TrackPointExtension>
            <ns3:atemp>25.0</ns3:atemp>
            <ns3:hr>127</ns3:hr>
            <ns3:cad>85</ns3:cad>
          </ns3:TrackPointExtension>
        </extensions>
      </trkpt>
      <trkpt lat="39.8983802832663059234619140625" lon="116.3181179948151111602783203125">
        <ele>55.59999847412109375</ele>
        <time>2026-09-27T00:32:11.000Z</time>
        <extensions>
          <ns3:TrackPointExtension>
            <ns3:atemp>25.0</ns3:atemp>
            <ns3:hr>127</ns3:hr>
            <ns3:cad>85</ns3:cad>
          </ns3:TrackPointExtension>
        </extensions>
      </trkpt>
      <trkpt lat="39.89838086999952793121337890625" lon="116.31809058599174022674560546875">
        <ele>55.59999847412109375</ele>
        <time>2026-09-27T00:32:12.000Z</time>
        <extensions>
          <ns3:TrackPointExtension>
            <ns3:atemp>25.0</ns3:atemp>
            <ns3:hr>127</ns3:hr>
            <ns3:cad>84</ns3:cad>
          </ns3:TrackPointExtension>
        </extensions>
      </trkpt>
    </trkseg>
  </trk>
</gpx>
